acceptance_agreement,accepted,baseline_accepted,baseline_pose,cohort,confident_pose_pair,conversion_ms,frame,height,joint_displacement_source_px_mean,joint_pair_count,max_side,mirror,native_request_ms,pointer_displacement_source_px,pose,pose_agreement,present,resize_ms,route_ms,total_ms,video,warmup,width
True,True,True,pinch,native640,True,8.920207968913019,1973,480,0.0,21,640,False,329.6883750008419,0.0,pinch,True,True,0.002584070898592472,364.82566595077515,365.38720899261534,1CM1_1_R_#217.avi,True,640
True,True,True,pinch,native640,True,0.24462502915412188,1973,360,1.841313046226923,21,480,False,9.412833023816347,0.8518662791344206,pinch,True,True,1.660624984651804,9.788291063159704,11.740166926756501,1CM1_1_R_#217.avi,True,480
True,True,True,pinch,native640,True,0.11995795648545027,1973,240,1.904259248582347,21,320,False,8.827625075355172,0.9848760683062807,pinch,True,True,0.028833048418164253,9.07216698396951,9.406541008502245,1CM1_1_R_#217.avi,True,320
True,True,True,pinch,native640,True,0.08837494533509016,1974,240,1.1757015985670463,21,320,False,8.825000026263297,0.5360836855483412,pinch,True,True,0.03287498839199543,9.052208042703569,9.400416980497539,1CM1_1_R_#217.avi,True,320
True,True,True,pinch,native640,True,0.20720798056572676,1974,360,0.591062595887986,21,480,False,8.875667001120746,0.3975169069338436,pinch,True,True,0.6440830184146762,9.22016694676131,10.180208017118275,1CM1_1_R_#217.avi,True,480
True,True,True,pinch,native640,True,0.2637499710544944,1974,480,0.0,21,640,False,9.142374969087541,0.0,pinch,True,True,0.0013330718502402306,9.52241593040526,9.840666083618999,1CM1_1_R_#217.avi,True,640
True,True,True,pinch,native640,True,0.3374170046299696,1975,480,0.0,21,640,False,8.89712490607053,0.0,pinch,True,True,0.001500011421740055,9.371249936521053,9.678417001850903,1CM1_1_R_#217.avi,True,640
True,True,True,pinch,native640,True,0.19762502051889896,1975,360,0.5281100376066769,21,480,False,8.868709090165794,0.5760793405137384,pinch,True,True,0.6038750289008021,9.19604196678847,10.102375061251223,1CM1_1_R_#217.avi,True,480
True,True,True,pinch,native640,True,0.1050001010298729,1975,240,2.381678014256263,21,320,False,8.935417048633099,2.0487116717871805,pinch,True,True,0.03483297768980265,9.15050006005913,9.450957993976772,1CM1_1_R_#217.avi,True,320
True,True,True,pinch,native640,True,0.08425000123679638,1976,240,0.7964331469157053,21,320,False,8.673541015014052,0.34417897387892155,pinch,True,True,0.06379198748618364,8.889165939763188,9.23666707240045,1CM1_1_R_#217.avi,True,320
True,True,True,pinch,native640,True,0.17991696950048208,1976,360,0.38027864782367443,21,480,False,8.511333027854562,0.18426303860948878,pinch,True,True,0.6352500058710575,8.853166946209967,9.79204208124429,1CM1_1_R_#217.avi,True,480
True,True,True,pinch,native640,True,0.4415829898789525,1976,480,0.0,21,640,False,9.288375033065677,0.0,pinch,True,True,0.03562506753951311,9.84633294865489,10.168874985538423,1CM1_1_R_#217.avi,True,640
True,True,True,pinch,native640,True,0.31754199881106615,1977,480,0.0,21,640,False,8.925291011109948,0.0,pinch,True,True,0.000875093974173069,9.379166993312538,9.674875065684319,1CM1_1_R_#217.avi,True,640
True,True,True,pinch,native640,True,0.1912080915644765,1977,360,0.5768935146065064,21,480,False,8.961500017903745,0.6236716568795531,pinch,True,True,0.60374999884516,9.30283300112933,10.209334082901478,1CM1_1_R_#217.avi,True,480
True,True,True,pinch,native640,True,0.11233403347432613,1977,240,0.8954163169396291,21,320,False,8.531416999176145,0.9349752627823473,pinch,True,True,0.026916968636214733,8.755375049076974,9.077750029973686,1CM1_1_R_#217.avi,True,320
True,True,True,pinch,native640,True,0.08008396252989769,1978,240,0.8761982319676711,21,320,False,8.550875005312264,0.7370061244727169,pinch,True,True,0.09779108222573996,8.746374980546534,9.101041010580957,1CM1_1_R_#217.avi,False,320
True,True,True,pinch,native640,True,0.17775001469999552,1978,360,0.5117980361325948,21,480,False,8.464167010970414,0.7256940354268632,pinch,True,True,0.607708003371954,8.752666995860636,9.611750021576881,1CM1_1_R_#217.avi,False,480
True,True,True,pinch,native640,True,0.4010830307379365,1978,480,0.0,21,640,False,9.076707996428013,0.0,pinch,True,True,0.001208973117172718,9.59291704930365,9.89104202017188,1CM1_1_R_#217.avi,False,640
True,True,True,pinch,native640,True,0.28845900669693947,1979,480,0.0,21,640,False,8.893083082512021,0.0,pinch,True,True,0.000959029421210289,9.298958932049572,9.568209061399102,1CM1_1_R_#217.avi,False,640
True,True,True,pinch,native640,True,0.1627500168979168,1979,360,0.81196530300012,21,480,False,8.939291932620108,0.9083343016746542,pinch,True,True,0.5833751056343317,9.272624971345067,10.247542057186365,1CM1_1_R_#217.avi,False,480
True,True,True,pinch,native640,True,0.12550002429634333,1979,240,2.566247978399685,21,320,False,8.987082983367145,2.7039926489867963,pinch,True,True,0.033125048503279686,9.228333015926182,9.538667043671012,1CM1_1_R_#217.avi,False,320
True,True,True,pinch,native640,True,0.09404204320162535,1980,240,1.769842947586134,21,320,False,8.67070909589529,2.5170381649518423,pinch,True,True,0.09579095058143139,8.878833032213151,9.233250049874187,1CM1_1_R_#217.avi,False,320
True,True,True,pinch,native640,True,0.23441703524440527,1980,360,1.126372181176198,21,480,False,8.643874898552895,1.2858178963769629,pinch,True,True,0.6055000703781843,8.975791977718472,9.821417042985559,1CM1_1_R_#217.avi,False,480
True,True,True,pinch,native640,True,0.24866603780537844,1980,480,0.0,21,640,False,9.149375022388995,0.0,pinch,True,True,0.0008749775588512421,9.50675003696233,9.776709019206464,1CM1_1_R_#217.avi,False,640
True,True,True,pinch,native640,True,0.27845893055200577,1981,480,0.0,21,640,False,9.034542017616332,0.0,pinch,True,True,0.00100000761449337,9.434500010684133,9.721958078444004,1CM1_1_R_#217.avi,False,640
True,True,True,pinch,native640,True,0.23300002794712782,1981,360,1.6446594478209486,21,480,False,8.865625015459955,1.649727184536626,pinch,True,True,0.7365839555859566,9.227250004187226,10.46675001271069,1CM1_1_R_#217.avi,False,480
True,True,True,pinch,native640,True,0.18145900685340166,1981,240,0.8497597389658984,21,320,False,8.972833049483597,0.39966461869245085,pinch,True,True,0.05450006574392319,9.264291962608695,9.601791040040553,1CM1_1_R_#217.avi,False,320
True,True,True,pinch,native640,True,0.13391696847975254,1982,240,1.659942163149391,21,320,False,8.833125000819564,1.1995507336343656,pinch,True,True,0.06429199129343033,9.083249955438077,9.424583986401558,1CM1_1_R_#217.avi,False,320
True,True,True,pinch,native640,True,0.18783309496939182,1982,360,1.519094422196487,21,480,False,8.727041073143482,0.45820158605569794,pinch,True,True,0.5940420087426901,9.024958009831607,9.907541912980378,1CM1_1_R_#217.avi,False,480
True,True,True,pinch,native640,True,0.34683302510529757,1982,480,0.0,21,640,False,8.766209008172154,0.0,pinch,True,True,0.001250067725777626,9.226290974766016,9.514707955531776,1CM1_1_R_#217.avi,False,640
True,True,True,pinch,native640,True,0.39733294397592545,1983,480,0.0,21,640,False,8.593917009420693,0.0,pinch,True,True,0.0010420335456728935,9.095208020880818,9.355499991215765,1CM1_1_R_#217.avi,False,640
True,True,True,pinch,native640,True,0.21058309357613325,1983,360,1.7163220852310146,21,480,False,8.757833042182028,1.078528804385608,pinch,True,True,0.5898750387132168,9.083292097784579,9.965542005375028,1CM1_1_R_#217.avi,False,480
True,True,True,pinch,native640,True,0.1127920113503933,1983,240,1.308574487665508,21,320,False,8.46470904070884,0.5621896225262617,pinch,True,True,0.02645899076014757,8.6817080155015,8.971874951384962,1CM1_1_R_#217.avi,False,320
True,True,True,pinch,native640,True,0.08320901542901993,1984,240,1.2366202349914754,21,320,False,8.738500066101551,1.1253163045085743,pinch,True,True,0.023292028345167637,8.941625012084842,9.205291979014874,1CM1_1_R_#217.avi,False,320
True,True,True,pinch,native640,True,0.17424998804926872,1984,360,0.7812643618801468,21,480,False,8.574416977353394,0.45107519603542034,pinch,True,True,0.5906670121476054,8.855583961121738,9.672416956163943,1CM1_1_R_#217.avi,False,480
True,True,True,pinch,native640,True,0.4149579908698797,1984,480,0.0,21,640,False,8.754540933296084,0.0,pinch,True,True,0.0009170034900307655,9.270832990296185,9.53495898284018,1CM1_1_R_#217.avi,False,640
True,True,True,pinch,native640,True,0.3223329549655318,1985,480,0.0,21,640,False,9.207458002492785,0.0,pinch,True,True,0.0008329516276717186,9.639415889978409,9.863207931630313,1CM1_1_R_#217.avi,False,640
True,True,True,pinch,native640,True,0.18275005277246237,1985,360,0.8665633466298724,21,480,False,8.66091693751514,0.2317201770074806,pinch,True,True,0.5877079674974084,8.978208061307669,9.790041949599981,1CM1_1_R_#217.avi,False,480
True,True,True,pinch,native640,True,0.10383303742855787,1985,240,0.9928544370858994,21,320,False,8.371124975383282,0.661190426388657,pinch,True,True,0.022125081159174442,8.589208009652793,8.887833100743592,1CM1_1_R_#217.avi,False,320
True,True,True,pinch,native640,True,0.11191703379154205,1986,240,0.8455770634469072,21,320,False,8.869707933627069,0.8506805531592032,pinch,True,True,0.13091706205159426,9.13312507327646,9.581708000041544,1CM1_1_R_#217.avi,False,320
True,True,True,pinch,native640,True,0.17662497702986002,1986,360,0.44865243666107474,21,480,False,9.038583026267588,0.6257846176691809,pinch,True,True,0.60374999884516,9.34666593093425,10.389957926236093,1CM1_1_R_#217.avi,False,480
True,True,True,pinch,native640,True,0.3385839518159628,1986,480,0.0,21,640,False,8.745917002670467,0.0,pinch,True,True,0.0014581019058823586,9.23008390236646,9.65441600419581,1CM1_1_R_#217.avi,False,640
True,True,True,pinch,native640,True,0.31224999111145735,1987,480,0.0,21,640,False,9.56670893356204,0.0,pinch,True,True,0.001291045919060707,9.997249930165708,10.345333022996783,1CM1_1_R_#217.avi,False,640
True,True,True,pinch,native640,True,0.18737500067800283,1987,360,0.9753517905482364,21,480,False,8.937416947446764,0.5738970649082661,pinch,True,True,0.6024589529260993,9.234125027433038,10.11679193470627,1CM1_1_R_#217.avi,False,480
True,True,True,pinch,native640,True,0.09700004011392593,1987,240,1.2023923894932866,21,320,False,8.623167057521641,0.42888657007415587,pinch,True,True,0.024250010028481483,8.834874955937266,9.126458084210753,1CM1_1_R_#217.avi,False,320
True,True,True,pinch,native640,True,0.08491706103086472,1988,240,1.0575498782598745,21,320,False,8.602666086517274,0.8811869018659302,pinch,True,True,0.02475001383572817,8.83362500462681,9.214624995365739,1CM1_1_R_#217.avi,False,320
True,True,True,pinch,native640,True,0.16316596884280443,1988,360,0.5191442838933119,21,480,False,8.692374918609858,0.6232080543793409,pinch,True,True,0.6616250611841679,8.957082987762988,9.867625078186393,1CM1_1_R_#217.avi,False,480
True,True,True,pinch,native640,True,0.34499994944781065,1988,480,0.0,21,640,False,8.890290977433324,0.0,pinch,True,True,0.02970895729959011,9.339750045910478,9.616958908736706,1CM1_1_R_#217.avi,False,640
True,True,True,pinch,native640,True,0.3459579311311245,1989,480,0.0,21,640,False,8.855667081661522,0.0,pinch,True,True,0.003625056706368923,9.3082080129534,9.532207972370088,1CM1_1_R_#217.avi,False,640
True,True,True,pinch,native640,True,0.15549990348517895,1989,360,0.5254553044513874,21,480,False,8.569917059503496,0.08644699924597136,pinch,True,True,0.5849999142810702,8.83137492928654,9.656457928940654,1CM1_1_R_#217.avi,False,480
True,True,True,pinch,native640,True,0.07737497799098492,1989,240,0.8127730005201238,21,320,False,8.490042062476277,0.11260342652253821,pinch,True,True,0.07320800796151161,8.669417002238333,8.96954198833555,1CM1_1_R_#217.avi,False,320
True,True,True,pinch,native640,True,0.08112506475299597,1990,240,0.9038364041383514,21,320,False,8.483207901008427,0.03497045566547983,pinch,True,True,0.07641699630767107,8.677042089402676,9.055875008925796,1CM1_1_R_#217.avi,False,320
True,True,True,pinch,native640,True,0.1705000177025795,1990,360,0.6239510114550085,21,480,False,8.535000029951334,0.3603287134091962,pinch,True,True,0.7403750205412507,8.873457903973758,9.98149998486042,1CM1_1_R_#217.avi,False,480
True,True,True,pinch,native640,True,0.25450007524341345,1990,480,0.0,21,640,False,8.365666959434748,0.0,pinch,True,True,0.0020830193534493446,8.732708054594696,9.201208013109863,1CM1_1_R_#217.avi,False,640
True,True,True,pinch,native640,True,0.29429199639707804,1991,480,0.0,21,640,False,8.819166920147836,0.0,pinch,True,True,0.0017909333109855652,9.24712501000613,9.513165918178856,1CM1_1_R_#217.avi,False,640
True,True,True,pinch,native640,True,0.18558301962912083,1991,360,0.5083119574442647,21,480,False,8.832083083689213,0.40871862807362463,pinch,True,True,0.5982089787721634,9.12874995265156,10.02466690260917,1CM1_1_R_#217.avi,False,480
True,True,True,pinch,native640,True,0.08083309512585402,1991,240,1.662493020688545,21,320,False,8.588625001721084,0.7461010030074361,pinch,True,True,0.0249580480158329,8.78154207020998,9.036708041094244,1CM1_1_R_#217.avi,False,320
True,True,True,pinch,native640,True,0.10108307469636202,1992,240,1.498224827025219,21,320,False,8.375708013772964,0.7070754793793493,pinch,True,True,0.09058299474418163,8.59420804772526,8.9219999499619,1CM1_1_R_#217.avi,False,320
True,True,True,pinch,native640,True,0.1893340377137065,1992,360,0.8367243057618978,21,480,False,8.756874944083393,0.6498535800928682,pinch,True,True,0.5892080953344703,9.093959000892937,9.978292044252157,1CM1_1_R_#217.avi,False,480
True,True,True,pinch,native640,True,0.29804103542119265,1992,480,0.0,21,640,False,8.76883405726403,0.0,pinch,True,True,0.001459033228456974,9.26145794801414,9.70995903480798,1CM1_1_R_#217.avi,False,640
True,True,True,pinch,native640,True,0.2756250323727727,1993,480,0.0,21,640,False,8.67516698781401,0.0,pinch,True,True,0.0009579816833138466,9.06299997586757,9.356957976706326,1CM1_1_R_#217.avi,False,640
True,True,True,pinch,native640,True,0.1490419963374734,1993,360,0.6366378786745434,21,480,False,8.278332999907434,0.4641315638526816,pinch,True,True,0.6059589795768261,8.530874969437718,9.391917032189667,1CM1_1_R_#217.avi,False,480
True,True,True,pinch,native640,True,0.08854200132191181,1993,240,1.2194653191904135,21,320,False,8.602292044088244,0.12379334466925637,pinch,True,True,0.021875021047890186,8.805125020444393,9.082208038307726,1CM1_1_R_#217.avi,False,320
True,True,True,pinch,native640,True,0.10125001426786184,1994,240,1.4095756200932406,21,320,False,8.682874962687492,0.6764212462473167,pinch,True,True,0.11929194442927837,8.887000032700598,9.240749990567565,1CM1_1_R_#217.avi,False,320
True,True,True,pinch,native640,True,0.1514999894425273,1994,360,0.6519955972630435,21,480,False,8.842666982673109,0.2734370270207691,pinch,True,True,0.5950410850346088,9.103790973313153,10.001457994803786,1CM1_1_R_#217.avi,False,480
True,True,True,pinch,native640,True,0.2574160462245345,1994,480,0.0,21,640,False,8.503374992869794,0.0,pinch,True,True,0.001250067725777626,8.877666085027158,9.164375020191073,1CM1_1_R_#217.avi,False,640
True,True,True,pinch,native640,True,0.3071250393986702,1995,480,0.0,21,640,False,8.945917012169957,0.0,pinch,True,True,0.0018329592421650887,9.375334018841386,9.665290941484272,1CM1_1_R_#217.avi,False,640
True,True,True,pinch,native640,True,0.17716700676828623,1995,360,1.9208060914876928,21,480,False,8.786917082034051,0.8108307351106513,pinch,True,True,0.5987089825794101,9.07366699539125,9.936208953149617,1CM1_1_R_#217.avi,False,480
True,True,True,pinch,native640,True,0.08425000123679638,1995,240,1.818375022535837,21,320,False,8.438540971837938,0.4219388539042018,pinch,True,True,0.021583051420748234,8.634833968244493,8.915957994759083,1CM1_1_R_#217.avi,False,320
True,True,True,pinch,native640,True,0.08649996016174555,1996,240,0.9810416040105588,21,320,False,8.683499996550381,1.1576752764749236,pinch,True,True,0.16350008081644773,8.887792006134987,9.294708026573062,1CM1_1_R_#217.avi,False,320
True,True,True,pinch,native640,True,0.1593329943716526,1996,360,0.8115948231670798,21,480,False,8.726708008907735,0.7666071824475987,pinch,True,True,0.5877499934285879,8.989458088763058,9.806249989196658,1CM1_1_R_#217.avi,False,480
True,True,True,pinch,native640,True,0.30616705771535635,1996,480,0.0,21,640,False,8.59733298420906,0.0,pinch,True,True,0.0012079253792762756,9.013750008307397,9.263249929063022,1CM1_1_R_#217.avi,False,640
True,True,True,pinch,native640,True,0.23941590916365385,1997,480,0.0,21,640,False,8.64854094106704,0.0,pinch,True,True,0.0010419171303510666,9.04574990272522,9.407709003426135,1CM1_1_R_#217.avi,False,640
True,True,True,pinch,native640,True,0.2292500576004386,1997,360,0.43753894888421163,21,480,False,8.727542008273304,0.8945695758704492,pinch,True,True,0.7090830476954579,9.080999996513128,10.092957993037999,1CM1_1_R_#217.avi,False,480
True,True,True,pinch,native640,True,0.09545893408358097,1997,240,1.206740183689944,21,320,False,8.503208053298295,1.3657309799589366,pinch,True,True,0.02662499900907278,8.704541949555278,8.983958046883345,1CM1_1_R_#217.avi,False,320
True,True,True,pinch,native640,True,0.08141703438013792,1998,240,0.9201557939868136,21,320,False,8.584166993387043,0.7962337711982285,pinch,True,True,0.05345896352082491,8.781000040471554,9.118792018853128,1CM1_1_R_#217.avi,False,320
True,True,True,pinch,native640,True,0.1877499744296074,1998,360,0.7529175148388674,21,480,False,9.332540910691023,0.8639038913346381,pinch,True,True,0.6081670289859176,9.630540967918932,10.476917028427124,1CM1_1_R_#217.avi,False,480
True,True,True,pinch,native640,True,0.30949991196393967,1998,480,0.0,21,640,False,8.781124954111874,0.0,pinch,True,True,0.00100000761449337,9.212416945956647,9.468332980759442,1CM1_1_R_#217.avi,False,640
True,True,True,pinch,native640,True,0.3730839816853404,1999,480,0.0,21,640,False,9.207707946188748,0.0,pinch,True,True,0.0009170034900307655,9.705167030915618,10.033749975264072,1CM1_1_R_#217.avi,False,640
True,True,True,pinch,native640,True,0.3637089394032955,1999,360,0.9465925192587835,21,480,False,9.722833056002855,0.5513568684448512,pinch,True,True,0.6606250535696745,10.202875011600554,11.159250047057867,1CM1_1_R_#217.avi,False,480
True,True,True,pinch,native640,True,0.08804199751466513,1999,240,1.603642696508234,21,320,False,8.595624938607216,0.7558633831803342,pinch,True,True,0.023292028345167637,8.793874992989004,9.12658404558897,1CM1_1_R_#217.avi,False,320
True,True,True,pinch,native640,True,0.0943340128287673,2000,240,1.8056489524681538,21,320,False,8.688458940014243,0.7632567723920977,pinch,True,True,0.09712495375424623,8.886708994396031,9.212624980136752,1CM1_1_R_#217.avi,False,320
True,True,True,pinch,native640,True,0.1586669823154807,2000,360,1.024484769831019,21,480,False,8.73995793517679,0.2390280007308662,pinch,True,True,0.6067499052733183,9.002957958728075,9.845124906860292,1CM1_1_R_#217.avi,False,480
True,True,True,pinch,native640,True,0.4360839957371354,2000,480,0.0,21,640,False,9.713375009596348,0.0,pinch,True,True,0.000959029421210289,10.256583918817341,10.613834019750357,1CM1_1_R_#217.avi,False,640
True,True,True,pinch,native640,True,0.3272920148447156,2001,480,0.0,21,640,False,8.848791010677814,0.0,pinch,True,True,0.0012919772416353226,9.290041984058917,9.55270801205188,1CM1_1_R_#217.avi,False,640
True,True,True,pinch,native640,True,0.20445894915610552,2001,360,1.046161630350222,21,480,False,8.971333038061857,1.1917019629148542,pinch,True,True,0.5911659682169557,9.283958934247494,10.117540950886905,1CM1_1_R_#217.avi,False,480
True,True,True,pinch,native640,True,0.08629204239696264,2001,240,1.9421573656156967,21,320,False,9.195500053465366,2.43339152051012,pinch,True,True,0.020042061805725098,9.61895810905844,10.542707983404398,1CM1_1_R_#217.avi,False,320
True,True,True,pinch,native640,True,0.42387505527585745,2002,240,1.8185939481722448,21,320,False,8.62466695252806,0.6673365747917812,pinch,True,True,0.31825003679841757,9.15966706816107,9.753458085469902,1CM1_1_R_#217.avi,False,320
True,True,True,pinch,native640,True,0.19825005438178778,2002,360,2.145346838425533,21,480,False,9.384165983647108,0.6475709902164438,pinch,True,True,0.6003750022500753,9.976166998967528,11.615833966061473,1CM1_1_R_#217.avi,False,480
True,True,True,pinch,native640,True,0.744916032999754,2002,480,0.0,21,640,False,8.829333004541695,0.0,pinch,True,True,0.025875051505863667,9.68787504825741,9.99275001231581,1CM1_1_R_#217.avi,False,640
True,True,True,pinch,native640,True,0.4045839887112379,2003,480,0.0,21,640,False,10.51441696472466,0.0,pinch,True,True,0.0009170034900307655,11.031958973035216,11.324500082992017,1CM1_1_R_#217.avi,False,640
True,True,True,pinch,native640,True,0.18533295951783657,2003,360,5.331226095753239,21,480,False,9.515292011201382,2.642609180822612,pinch,True,True,0.6694589974358678,10.083457920700312,11.648959014564753,1CM1_1_R_#217.avi,False,480
True,True,True,pinch,native640,True,0.24145899806171656,2003,240,5.238354809689052,21,320,False,9.817040991038084,3.2765647204209576,pinch,True,True,0.09637500625103712,10.460458928719163,11.473250109702349,1CM1_1_R_#217.avi,False,320
True,True,True,point,native640,False,0.2780830254778266,2004,240,1.5702557001817543,21,320,False,9.054500027559698,1.4570641027313103,uncertain,False,True,0.17916702199727297,9.452749975025654,9.915624978020787,1CM1_1_R_#217.avi,False,320
True,True,True,point,native640,True,0.16179203521460295,2004,360,0.8954876427316107,21,480,False,9.607083979062736,0.5954676145255517,point,True,True,0.5967500619590282,9.871499962173402,10.718417004682124,1CM1_1_R_#217.avi,False,480
True,True,True,point,native640,True,0.30462490394711494,2004,480,0.0,21,640,False,8.97774996701628,0.0,point,True,True,0.001084059476852417,9.64891689363867,10.027125012129545,1CM1_1_R_#217.avi,False,640
True,True,True,palm,native640,True,0.4587910370901227,2005,480,0.0,21,640,False,10.014832951128483,0.0,palm,True,True,0.00100000761449337,10.593708022497594,10.878458037041128,1CM1_1_R_#217.avi,False,640
True,True,True,palm,native640,True,0.24862494319677353,2005,360,1.4394518283336872,21,480,False,8.757625008001924,0.7311366995567584,palm,True,True,0.5861249519512057,9.115166962146759,9.944416931830347,1CM1_1_R_#217.avi,False,480
True,True,True,palm,native640,True,0.08970801718533039,2005,240,2.659775193611542,21,320,False,11.229999945499003,1.6103801101710276,palm,True,True,0.023250002413988113,11.73300005029887,12.007834040559828,1CM1_1_R_#217.avi,False,320
True,True,True,palm,native640,True,0.07162499241530895,2006,240,0.8694092137148327,21,320,False,9.116583038121462,1.0354206647475575,palm,True,True,0.09595800656825304,9.59425000473857,10.565791046246886,1CM1_1_R_#217.avi,False,320
True,True,True,palm,native640,True,0.16962492372840643,2006,360,0.45066401964330266,21,480,False,8.788957959041,0.2378778299182082,palm,True,True,0.9118749294430017,9.29399998858571,11.03033300023526,1CM1_1_R_#217.avi,False,480
True,True,True,palm,native640,True,0.6351670017465949,2006,480,0.0,21,640,False,9.214041056111455,0.0,palm,True,True,0.0032079406082630157,9.968582889996469,10.268749902024865,1CM1_1_R_#217.avi,False,640
True,True,True,palm,native640,True,0.5249999230727553,2007,480,0.0,21,640,False,10.72191703133285,0.0,palm,True,True,0.00100000761449337,12.025499949231744,13.688916922546923,1CM1_1_R_#217.avi,False,640
True,True,True,palm,native640,True,0.35200000274926424,2007,360,0.4066624617487727,21,480,False,9.599708020687103,0.5778013032290084,palm,True,True,1.7405840335413814,10.265666991472244,12.707874993793666,1CM1_1_R_#217.avi,False,480
True,True,True,palm,native640,True,0.1844159560278058,2007,240,0.6868342041892856,21,320,False,9.130374994128942,1.0106168732148906,palm,True,True,0.054625095799565315,9.480125037953258,9.822542080655694,1CM1_1_R_#217.avi,False,320
True,True,True,palm,native640,True,0.07883296348154545,2008,240,0.9561654479666557,21,320,False,9.044458041898906,1.4127441585931362,palm,True,True,0.09474996477365494,9.254166972823441,9.67812491580844,1CM1_1_R_#217.avi,False,320
True,True,True,palm,native640,True,0.2097500255331397,2008,360,0.9399227444576583,21,480,False,9.42358304746449,0.9130357152213262,palm,True,True,0.5899580428376794,10.006957920268178,11.588374967686832,1CM1_1_R_#217.avi,False,480
True,True,True,palm,native640,True,0.6942079635336995,2008,480,0.0,21,640,False,9.561749990098178,0.0,palm,True,True,0.0037909485399723053,10.398957994766533,10.765915969386697,1CM1_1_R_#217.avi,False,640
True,True,True,palm,native640,True,0.6065409397706389,2009,480,0.0,21,640,False,9.571541915647686,0.0,palm,True,True,0.001166015863418579,10.280624963343143,10.584624949842691,1CM1_1_R_#217.avi,False,640
True,True,True,palm,native640,True,0.17820904031395912,2009,360,0.19843730649769134,21,480,False,9.175832965411246,0.17801767828263346,palm,True,True,0.6020829314365983,9.701750008389354,11.142915929667652,1CM1_1_R_#217.avi,False,480
True,True,True,palm,native640,True,0.29800005722790956,2009,240,0.9695688960251794,21,320,False,9.405125048942864,0.9515129426079192,palm,True,True,0.14183297753334045,9.835209115408361,10.30600001104176,1CM1_1_R_#217.avi,False,320
True,True,True,palm,native640,True,0.10354199912399054,2010,240,1.5431051527407558,21,320,False,8.819084032438695,1.2725146799821214,palm,True,True,0.12974999845027924,9.04187501873821,9.421624941751361,1CM1_1_R_#217.avi,False,320
True,True,True,palm,native640,True,0.1931660808622837,2010,360,1.5007607448805236,21,480,False,8.964332984760404,1.2842144395972326,palm,True,True,0.6177910836413503,9.491208009421825,10.968000045977533,1CM1_1_R_#217.avi,False,480
True,True,True,palm,native640,True,0.8174589602276683,2010,480,0.0,21,640,False,9.419500012882054,0.0,palm,True,True,0.0032909447327256203,10.358833940699697,10.715499985963106,1CM1_1_R_#217.avi,False,640
True,True,True,palm,native640,True,0.2610840601846576,2011,480,0.0,21,640,False,9.464583010412753,0.0,palm,True,True,0.0009579816833138466,9.869667002931237,10.212874971330166,1CM1_1_R_#217.avi,False,640
True,True,True,palm,native640,True,0.1896660542115569,2011,360,0.7228209118584578,21,480,False,9.175042039714754,1.146997726853015,palm,True,True,0.6059580482542515,9.476958075538278,10.325832990929484,1CM1_1_R_#217.avi,False,480
True,True,True,palm,native640,True,0.08304102811962366,2011,240,0.9490191344259487,21,320,False,8.611540892161429,0.7062208128901557,palm,True,True,0.022041029296815395,8.803665987215936,9.07737493980676,1CM1_1_R_#217.avi,False,320
True,True,True,palm,native640,True,0.1194169744849205,2012,240,0.9948948390014752,21,320,False,9.996666922233999,1.1470653176584589,palm,True,True,0.1070419093593955,10.222541983239353,10.563041898421943,1CM1_1_R_#217.avi,False,320
True,True,True,palm,native640,True,0.1740000443533063,2012,360,0.5509224488419717,21,480,False,8.590416982769966,0.3821336788230249,palm,True,True,0.5921670235693455,8.882416994310915,9.811499970965087,1CM1_1_R_#217.avi,False,480
True,True,True,palm,native640,True,0.39237504824995995,2012,480,0.0,21,640,False,10.612334008328617,0.0,palm,True,True,0.0012080417945981026,11.140207992866635,11.473624967038631,1CM1_1_R_#217.avi,False,640
True,True,True,pinch,upscale1920,True,3.450874937698245,1973,1440,0.0,21,1920,False,10.982915991917253,0.0,pinch,True,True,0.004083034582436085,14.580999966710806,15.213374979794025,1CM1_1_R_#217.avi,True,1920
True,True,True,pinch,upscale1920,True,1.6592079773545265,1973,960,1.938367371441439,21,1280,False,9.901040932163596,0.8662776868993796,pinch,True,True,2.6887080166488886,11.758332955650985,15.086499974131584,1CM1_1_R_#217.avi,True,1280
True,True,True,pinch,upscale1920,True,0.8927499875426292,1973,720,0.5870767048545916,21,960,False,9.619374992325902,0.26215585131793945,pinch,True,True,0.43350004125386477,10.646500042639673,11.601791949942708,1CM1_1_R_#217.avi,True,960
True,True,True,pinch,upscale1920,True,0.28770905919373035,1973,480,0.6712474288651887,21,640,False,9.650374995544553,0.43368854802757995,pinch,True,True,0.7483329391106963,10.077834012918174,11.196541949175298,1CM1_1_R_#217.avi,True,640
True,True,True,pinch,upscale1920,True,0.2918749814853072,1974,480,0.5622898534390257,21,640,False,9.108999976888299,0.5865845798366865,pinch,True,True,0.625167042016983,9.543500025756657,10.520625044591725,1CM1_1_R_#217.avi,True,640
True,True,True,pinch,upscale1920,True,0.5701249465346336,1974,720,0.2917800548474514,21,960,False,9.898249991238117,0.35572276089143984,pinch,True,True,0.2982080914080143,10.649916948750615,11.513750068843365,1CM1_1_R_#217.avi,True,960
True,True,True,pinch,upscale1920,True,1.6301249852403998,1974,960,0.21592112370185457,21,1280,False,9.344207937829196,0.16813936399146645,pinch,True,True,2.212541992776096,11.09454093966633,13.75820895191282,1CM1_1_R_#217.avi,True,1280
True,True,True,pinch,upscale1920,True,1.77966698538512,1974,1440,0.0,21,1920,False,10.317582986317575,0.0,pinch,True,True,0.06733299233019352,12.203624937683344,12.820290983654559,1CM1_1_R_#217.avi,True,1920
True,True,True,pinch,upscale1920,True,1.5525419730693102,1975,1440,0.0,21,1920,False,10.440874961204827,0.0,pinch,True,True,0.08116592653095722,12.112041935324669,12.635707971639931,1CM1_1_R_#217.avi,True,1920
True,True,True,pinch,upscale1920,True,1.7907500732690096,1975,960,0.16748711793641494,21,1280,False,9.34504100587219,0.15784142463601306,pinch,True,True,2.273791003972292,11.260917061008513,14.121124986559153,1CM1_1_R_#217.avi,True,1280
True,True,True,pinch,upscale1920,True,0.8322090143337846,1975,720,0.26453774445095785,21,960,False,9.62566607631743,0.13219788655414716,pinch,True,True,0.289292074739933,10.581541922874749,11.180583969689906,1CM1_1_R_#217.avi,True,960
True,True,True,pinch,upscale1920,True,0.2883749548345804,1975,480,0.2694565284873918,21,640,False,9.168250020593405,0.34813305798189775,pinch,True,True,0.951124937273562,9.579124976880848,10.906000039540231,1CM1_1_R_#217.avi,True,640
True,True,True,pinch,upscale1920,True,0.32608292531222105,1976,480,0.4637015203372696,21,640,False,9.028124972246587,0.42532184004867035,pinch,True,True,0.8743749931454659,9.467332973144948,10.622291942127049,1CM1_1_R_#217.avi,True,640
True,True,True,pinch,upscale1920,True,0.6129170069471002,1976,720,0.22231638914138308,21,960,False,8.846124983392656,0.289390178808993,pinch,True,True,0.2250830875709653,9.565375046804547,10.113083058968186,1CM1_1_R_#217.avi,True,960
True,True,True,pinch,upscale1920,True,1.3443749630823731,1976,960,0.2265121654037388,21,1280,False,9.37237509060651,0.16742955416957414,pinch,True,True,2.0732919219881296,10.832124971784651,13.525333954021335,1CM1_1_R_#217.avi,True,1280
True,True,True,pinch,upscale1920,True,1.9203750416636467,1976,1440,0.0,21,1920,False,10.590541991405189,0.0,pinch,True,True,0.06741704419255257,12.629666947759688,13.232375029474497,1CM1_1_R_#217.avi,True,1920
True,True,True,pinch,upscale1920,True,1.6172919422388077,1977,1440,0.0,21,1920,False,10.374499950557947,0.0,pinch,True,True,0.1016249880194664,12.105582980439067,12.743292027153075,1CM1_1_R_#217.avi,True,1920
True,True,True,pinch,upscale1920,True,1.1703330092132092,1977,960,0.17440410898773578,21,1280,False,9.295083000324667,0.14797579595260474,pinch,True,True,2.1589170210063457,10.61983301769942,13.260334031656384,1CM1_1_R_#217.avi,True,1280
True,True,True,pinch,upscale1920,True,0.779583933763206,1977,720,0.19610478123482397,21,960,False,8.867917000316083,0.14291538408323073,pinch,True,True,0.44783297926187515,9.756291983649135,10.726250009611249,1CM1_1_R_#217.avi,True,960
True,True,True,pinch,upscale1920,True,0.31716597732156515,1977,480,1.6021104790458505,21,640,False,9.278458077460527,1.5448344504701998,pinch,True,True,0.8750000270083547,9.70375002361834,10.966332978568971,1CM1_1_R_#217.avi,True,640
True,True,True,pinch,upscale1920,True,0.29808306135237217,1978,480,0.3109722832898626,21,640,False,8.744582999497652,0.31663081368536994,pinch,True,True,0.7942499360069633,9.161000023595989,10.240540956147015,1CM1_1_R_#217.avi,False,640
True,True,True,pinch,upscale1920,True,0.7634579669684172,1978,720,0.17870255249117906,21,960,False,9.005415951833129,0.07431073416304629,pinch,True,True,0.3161249915137887,9.885999956168234,10.630582924932241,1CM1_1_R_#217.avi,False,960
True,True,True,pinch,upscale1920,True,1.0548749705776572,1978,960,0.1671882725173618,21,1280,False,9.273042087443173,0.11538983957891225,pinch,True,True,2.0342080388218164,10.445125051774085,12.877749977633357,1CM1_1_R_#217.avi,False,1280
True,True,True,pinch,upscale1920,True,1.7568339826539159,1978,1440,0.0,21,1920,False,10.811209096573293,0.0,pinch,True,True,0.12445799075067043,12.690666946582496,13.346749939955771,1CM1_1_R_#217.avi,False,1920
True,True,True,pinch,upscale1920,True,1.768499962054193,1979,1440,0.0,21,1920,False,11.53166696894914,0.0,pinch,True,True,0.08999998681247234,13.447374920360744,14.113291981630027,1CM1_1_R_#217.avi,False,1920
True,True,True,pinch,upscale1920,True,1.5245829708874226,1979,960,0.1806718245824983,21,1280,False,9.40633297432214,0.11294652042477608,pinch,True,True,1.9344580359756947,11.052582995034754,13.443958014249802,1CM1_1_R_#217.avi,False,1280
True,True,True,pinch,upscale1920,True,0.735500012524426,1979,720,0.5255723074495846,21,960,False,9.395458968356252,0.8976066015872227,pinch,True,True,0.46633300371468067,10.252250009216368,11.191666009835899,1CM1_1_R_#217.avi,False,960
True,True,True,pinch,upscale1920,True,0.29858399648219347,1979,480,1.0216432153145292,21,640,False,9.301041951403022,0.36298577955830863,pinch,True,True,0.9324169950559735,9.714124957099557,10.980207938700914,1CM1_1_R_#217.avi,False,640
True,True,True,pinch,upscale1920,True,0.24933298118412495,1980,480,1.3467006335214617,21,640,False,8.98362509906292,1.1379111810669669,pinch,True,True,0.6223749369382858,9.35062498319894,10.238082963041961,1CM1_1_R_#217.avi,False,640
True,True,True,pinch,upscale1920,True,0.7040419150143862,1980,720,1.1597955578140433,21,960,False,9.110792074352503,0.5818140703598313,pinch,True,True,0.33133302349597216,9.940541931428015,10.56925009470433,1CM1_1_R_#217.avi,False,960
True,True,True,pinch,upscale1920,True,1.2072909157723188,1980,960,1.2345734399324977,21,1280,False,9.623041027225554,0.9640533988581997,pinch,True,True,2.0196670666337013,10.952082928270102,13.495542109012604,1CM1_1_R_#217.avi,False,1280
True,True,True,pinch,upscale1920,True,1.798833953216672,1980,1440,0.0,21,1920,False,10.556249995715916,0.0,pinch,True,True,0.0856249826028943,12.487084022723138,13.149791047908366,1CM1_1_R_#217.avi,False,1920
True,True,True,pinch,upscale1920,True,1.8107079667970538,1981,1440,0.0,21,1920,False,10.480124969035387,0.0,pinch,True,True,0.13458298053592443,12.416457990184426,13.046458014287055,1CM1_1_R_#217.avi,False,1920
True,True,True,pinch,upscale1920,True,1.1556249810382724,1981,960,0.19366098160322115,21,1280,False,9.692874969914556,0.10006361811858851,pinch,True,True,1.9454170251265168,10.976916993968189,13.417834066785872,1CM1_1_R_#217.avi,False,1280
True,True,True,pinch,upscale1920,True,0.7384578930214047,1981,720,0.17636126396624463,21,960,False,8.73999996110797,0.1842995432541132,pinch,True,True,0.34087500534951687,9.617582894861698,10.503708967007697,1CM1_1_R_#217.avi,False,960
True,True,True,pinch,upscale1920,True,0.2751669380813837,1981,480,0.4600023727269417,21,640,False,8.893250022083521,0.3544427565530303,pinch,True,True,0.6948750233277678,9.276832919567823,10.339916101656854,1CM1_1_R_#217.avi,False,640
True,True,True,pinch,upscale1920,True,0.3322500269860029,1982,480,1.313311249768616,21,640,False,8.826250093989074,0.6661140206849241,pinch,True,True,0.8105419110506773,9.283666964620352,10.37924992851913,1CM1_1_R_#217.avi,False,640
True,True,True,pinch,upscale1920,True,0.7233329815790057,1982,720,1.3484719975454698,21,960,False,9.034042013809085,0.6611808264166216,pinch,True,True,0.2044580178335309,9.894417016766965,10.463666054420173,1CM1_1_R_#217.avi,False,960
True,True,True,pinch,upscale1920,True,1.2903749011456966,1982,960,0.2160854024727066,21,1280,False,9.973375010304153,0.19968094530956762,pinch,True,True,2.1285840775817633,11.389832943677902,14.039084082469344,1CM1_1_R_#217.avi,False,1280
True,True,True,pinch,upscale1920,True,1.6297079855576158,1982,1440,0.0,21,1920,False,10.554124950431287,0.0,pinch,True,True,0.05691708065569401,12.29704194702208,12.847542064264417,1CM1_1_R_#217.avi,False,1920
True,True,True,pinch,upscale1920,True,1.515874988399446,1983,1440,0.0,21,1920,False,10.83316607400775,0.0,pinch,True,True,0.08458399679511786,12.504791026003659,13.265499961562455,1CM1_1_R_#217.avi,False,1920
True,True,True,pinch,upscale1920,True,1.105375005863607,1983,960,1.5192625275227083,21,1280,False,9.881582926027477,0.5200883955898393,pinch,True,True,1.9109169952571392,11.129791964776814,13.596249977126718,1CM1_1_R_#217.avi,False,1280
True,True,True,pinch,upscale1920,True,0.714082969352603,1983,720,0.7092308698327207,21,960,False,9.59458400029689,0.3529900108428769,pinch,True,True,0.3656659973785281,10.464707971550524,11.341915931552649,1CM1_1_R_#217.avi,False,960
True,True,True,pinch,upscale1920,True,0.3625000827014446,1983,480,1.3313441003903148,21,640,False,9.052040986716747,0.19429114162744718,pinch,True,True,0.9064170299097896,9.546875022351742,10.811042040586472,1CM1_1_R_#217.avi,False,640
True,True,True,pinch,upscale1920,True,0.28370798099786043,1984,480,0.3701885014969392,21,640,False,9.216542006470263,0.3416277230588937,pinch,True,True,0.7865419611334801,9.611457935534418,10.672457981854677,1CM1_1_R_#217.avi,False,640
True,True,True,pinch,upscale1920,True,0.6322920089587569,1984,720,0.2639832960265368,21,960,False,9.187916060909629,0.14038938290437886,pinch,True,True,0.2725831000134349,10.000791982747614,10.625333059579134,1CM1_1_R_#217.avi,False,960
True,True,True,pinch,upscale1920,True,1.0597920045256615,1984,960,0.13835773734116547,21,1280,False,9.30841697845608,0.13382036302396208,pinch,True,True,2.12974997702986,10.49549994058907,13.103625038638711,1CM1_1_R_#217.avi,False,1280
True,True,True,pinch,upscale1920,True,1.6312500229105353,1984,1440,0.0,21,1920,False,10.159042081795633,0.0,pinch,True,True,0.06245903205126524,11.921625002287328,12.532958993688226,1CM1_1_R_#217.avi,False,1920
True,True,True,pinch,upscale1920,True,1.7673330148681998,1985,1440,0.0,21,1920,False,11.033957940526307,0.0,pinch,True,True,0.11024996638298035,12.931042001582682,13.60408402979374,1CM1_1_R_#217.avi,False,1920
True,True,True,pinch,upscale1920,True,1.6415419522672892,1985,960,0.17970768953771263,21,1280,False,9.074875037185848,0.0932718756397617,pinch,True,True,2.023041946813464,10.832292027771473,13.309166999533772,1CM1_1_R_#217.avi,False,1280
True,True,True,pinch,upscale1920,True,0.634124968200922,1985,720,0.1994086636498479,21,960,False,8.732083020731807,0.16833310842877844,pinch,True,True,0.3588330000638962,9.477708023041487,10.178500087931752,1CM1_1_R_#217.avi,False,960
True,True,True,pinch,upscale1920,True,0.25745807215571404,1985,480,0.5270309698196213,21,640,False,8.856332977302372,0.19908668665041077,pinch,True,True,0.94279192853719,9.226958034560084,10.46374998986721,1CM1_1_R_#217.avi,False,640
True,True,True,pinch,upscale1920,True,0.2929579932242632,1986,480,0.38434008158108085,21,640,False,9.117083041928709,0.26665871330553803,pinch,True,True,0.6114169955253601,9.521416970528662,10.450041969306767,1CM1_1_R_#217.avi,False,640
True,True,True,pinch,upscale1920,True,0.7149999728426337,1986,720,1.2387769928547383,21,960,False,9.342333069071174,0.8195360961232214,pinch,True,True,0.3467920469120145,10.180957964621484,10.802250006236136,1CM1_1_R_#217.avi,False,960
True,True,True,pinch,upscale1920,True,1.1465419083833694,1986,960,0.1849376899096326,21,1280,False,9.620415978133678,0.20254754732258684,pinch,True,True,1.9346659537404776,10.882542002946138,13.42737500090152,1CM1_1_R_#217.avi,False,1280
True,True,True,pinch,upscale1920,True,1.6890419647097588,1986,1440,0.0,21,1920,False,10.371875017881393,0.0,pinch,True,True,0.001249951310455799,12.177124968729913,12.657750048674643,1CM1_1_R_#217.avi,False,1920
True,True,True,pinch,upscale1920,True,1.8262090161442757,1987,1440,0.0,21,1920,False,10.829499922692776,0.0,pinch,True,True,0.26754196733236313,12.774541974067688,13.506749994121492,1CM1_1_R_#217.avi,False,1920
True,True,True,pinch,upscale1920,True,1.107583986595273,1987,960,0.19038762918304558,21,1280,False,9.612124995328486,0.07759419155913407,pinch,True,True,1.971541903913021,10.82679198589176,13.319958001375198,1CM1_1_R_#217.avi,False,1280
True,True,True,pinch,upscale1920,True,0.7144170813262463,1987,720,1.4027155797473987,21,960,False,9.510125033557415,0.6974653635210946,pinch,True,True,0.36529207136482,10.334874968975782,11.073250090703368,1CM1_1_R_#217.avi,False,960
True,True,True,pinch,upscale1920,True,0.34204102121293545,1987,480,1.270230534240684,21,640,False,9.012833004817367,0.3834527695359302,pinch,True,True,0.9726249845698476,9.46733308956027,10.708082932978868,1CM1_1_R_#217.avi,False,640
True,True,True,pinch,upscale1920,True,0.2920409897342324,1988,480,0.4681908222522577,21,640,False,8.928374969400465,0.4649582931856515,pinch,True,True,0.6165839731693268,9.368208004161716,10.41687501128763,1CM1_1_R_#217.avi,False,640
True,True,True,pinch,upscale1920,True,0.7008330430835485,1988,720,0.27722152389996035,21,960,False,8.765541948378086,0.42580310337624205,pinch,True,True,0.3042080206796527,9.574458003044128,10.173124959692359,1CM1_1_R_#217.avi,False,960
True,True,True,pinch,upscale1920,True,1.1356249451637268,1988,960,0.17983355237170312,21,1280,False,9.4939999980852,0.12791759027059457,pinch,True,True,1.967207994312048,10.789582971483469,13.198624947108328,1CM1_1_R_#217.avi,False,1280
True,True,True,pinch,upscale1920,True,1.6494999872520566,1988,1440,0.0,21,1920,False,10.590958059765399,0.0,pinch,True,True,0.08341600187122822,12.357166968286037,13.00691592041403,1CM1_1_R_#217.avi,False,1920
True,True,True,pinch,upscale1920,True,1.7180839786306024,1989,1440,0.0,21,1920,False,11.603416060097516,0.0,pinch,True,True,0.11233298573642969,13.429124956019223,14.100249973125756,1CM1_1_R_#217.avi,False,1920
True,True,True,pinch,upscale1920,True,1.167750102467835,1989,960,0.22373172591892262,21,1280,False,9.488333016633987,0.21360389099916574,pinch,True,True,1.980292028747499,10.790083091706038,13.25437508057803,1CM1_1_R_#217.avi,False,1280
True,True,True,pinch,upscale1920,True,0.7192499469965696,1989,720,0.2868690357889201,21,960,False,9.134499938227236,0.11190945666499244,pinch,True,True,0.3792910138145089,9.962875046767294,10.764208040200174,1CM1_1_R_#217.avi,False,960
True,True,True,pinch,upscale1920,True,0.37100003100931644,1989,480,0.3468540992197524,21,640,False,8.884917013347149,0.08405637600292888,pinch,True,True,1.0280420538038015,9.3655000673607,10.649667005054653,1CM1_1_R_#217.avi,False,640
True,True,True,pinch,upscale1920,True,0.2646249486133456,1990,480,0.5300160076961267,21,640,False,8.848250028677285,0.09415811163839224,pinch,True,True,0.8192079840227962,9.276374941691756,10.464249993674457,1CM1_1_R_#217.avi,False,640
True,True,True,pinch,upscale1920,True,0.6853750674054027,1990,720,0.5713633008417366,21,960,False,9.28187498357147,0.4378113082277825,pinch,True,True,0.30045805033296347,10.079917032271624,10.734208044596016,1CM1_1_R_#217.avi,False,960
True,True,True,pinch,upscale1920,True,1.1065419530496001,1990,960,0.18984575050352626,21,1280,False,9.521208936348557,0.019340573918330384,pinch,True,True,2.360084094107151,10.775208938866854,13.648292049765587,1CM1_1_R_#217.avi,False,1280
True,True,True,pinch,upscale1920,True,1.7803750233724713,1990,1440,0.0,21,1920,False,10.179250035434961,0.0,pinch,True,True,0.022500054910779,12.08412495907396,12.620834051631391,1CM1_1_R_#217.avi,False,1920
True,True,True,pinch,upscale1920,True,1.7260420136153698,1991,1440,0.0,21,1920,False,10.855083935894072,0.0,pinch,True,True,0.12295797932893038,12.72716699168086,13.42195796314627,1CM1_1_R_#217.avi,False,1920
True,True,True,pinch,upscale1920,True,0.9928750805556774,1991,960,0.636491928339235,21,1280,False,9.23941598739475,0.0811825029591686,pinch,True,True,1.9709999905899167,10.351625038310885,12.765374965965748,1CM1_1_R_#217.avi,False,1280
True,True,True,pinch,upscale1920,True,0.9276660857722163,1991,720,0.28198389887765324,21,960,False,9.418874979019165,0.2802615381509818,pinch,True,True,0.3302920376881957,10.479708085767925,11.283083935268223,1CM1_1_R_#217.avi,False,960
True,True,True,pinch,upscale1920,True,0.37224998231977224,1991,480,0.510799227867353,21,640,False,9.01608297135681,0.3230912212434902,pinch,True,True,0.7432079873979092,9.5058330334723,10.633541038259864,1CM1_1_R_#217.avi,False,640
True,True,True,pinch,upscale1920,True,0.2942910650745034,1992,480,0.4485981290312918,21,640,False,8.7255829712376,0.18534071490701498,pinch,True,True,0.6727500585839152,9.140125010162592,10.267833014950156,1CM1_1_R_#217.avi,False,640
True,True,True,pinch,upscale1920,True,0.6232920568436384,1992,720,0.40315909557441454,21,960,False,9.100832976400852,0.367340901770177,pinch,True,True,0.23687502834945917,9.852958028204739,10.574499960057437,1CM1_1_R_#217.avi,False,960
True,True,True,pinch,upscale1920,True,0.9867080952972174,1992,960,0.2833017452126292,21,1280,False,9.686083998531103,0.17406891261199614,pinch,True,True,2.0082920091226697,10.79029100947082,13.22441699448973,1CM1_1_R_#217.avi,False,1280
True,True,True,pinch,upscale1920,True,1.81275000795722,1992,1440,0.0,21,1920,False,10.295500047504902,0.0,pinch,True,True,0.05825003609061241,12.265833094716072,12.877417029812932,1CM1_1_R_#217.avi,False,1920
True,True,True,pinch,upscale1920,True,1.574208028614521,1993,1440,0.0,21,1920,False,10.848250007256866,0.0,pinch,True,True,0.09612494613975286,12.543749995529652,13.172541977837682,1CM1_1_R_#217.avi,False,1920
True,True,True,pinch,upscale1920,True,1.1682079639285803,1993,960,0.5093258143937638,21,1280,False,9.915374917909503,0.5120735378889569,pinch,True,True,1.7415829934179783,11.1906249076128,13.385207974351943,1CM1_1_R_#217.avi,False,1280
True,True,True,pinch,upscale1920,True,0.7352499524131417,1993,720,0.5038670705493831,21,960,False,9.651750093325973,0.6239786049532031,pinch,True,True,0.3107500961050391,10.502957971766591,11.13366603385657,1CM1_1_R_#217.avi,False,960
True,True,True,pinch,upscale1920,True,0.330875045619905,1993,480,0.4735288449903505,21,640,False,9.32204199489206,0.5292063869882252,pinch,True,True,0.6187909748405218,9.771457989700139,10.742290993221104,1CM1_1_R_#217.avi,False,640
True,True,True,pinch,upscale1920,True,0.3768749302253127,1994,480,0.4249425716638045,21,640,False,9.126125019975007,0.27210380591783384,pinch,True,True,1.0406250366941094,9.616916999220848,11.038791039027274,1CM1_1_R_#217.avi,False,640
True,True,True,pinch,upscale1920,True,0.6957079749554396,1994,720,0.3254963376128731,21,960,False,9.174957987852395,0.2793568586017569,pinch,True,True,0.3302090335637331,9.982874966226518,10.660750092938542,1CM1_1_R_#217.avi,False,960
True,True,True,pinch,upscale1920,True,1.163334003649652,1994,960,0.1922094857419262,21,1280,False,8.356334059499204,0.14948367152268324,pinch,True,True,1.9349579233676195,9.64787497650832,12.029125005938113,1CM1_1_R_#217.avi,False,1280
True,True,True,pinch,upscale1920,True,1.733875018544495,1994,1440,0.0,21,1920,False,9.056540904566646,0.0,pinch,True,True,0.15000009443610907,10.909458971582353,11.5737080341205,1CM1_1_R_#217.avi,False,1920
True,True,True,pinch,upscale1920,True,1.6861669719219208,1995,1440,0.0,21,1920,False,9.599374956451356,0.0,pinch,True,True,0.09174994193017483,11.40187494456768,12.041458976455033,1CM1_1_R_#217.avi,False,1920
True,True,True,pinch,upscale1920,True,1.0868749814108014,1995,960,1.9049082337658099,21,1280,False,8.108334033749998,1.1135715045919818,pinch,True,True,2.0166250178590417,9.346292004920542,11.88604102935642,1CM1_1_R_#217.avi,False,1280
True,True,True,pinch,upscale1920,True,0.6994579453021288,1995,720,1.9517736064438789,21,960,False,7.798624923452735,1.1424866621589849,pinch,True,True,0.30387495644390583,8.605542010627687,9.230541996657848,1CM1_1_R_#217.avi,False,960
True,True,True,pinch,upscale1920,True,0.2620829036459327,1995,480,1.9706859015748368,21,640,False,7.478042040020227,1.2621279501548404,pinch,True,True,0.707541941665113,7.867832900956273,8.914834004826844,1CM1_1_R_#217.avi,False,640
True,True,True,pinch,upscale1920,True,0.36541710142046213,1996,480,2.008576260716754,21,640,False,7.563292048871517,1.660975156340735,pinch,True,True,0.9527080692350864,8.048000046983361,9.28491703234613,1CM1_1_R_#217.avi,False,640
True,True,True,pinch,upscale1920,True,0.6881669396534562,1996,720,1.4406543823005133,21,960,False,7.977374945767224,1.0166896486230406,pinch,True,True,0.33295899629592896,8.78220796585083,9.54616698436439,1CM1_1_R_#217.avi,False,960
True,True,True,pinch,upscale1920,True,1.1032909387722611,1996,960,0.20101447894834729,21,1280,False,8.225749945268035,0.0656890869140625,pinch,True,True,2.3487500147894025,9.43954091053456,12.360917055048048,1CM1_1_R_#217.avi,False,1280
True,True,True,pinch,upscale1920,True,1.728000002913177,1996,1440,0.0,21,1920,False,8.953499956987798,0.0,pinch,True,True,0.02454104833304882,10.793291963636875,11.313832947053015,1CM1_1_R_#217.avi,False,1920
True,True,True,pinch,upscale1920,True,1.7531659686937928,1997,1440,0.0,21,1920,False,9.233625023625791,0.0,pinch,True,True,0.11445803102105856,11.12320797983557,11.809666990302503,1CM1_1_R_#217.avi,False,1920
True,True,True,pinch,upscale1920,True,1.1160830035805702,1997,960,1.6196965656255249,21,1280,False,8.295749896205962,0.5711421824859755,pinch,True,True,1.904958044178784,9.541166946291924,11.947500053793192,1CM1_1_R_#217.avi,False,1280
True,True,True,pinch,upscale1920,True,0.6900000153109431,1997,720,1.6214945069015008,21,960,False,7.922457996755838,0.591869472262581,pinch,True,True,0.4834589781239629,8.744250051677227,9.680750081315637,1CM1_1_R_#217.avi,False,960
True,True,True,pinch,upscale1920,True,0.27120800223201513,1997,480,1.4265479604786553,21,640,False,7.360125076957047,0.5746007001597105,pinch,True,True,0.9586659725755453,7.746374933049083,9.12404095288366,1CM1_1_R_#217.avi,False,640
True,True,True,pinch,upscale1920,True,0.38641702849417925,1998,480,0.5795112994657373,21,640,False,7.726249983534217,0.3047319440627269,pinch,True,True,0.8258749730885029,8.239416987635195,9.390417020767927,1CM1_1_R_#217.avi,False,640
True,True,True,pinch,upscale1920,True,0.6538750603795052,1998,720,0.3086867834221729,21,960,False,7.7032920671626925,0.22223662895458787,pinch,True,True,0.31191599555313587,8.485291968099773,9.206750080920756,1CM1_1_R_#217.avi,False,960
True,True,True,pinch,upscale1920,True,1.2391660129651427,1998,960,0.2638931101749102,21,1280,False,9.033875074237585,0.1981771212242886,pinch,True,True,2.106417086906731,10.405916022136807,13.074834016151726,1CM1_1_R_#217.avi,False,1280
True,True,True,pinch,upscale1920,True,1.5814159996807575,1998,1440,0.0,21,1920,False,9.176374995149672,0.0,pinch,True,True,0.11787505354732275,10.915916063822806,11.614124989137053,1CM1_1_R_#217.avi,False,1920
True,True,True,pinch,upscale1920,True,1.654125051572919,1999,1440,0.0,21,1920,False,8.84649995714426,0.0,pinch,True,True,0.10437495075166225,10.614541941322386,11.17108401376754,1CM1_1_R_#217.avi,False,1920
True,True,True,pinch,upscale1920,True,1.0940419742837548,1999,960,0.33705841057950536,21,1280,False,8.660708088427782,0.38096418499387386,pinch,True,True,1.9840829772874713,9.866958949714899,12.413540971465409,1CM1_1_R_#217.avi,False,1280
True,True,True,pinch,upscale1920,True,0.6656250916421413,1999,720,0.40899898257869954,21,960,False,7.611874956637621,0.4036481151673337,pinch,True,True,0.3779999678954482,8.385209017433226,9.109374950639904,1CM1_1_R_#217.avi,False,960
True,True,True,pinch,upscale1920,True,0.3632080042734742,1999,480,1.2567920551956826,21,640,False,7.674167049117386,0.4723338440724701,pinch,True,True,0.7600419921800494,8.144374936819077,9.171750047244132,1CM1_1_R_#217.avi,False,640
True,True,True,pinch,upscale1920,True,0.28270797338336706,2000,480,0.5475583535723381,21,640,False,7.772083976306021,0.24764403188311435,pinch,True,True,0.7944171084091067,8.160249912180007,9.223584085702896,1CM1_1_R_#217.avi,False,640
True,True,True,pinch,upscale1920,True,0.686541898176074,2000,720,0.3472567379952607,21,960,False,7.744583999738097,0.3374996439476465,pinch,True,True,0.3031250089406967,8.546291966922581,9.14304202888161,1CM1_1_R_#217.avi,False,960
True,True,True,pinch,upscale1920,True,1.0735000250861049,2000,960,0.24881846239851088,21,1280,False,8.049916010349989,0.1887427727482499,pinch,True,True,1.9661250989884138,9.24400007352233,11.767084011808038,1CM1_1_R_#217.avi,False,1280
True,True,True,pinch,upscale1920,True,1.5809580218046904,2000,1440,0.0,21,1920,False,9.062625002115965,0.0,pinch,True,True,0.07366691716015339,10.74904203414917,11.390917003154755,1CM1_1_R_#217.avi,False,1920
True,True,True,pinch,upscale1920,True,1.5430001076310873,2001,1440,0.0,21,1920,False,9.258707985281944,0.0,pinch,True,True,0.11066603474318981,10.922916000708938,11.562166037037969,1CM1_1_R_#217.avi,False,1920
True,True,True,pinch,upscale1920,True,1.2062500463798642,2001,960,1.9793024821234257,21,1280,False,8.243291056714952,0.653261358975431,pinch,True,True,1.95012497715652,9.56954201683402,12.016249937005341,1CM1_1_R_#217.avi,False,1280
True,True,True,pinch,upscale1920,True,0.6881249137222767,2001,720,1.480784745463421,21,960,False,8.321792003698647,1.1988142222239342,pinch,True,True,0.39549998473376036,9.125499986112118,9.880500030703843,1CM1_1_R_#217.avi,False,960
True,True,True,pinch,upscale1920,True,0.28962502256035805,2001,480,1.5085822306417487,21,640,False,7.596416980959475,0.9982192235126245,pinch,True,True,1.0297499829903245,8.008416974917054,9.330582921393216,1CM1_1_R_#217.avi,False,640
True,True,True,pinch,upscale1920,True,0.2833750331774354,2002,480,2.2914139389602832,21,640,False,8.256666944362223,0.541018168802448,pinch,True,True,0.7682089926674962,8.66837496869266,9.823166998103261,1CM1_1_R_#217.avi,False,640
True,True,True,pinch,upscale1920,True,0.7476670434698462,2002,720,0.7264228582499167,21,960,False,7.934875087812543,1.0065961804090378,pinch,True,True,0.3506250213831663,8.813166990876198,9.545458015054464,1CM1_1_R_#217.avi,False,960
True,True,True,pinch,upscale1920,True,1.0375420097261667,2002,960,0.25524581248127665,21,1280,False,8.671874995343387,0.12885377120028407,pinch,True,True,2.3325829533860087,9.824250009842217,12.70570803899318,1CM1_1_R_#217.avi,False,1280
True,True,True,pinch,upscale1920,True,1.6807079082354903,2002,1440,0.0,21,1920,False,9.35741700232029,0.0,pinch,True,True,0.046083005145192146,11.16866699885577,11.826332891359925,1CM1_1_R_#217.avi,False,1920
True,True,True,pinch,upscale1920,True,1.8208749825134873,2003,1440,0.0,21,1920,False,9.496375103481114,0.0,pinch,True,True,0.12179207988083363,11.444667004980147,12.125000008381903,1CM1_1_R_#217.avi,False,1920
True,True,True,pinch,upscale1920,True,1.0273749940097332,2003,960,1.2188342980525182,21,1280,False,8.136666961945593,0.7092418468453703,pinch,True,True,2.1206660894677043,9.296166943386197,11.917875031940639,1CM1_1_R_#217.avi,False,1280
True,True,True,pinch,upscale1920,True,0.6418329430744052,2003,720,2.2324677591582835,21,960,False,7.90291593875736,2.572900593047792,pinch,True,True,0.40208303835242987,8.672041003592312,9.379583061672747,1CM1_1_R_#217.avi,False,960
True,True,True,pinch,upscale1920,True,0.28091599233448505,2003,480,2.4887309272432683,21,640,False,7.858416996896267,0.42185821977306437,pinch,True,True,0.8209170773625374,8.244124939665198,9.438542067073286,1CM1_1_R_#217.avi,False,640
True,True,True,point,upscale1920,True,0.2978749107569456,2004,480,1.7515162514918494,21,640,False,7.543334038928151,0.43921020411493783,point,True,True,0.605457928031683,7.948625017888844,8.818708010949194,1CM1_1_R_#217.avi,False,640
True,True,True,point,upscale1920,True,0.6220419891178608,2004,720,1.2915730011229514,21,960,False,7.772417040541768,0.3877485739429943,point,True,True,0.18245808314532042,8.512041997164488,9.032041067257524,1CM1_1_R_#217.avi,False,960
True,True,True,point,upscale1920,True,1.1280420003458858,2004,960,2.3028134839257213,21,1280,False,8.058540988713503,0.8989881146364811,point,True,True,2.1538749570026994,9.33195895049721,11.996791930869222,1CM1_1_R_#217.avi,False,1280
True,True,True,point,upscale1920,True,1.68674997985363,2004,1440,0.0,21,1920,False,9.442750015296042,0.0,point,True,True,0.05612499080598354,11.24620798509568,11.775624938309193,1CM1_1_R_#217.avi,False,1920
True,True,True,palm,upscale1920,True,1.555750030092895,2005,1440,0.0,21,1920,False,9.141416056081653,0.0,palm,True,True,0.2007919829338789,10.846249992027879,11.609375011175871,1CM1_1_R_#217.avi,False,1920
True,True,True,palm,upscale1920,True,1.0727921035140753,2005,960,0.6480342372632438,21,1280,False,8.323624962940812,0.19883143723999364,palm,True,True,1.7842090455815196,9.533625096082687,11.870709015056491,1CM1_1_R_#217.avi,False,1280
True,True,True,palm,upscale1920,True,0.8069579489529133,2005,720,0.704341829799057,21,960,False,8.023250033147633,0.2297439654053248,palm,True,True,0.3928329097107053,8.981000049971044,9.859707904979587,1CM1_1_R_#217.avi,False,960
True,True,True,palm,upscale1920,True,0.3207920817658305,2005,480,0.6691348628784534,21,640,False,8.315750048495829,0.5040718698228667,palm,True,True,0.8324170485138893,8.78545909654349,10.023707989603281,1CM1_1_R_#217.avi,False,640
True,True,True,palm,upscale1920,True,0.3279170487076044,2006,480,0.3976027891689565,21,640,False,7.901541073806584,0.22807460074965952,palm,True,True,0.6402080180123448,8.380334009416401,9.359832969494164,1CM1_1_R_#217.avi,False,640
True,True,True,palm,upscale1920,True,0.6669169524684548,2006,720,0.49966935646108124,21,960,False,7.830250076949596,0.4159858935675232,palm,True,True,0.2952920040115714,8.634625002741814,9.347917046397924,1CM1_1_R_#217.avi,False,960
True,True,True,palm,upscale1920,True,1.144082983955741,2006,960,0.13762212409944508,21,1280,False,8.209040970541537,0.2215476935308031,palm,True,True,2.080208039842546,9.475707891397178,12.089750031009316,1CM1_1_R_#217.avi,False,1280
True,True,True,palm,upscale1920,True,1.694750040769577,2006,1440,0.0,21,1920,False,8.827334037050605,0.0,palm,True,True,0.09920797310769558,10.634083999320865,11.200000066310167,1CM1_1_R_#217.avi,False,1920
True,True,True,palm,upscale1920,True,1.600624993443489,2007,1440,0.0,21,1920,False,9.243667009286582,0.0,palm,True,True,0.24766696151345968,10.975665994919837,11.809124960564077,1CM1_1_R_#217.avi,False,1920
True,True,True,palm,upscale1920,True,1.270958106033504,2007,960,0.12174005105664885,21,1280,False,8.25341697782278,0.1982375173348217,palm,True,True,2.070290967822075,9.658458060584962,12.236082926392555,1CM1_1_R_#217.avi,False,1280
True,True,True,palm,upscale1920,True,0.7289999630302191,2007,720,1.371937763239023,21,960,False,8.19683400914073,0.7811838325498355,palm,True,True,0.49054098781198263,9.056124952621758,9.992500068619847,1CM1_1_R_#217.avi,False,960
True,True,True,palm,upscale1920,True,0.3282079705968499,2007,480,0.3237745321577112,21,640,False,7.862541940994561,0.24122256751749704,palm,True,True,0.9218750055879354,8.288083015941083,9.458624990656972,1CM1_1_R_#217.avi,False,640
True,True,True,palm,upscale1920,True,0.4162079421803355,2008,480,0.23375731363045263,21,640,False,7.7394170220941305,0.28298757346343695,palm,True,True,0.6024999311193824,8.278749999590218,9.3686250038445,1CM1_1_R_#217.avi,False,640
True,True,True,palm,upscale1920,True,0.7459169719368219,2008,720,0.42873501903396,21,960,False,7.581791956909001,0.43907630992617036,palm,True,True,0.4164170240983367,8.440208970569074,9.311125031672418,1CM1_1_R_#217.avi,False,960
True,True,True,palm,upscale1920,True,0.9665410034358501,2008,960,0.14048188574433884,21,1280,False,8.091374998912215,0.14907574730630158,palm,True,True,2.2390830563381314,9.194541024044156,11.84154103975743,1CM1_1_R_#217.avi,False,1280
True,True,True,palm,upscale1920,True,1.5797920059412718,2008,1440,0.0,21,1920,False,8.90316697768867,0.0,palm,True,True,0.05012494511902332,10.603125090710819,11.128457961604,1CM1_1_R_#217.avi,False,1920
True,True,True,palm,upscale1920,True,1.625542063266039,2009,1440,0.0,21,1920,False,8.835666929371655,0.0,palm,True,True,0.10529195424169302,10.584334027953446,11.194332968443632,1CM1_1_R_#217.avi,False,1920
True,True,True,palm,upscale1920,True,1.17929105181247,2009,960,0.10879074972858624,21,1280,False,7.68812489695847,0.05159256417185697,palm,True,True,1.4148339396342635,8.984875050373375,10.86524990387261,1CM1_1_R_#217.avi,False,1280
True,True,True,palm,upscale1920,True,0.7135409396141768,2009,720,0.11865535039615088,21,960,False,7.549874950200319,0.09023860098001836,palm,True,True,0.47720898874104023,8.378207916393876,9.293709066696465,1CM1_1_R_#217.avi,False,960
True,True,True,palm,upscale1920,True,0.3707089927047491,2009,480,0.12963812869588143,21,640,False,7.317457930184901,0.11203268574340612,palm,True,True,0.9086669888347387,7.800333900377154,8.9535420993343,1CM1_1_R_#217.avi,False,640
True,True,True,palm,upscale1920,True,0.29141700360924006,2010,480,0.17355837319137088,21,640,False,7.651124964468181,0.09922925306434639,palm,True,True,0.6385419983416796,8.050707983784378,8.929500007070601,1CM1_1_R_#217.avi,False,640
True,True,True,palm,upscale1920,True,0.6314590573310852,2010,720,0.2857962604445219,21,960,False,7.486582966521382,0.42157378164935677,palm,True,True,0.37058291491121054,8.226250065490603,8.963749976828694,1CM1_1_R_#217.avi,False,960
True,True,True,palm,upscale1920,True,1.1861249804496765,2010,960,0.2148726111582158,21,1280,False,7.76504201348871,0.17982439723921909,palm,True,True,2.012167009525001,9.070875006727874,11.517000035382807,1CM1_1_R_#217.avi,False,1280
True,True,True,palm,upscale1920,True,1.7361249774694443,2010,1440,0.0,21,1920,False,9.222166030667722,0.0,palm,True,True,0.057707889936864376,11.073000030592084,11.633707908913493,1CM1_1_R_#217.avi,False,1920
True,True,True,palm,upscale1920,True,1.7068330198526382,2011,1440,0.0,21,1920,False,8.978332974947989,0.0,palm,True,True,0.10895798914134502,10.808040970005095,11.412208084948361,1CM1_1_R_#217.avi,False,1920
True,True,True,palm,upscale1920,True,1.1152499355375767,2011,960,0.2793490622937798,21,1280,False,8.342082961462438,0.16861454285740463,palm,True,True,2.4872920475900173,9.576833923347294,12.485750019550323,1CM1_1_R_#217.avi,False,1280
True,True,True,palm,upscale1920,True,0.7089589489623904,2011,720,0.835578739080131,21,960,False,7.692874991334975,1.1749943298196854,palm,True,True,0.5389590514823794,8.51008400786668,9.56700008828193,1CM1_1_R_#217.avi,False,960
True,True,True,palm,upscale1920,True,0.27483399026095867,2011,480,0.3420145418495067,21,640,False,7.429459015838802,0.3835859436984667,palm,True,True,0.7435840088874102,7.847459055483341,8.907541981898248,1CM1_1_R_#217.avi,False,640
True,True,True,palm,upscale1920,True,0.2798340283334255,2012,480,0.29170463711989675,21,640,False,7.73191696498543,0.3585859949008049,palm,True,True,0.8195829577744007,8.161709061823785,9.31045797187835,1CM1_1_R_#217.avi,False,640
True,True,True,palm,upscale1920,True,0.6313329795375466,2012,720,0.1105737006652002,21,960,False,7.4570419965311885,0.08844907292995931,palm,True,True,0.32420805655419827,8.195540984161198,8.877999964170158,1CM1_1_R_#217.avi,False,960
True,True,True,palm,upscale1920,True,1.1297500459477305,2012,960,0.14150595322485077,21,1280,False,8.05025000590831,0.11389254565415592,palm,True,True,2.1246669348329306,9.291375055909157,12.039874913170934,1CM1_1_R_#217.avi,False,1280
True,True,True,palm,upscale1920,True,1.6371250385418534,2012,1440,0.0,21,1920,False,8.769082953222096,0.0,palm,True,True,0.07104093674570322,10.516958078369498,11.076790979132056,1CM1_1_R_#217.avi,False,1920
True,True,True,pinch,native640,True,0.3901669988408685,1973,480,0.0,21,640,True,7.629667059518397,0.0,pinch,True,True,0.14804094098508358,8.13120894599706,8.5580829763785,1CM1_1_R_#217.avi,True,640
True,True,True,pinch,native640,True,0.21179195027798414,1973,360,0.6476206679641299,21,480,True,7.2500420501455665,0.27372306750978087,pinch,True,True,0.5987079348415136,7.573666982352734,8.515749941579998,1CM1_1_R_#217.avi,True,480
True,True,True,pinch,native640,True,0.11104193981736898,1973,240,1.2915392351283275,21,320,True,7.677583955228329,1.4080564194356742,pinch,True,True,0.1844159560278058,7.899083895608783,8.345125010237098,1CM1_1_R_#217.avi,True,320
True,True,True,pinch,native640,True,0.08850009180605412,1974,240,0.500196389120071,21,320,True,7.230875082314014,0.5416703893233358,pinch,True,True,0.018625054508447647,7.4321250431239605,7.7122499933466315,1CM1_1_R_#217.avi,True,320
True,True,True,pinch,native640,True,0.18508301582187414,1974,360,1.3419964419973076,21,480,True,7.526792003773153,0.8566540482196046,pinch,True,True,0.5959999980404973,7.814415963366628,8.639083942398429,1CM1_1_R_#217.avi,True,480
True,True,True,pinch,native640,True,0.32133294735103846,1974,480,0.0,21,640,True,7.236707955598831,0.0,pinch,True,True,0.0010419171303510666,7.6604579808190465,7.896750001236796,1CM1_1_R_#217.avi,True,640
True,True,True,pinch,native640,True,0.3618750488385558,1975,480,0.0,21,640,True,7.730874931439757,0.0,pinch,True,True,0.18979201558977365,8.202500059269369,8.641374995931983,1CM1_1_R_#217.avi,True,640
True,True,True,pinch,native640,True,0.16616599168628454,1975,360,0.4679774534613718,21,480,True,7.079959032125771,0.5292227969686774,pinch,True,True,0.5956660024821758,7.349416031502187,8.174499962478876,1CM1_1_R_#217.avi,True,480
True,True,True,pinch,native640,True,0.11633394751697779,1975,240,0.6842117617387873,21,320,True,6.905667018145323,0.2579318917284785,pinch,True,True,0.24049996864050627,7.122625014744699,7.591624977067113,1CM1_1_R_#217.avi,True,320
True,True,True,pinch,native640,True,0.07812504190951586,1976,240,0.6847995092146942,21,320,True,7.911624968983233,1.0598885349763483,pinch,True,True,0.01858395989984274,8.0975410528481,8.375333971343935,1CM1_1_R_#217.avi,True,320
True,True,True,pinch,native640,True,0.19070797134190798,1976,360,0.465634533331189,21,480,True,7.272709044627845,0.5320001578454536,pinch,True,True,0.6084170890972018,7.582249934785068,8.441250072792172,1CM1_1_R_#217.avi,True,480
True,True,True,pinch,native640,True,0.3981249174103141,1976,480,0.0,21,640,True,7.474125013686717,0.0,pinch,True,True,0.00100000761449337,7.993332925252616,8.264417061582208,1CM1_1_R_#217.avi,True,640
True,True,True,pinch,native640,True,0.2627910580486059,1977,480,0.0,21,640,True,7.616084069013596,0.0,pinch,True,True,0.001250067725777626,7.991166086867452,8.245417033322155,1CM1_1_R_#217.avi,True,640
True,True,True,pinch,native640,True,0.15812506899237633,1977,360,1.1148649939763196,21,480,True,7.556166034191847,0.9677952859042975,pinch,True,True,0.5958330584689975,7.819666992872953,8.64637503400445,1CM1_1_R_#217.avi,True,480
True,True,True,pinch,native640,True,0.07991597522050142,1977,240,1.1651075479267328,21,320,True,7.378708920441568,1.2038409893887319,pinch,True,True,0.03341690171509981,7.565208012238145,7.8250839142128825,1CM1_1_R_#217.avi,True,320
True,True,True,pinch,native640,True,0.08337502367794514,1978,240,0.8065669572169188,21,320,True,7.422083988785744,0.9067220398037652,pinch,True,True,0.0189170241355896,7.614459027536213,7.877291995100677,1CM1_1_R_#217.avi,False,320
True,True,True,pinch,native640,True,0.1609170576557517,1978,360,0.6749699564203718,21,480,True,7.357750087976456,0.5475005296051288,pinch,True,True,0.5950420163571835,7.624541991390288,8.447750005871058,1CM1_1_R_#217.avi,False,480
True,True,True,pinch,native640,True,0.33004197757691145,1978,480,0.0,21,640,True,7.501541986130178,0.0,pinch,True,True,0.0009170034900307655,7.934749941341579,8.17045895382762,1CM1_1_R_#217.avi,False,640
True,True,True,pinch,native640,True,0.313374912366271,1979,480,0.0,21,640,True,7.4410829693078995,0.0,pinch,True,True,0.03674998879432678,7.873624912463129,8.17099993582815,1CM1_1_R_#217.avi,False,640
True,True,True,pinch,native640,True,0.18591689877212048,1979,360,1.3257080030212582,21,480,True,7.312415982596576,0.9303730346962475,pinch,True,True,0.6305839633569121,7.6064999448135495,8.49024998024106,1CM1_1_R_#217.avi,False,480
True,True,True,pinch,native640,True,0.08774991147220135,1979,240,0.9347601264956003,21,320,True,7.235332974232733,0.8147904493291547,pinch,True,True,0.022666994482278824,7.423999952152371,7.679917034693062,1CM1_1_R_#217.avi,False,320
True,True,True,pinch,native640,True,0.10695797391235828,1980,240,1.3093922776338844,21,320,True,7.200916996225715,1.7196227071934642,pinch,True,True,0.05037500523030758,7.409833022393286,7.698582950979471,1CM1_1_R_#217.avi,False,320
True,True,True,pinch,native640,True,0.1849159598350525,1980,360,0.6244598902606473,21,480,True,7.271250011399388,0.25187533588974387,pinch,True,True,0.6044170586392283,7.55433295853436,8.401041966862977,1CM1_1_R_#217.avi,False,480
True,True,True,pinch,native640,True,0.257291947491467,1980,480,0.0,21,640,True,7.154499995522201,0.0,pinch,True,True,0.03395893145352602,7.511875010095537,8.01791693083942,1CM1_1_R_#217.avi,False,640
True,True,True,pinch,native640,True,0.33549999352544546,1981,480,0.0,21,640,True,7.7186248963698745,0.0,pinch,True,True,0.019582919776439667,8.178082993254066,8.473749971017241,1CM1_1_R_#217.avi,False,640
True,True,True,pinch,native640,True,0.16708404291421175,1981,360,1.1359345888992103,21,480,True,7.627165992744267,0.590795871704081,pinch,True,True,0.6185000529512763,7.920834003016353,8.963167085312307,1CM1_1_R_#217.avi,False,480
True,True,True,pinch,native640,True,0.1414580037817359,1981,240,1.0938286891574722,21,320,True,8.654083940200508,1.1919012709525931,pinch,True,True,0.04858302418142557,8.913625031709671,9.262082981877029,1CM1_1_R_#217.avi,False,320
True,True,True,pinch,native640,True,0.13237493112683296,1982,240,1.7287020305540435,21,320,True,9.059917065314949,1.0293525298201625,pinch,True,True,0.039041973650455475,9.299332974478602,9.577666991390288,1CM1_1_R_#217.avi,False,320
True,True,True,pinch,native640,True,0.2001250395551324,1982,360,0.7463150262441776,21,480,True,9.182416019029915,0.952599629648808,pinch,True,True,0.5913339555263519,9.485625079832971,10.311709018424153,1CM1_1_R_#217.avi,False,480
True,True,True,pinch,native640,True,0.3004590980708599,1982,480,0.0,21,640,True,8.955582976341248,0.0,pinch,True,True,0.0009589130058884621,9.363042074255645,9.901791927404702,1CM1_1_R_#217.avi,False,640
True,True,True,pinch,native640,True,0.2710000844672322,1983,480,0.0,21,640,True,8.781208074651659,0.0,pinch,True,True,0.09845802560448647,9.245125111192465,9.77549992967397,1CM1_1_R_#217.avi,False,640
True,True,True,pinch,native640,True,0.28429203666746616,1983,360,0.8030694782723647,21,480,True,8.658249978907406,0.5853146406513956,pinch,True,True,1.1578749399632215,9.049667045474052,10.474542039446533,1CM1_1_R_#217.avi,False,480
True,True,True,pinch,native640,True,0.09175005834549665,1983,240,1.3711728156101743,21,320,True,8.804749930277467,1.1750620312041111,pinch,True,True,0.02154102548956871,8.992374991066754,9.211290976963937,1CM1_1_R_#217.avi,False,320
True,True,True,pinch,native640,True,0.1521669328212738,1984,240,1.4563714189275614,21,320,True,9.086624952033162,1.3243642817817645,pinch,True,True,0.051292008720338345,9.352667024359107,9.68325010035187,1CM1_1_R_#217.avi,False,320
True,True,True,pinch,native640,True,0.18162489868700504,1984,360,0.8656021916194244,21,480,True,8.633958059363067,0.995945227125068,pinch,True,True,0.5908330203965306,8.922458975575864,9.816708043217659,1CM1_1_R_#217.avi,False,480
True,True,True,pinch,native640,True,0.282999943010509,1984,480,0.0,21,640,True,8.905624970793724,0.0,pinch,True,True,0.0009170034900307655,9.285040898248553,9.49387508444488,1CM1_1_R_#217.avi,False,640
True,True,True,pinch,native640,True,0.26883394457399845,1985,480,0.0,21,640,True,8.519832976162434,0.0,pinch,True,True,0.00100000761449337,8.906999952159822,9.177541942335665,1CM1_1_R_#217.avi,False,640
True,True,True,pinch,native640,True,0.20308292005211115,1985,360,0.7142946550121023,21,480,True,8.645375026389956,0.6519202147075441,pinch,True,True,0.600542058236897,8.965790970250964,9.872416965663433,1CM1_1_R_#217.avi,False,480
True,True,True,pinch,native640,True,0.1117499778047204,1985,240,1.4920901418154502,21,320,True,8.548832964152098,1.4537089717370557,pinch,True,True,0.03416696563363075,8.757750038057566,8.999499958008528,1CM1_1_R_#217.avi,False,320
True,True,True,pinch,native640,True,0.10670803021639585,1986,240,1.225473535680425,21,320,True,8.436459000222385,1.059237603900528,pinch,True,True,0.03470794763416052,8.643665933050215,9.045667015016079,1CM1_1_R_#217.avi,False,320
True,True,True,pinch,native640,True,0.19287492614239454,1986,360,0.6069340378905457,21,480,True,8.740291930735111,0.8906659704886213,pinch,True,True,0.6006250623613596,9.030708926729858,9.958208072930574,1CM1_1_R_#217.avi,False,480
True,True,True,pinch,native640,True,0.28725003357976675,1986,480,0.0,21,640,True,8.815707988105714,0.0,pinch,True,True,0.0009170034900307655,9.438209002837539,10.182583006098866,1CM1_1_R_#217.avi,False,640
True,True,True,pinch,native640,True,0.28008304070681334,1987,480,0.0,21,640,True,9.260457940399647,0.0,pinch,True,True,0.050875009037554264,9.6536660566926,9.982750052586198,1CM1_1_R_#217.avi,False,640
True,True,True,pinch,native640,True,0.21112500689923763,1987,360,0.8592817241043909,21,480,True,8.650707895867527,0.8378277837889349,pinch,True,True,0.6041669985279441,8.962915977463126,9.787417016923428,1CM1_1_R_#217.avi,False,480
True,True,True,pinch,native640,True,0.07349997758865356,1987,240,0.8108811836802154,21,320,True,9.600499994121492,0.9373736321586981,pinch,True,True,0.019458006136119366,9.775249985978007,10.036332998424768,1CM1_1_R_#217.avi,False,320
True,True,True,pinch,native640,True,0.08616701234132051,1988,240,0.937646283788107,21,320,True,8.762957993894815,1.4677620860144835,pinch,True,True,0.026833033189177513,9.227082948200405,10.337250074371696,1CM1_1_R_#217.avi,False,320
True,True,True,pinch,native640,True,0.14841603115200996,1988,360,0.6894868071453137,21,480,True,8.669625036418438,0.7779526197244314,pinch,True,True,1.3290829956531525,9.19029104989022,11.539416969753802,1CM1_1_R_#217.avi,False,480
True,True,True,pinch,native640,True,0.87312504183501,1988,480,0.0,21,640,True,9.437792003154755,0.0,pinch,True,True,0.004417030140757561,10.426082997582853,10.736959055066109,1CM1_1_R_#217.avi,False,640
True,True,True,pinch,native640,True,0.6638749036937952,1989,480,0.0,21,640,True,9.466500021517277,0.0,pinch,True,True,0.0013329554349184036,10.268082958646119,10.548666003160179,1CM1_1_R_#217.avi,False,640
True,True,True,pinch,native640,True,0.17812498845160007,1989,360,0.3794375073576655,21,480,True,8.65758303552866,0.8664163941073105,pinch,True,True,0.5995839601382613,8.954792050644755,9.84637497458607,1CM1_1_R_#217.avi,False,480
True,True,True,pinch,native640,True,0.09891693480312824,1989,240,0.9627827003040452,21,320,True,8.782042074017227,1.0776588740592319,pinch,True,True,0.024333945475518703,8.993249968625605,9.23741701990366,1CM1_1_R_#217.avi,False,320
True,True,True,pinch,native640,True,0.09400001727044582,1990,240,1.2048979135888003,21,320,True,8.52337502874434,0.14890101181136178,pinch,True,True,0.021042069420218468,8.727791951969266,9.06445796135813,1CM1_1_R_#217.avi,False,320
True,True,True,pinch,native640,True,0.4657919052988291,1990,360,1.1580315051147974,21,480,True,8.809959050267935,0.48145459708825533,pinch,True,True,1.290458021685481,9.4126668991521,11.093750013969839,1CM1_1_R_#217.avi,False,480
True,True,True,pinch,native640,True,0.3034999826923013,1990,480,0.0,21,640,True,9.376625064760447,0.0,pinch,True,True,0.001584063284099102,10.212250053882599,11.475458974018693,1CM1_1_R_#217.avi,False,640
True,True,True,pinch,native640,True,0.2970419591292739,1991,480,0.0,21,640,True,9.178000036627054,0.0,pinch,True,True,0.08216593414545059,9.844999993219972,10.959082981571555,1CM1_1_R_#217.avi,False,640
True,True,True,pinch,native640,True,0.2573330421000719,1991,360,0.8528252336297484,21,480,True,9.46974998805672,0.5590749594167497,pinch,True,True,1.801165984943509,9.868124965578318,12.075374950654805,1CM1_1_R_#217.avi,False,480
True,True,True,pinch,native640,True,0.10708300396800041,1991,240,1.8428434957127666,21,320,True,8.743083104491234,1.3317427296722242,pinch,True,True,0.0647080596536398,9.072207962162793,9.618208045139909,1CM1_1_R_#217.avi,False,320
True,True,True,pinch,native640,True,0.1317920396104455,1992,240,1.1451493777473742,21,320,True,8.629708085209131,0.34686575110539414,pinch,True,True,0.020958948880434036,8.892750018276274,9.640667005442083,1CM1_1_R_#217.avi,False,320
True,True,True,pinch,native640,True,0.21733308676630259,1992,360,1.028508393756292,21,480,True,10.065042064525187,0.6176002895922572,pinch,True,True,0.6663750391453505,10.667708003893495,12.168417102657259,1CM1_1_R_#217.avi,False,480
True,True,True,pinch,native640,True,0.6372090429067612,1992,480,0.0,21,640,True,10.224708006717265,0.0,pinch,True,True,0.003374996595084667,11.19950006250292,12.037084088660777,1CM1_1_R_#217.avi,False,640
True,True,True,pinch,native640,True,0.354000017978251,1993,480,0.0,21,640,True,8.717333083041012,0.0,pinch,True,True,0.04591699689626694,9.195999940857291,9.550082962960005,1CM1_1_R_#217.avi,False,640
True,True,True,pinch,native640,True,0.16654201317578554,1993,360,0.5521909827546282,21,480,True,9.677082998678088,0.21691295219567133,pinch,True,True,0.5920409457758069,10.241250041872263,11.752040940336883,1CM1_1_R_#217.avi,False,480
True,True,True,pinch,native640,True,0.3072080435231328,1993,240,1.5533560905839052,21,320,True,10.403666994534433,0.9574860436461842,pinch,True,True,0.20591705106198788,11.153791099786758,11.962000047788024,1CM1_1_R_#217.avi,False,320
True,True,True,pinch,native640,True,0.12441701255738735,1994,240,1.1161654274921955,21,320,True,8.896582992747426,0.1503649657328618,pinch,True,True,0.024458044208586216,9.139417088590562,9.441250003874302,1CM1_1_R_#217.avi,False,320
True,True,True,pinch,native640,True,0.20800007041543722,1994,360,0.47805503436878427,21,480,True,10.539707960560918,0.2495214011748358,pinch,True,True,0.6460000295192003,11.09462499152869,12.762792059220374,1CM1_1_R_#217.avi,False,480
True,True,True,pinch,native640,True,0.6378749385476112,1994,480,0.0,21,640,True,9.84175002668053,0.0,pinch,True,True,0.0032919924706220627,10.602833004668355,10.950249969027936,1CM1_1_R_#217.avi,False,640
True,True,True,pinch,native640,True,0.49329199828207493,1995,480,0.0,21,640,True,9.89387498702854,0.0,pinch,True,True,0.001374981366097927,10.494375019334257,10.770041961222887,1CM1_1_R_#217.avi,False,640
True,True,True,pinch,native640,True,0.20833301823586226,1995,360,0.5954445474294978,21,480,True,9.374374989420176,0.6624575560723892,pinch,True,True,0.5982499569654465,9.69920796342194,10.573540930636227,1CM1_1_R_#217.avi,False,480
True,True,True,pinch,native640,True,0.13212498743087053,1995,240,1.1878606491573795,21,320,True,8.657290949486196,0.6038164674062041,pinch,True,True,0.044708955101668835,8.900666958652437,9.239375009201467,1CM1_1_R_#217.avi,False,320
True,True,True,pinch,native640,True,0.1253330847248435,1996,240,1.2250311015229916,21,320,True,8.623416069895029,0.3323917768647678,pinch,True,True,0.030207913368940353,9.094291017390788,10.728708002716303,1CM1_1_R_#217.avi,False,320
True,True,True,pinch,native640,True,0.19687507301568985,1996,360,0.602334008345696,21,480,True,9.515249985270202,0.047664256893826674,pinch,True,True,0.8782090153545141,10.144875035621226,11.986500001512468,1CM1_1_R_#217.avi,False,480
True,True,True,pinch,native640,True,0.6350000621750951,1996,480,0.0,21,640,True,10.471542016603053,0.0,pinch,True,True,0.0038330908864736557,11.43037504516542,12.233417015522718,1CM1_1_R_#217.avi,False,640
True,True,True,pinch,native640,True,0.2789159771054983,1997,480,0.0,21,640,True,8.901917026378214,0.0,pinch,True,True,0.001500011421740055,9.302375023253262,9.87275002989918,1CM1_1_R_#217.avi,False,640
True,True,True,pinch,native640,True,0.16724993474781513,1997,360,1.3100456623524799,21,480,True,8.965000044554472,0.672498112569743,pinch,True,True,0.5911249900236726,9.240166982635856,10.103249922394753,1CM1_1_R_#217.avi,False,480
True,True,True,pinch,native640,True,0.11116696987301111,1997,240,1.3131628190574707,21,320,True,8.663624990731478,0.785743659124782,pinch,True,True,0.03633392043411732,8.876374922692776,9.158000000752509,1CM1_1_R_#217.avi,False,320
True,True,True,pinch,native640,True,0.09987503290176392,1998,240,1.3114023187581207,21,320,True,8.565790951251984,0.8602312414090764,pinch,True,True,0.018708989955484867,8.785000070929527,9.387291967868805,1CM1_1_R_#217.avi,False,320
True,True,True,pinch,native640,True,0.17345801461488008,1998,360,0.6069840323681339,21,480,True,8.821416995488107,0.3474673643559883,pinch,True,True,0.6144169019535184,9.103916003368795,10.060332948341966,1CM1_1_R_#217.avi,False,480
True,True,True,pinch,native640,True,0.2991659566760063,1998,480,0.0,21,640,True,9.664957993663847,0.0,pinch,True,True,0.0012909295037388802,10.392665979452431,11.357165989466012,1CM1_1_R_#217.avi,False,640
True,True,True,pinch,native640,True,0.4527090350165963,1999,480,0.0,21,640,True,9.849666967056692,0.0,pinch,True,True,0.001374981366097927,10.423375060781837,10.762250050902367,1CM1_1_R_#217.avi,False,640
True,True,True,pinch,native640,True,0.369583023712039,1999,360,0.5019766544413737,21,480,True,9.18900000397116,0.2614114322002346,pinch,True,True,0.614333082921803,9.675500099547207,10.58583299163729,1CM1_1_R_#217.avi,False,480
True,True,True,pinch,native640,True,0.15120895113795996,1999,240,1.1336093930636792,21,320,True,8.746667066588998,0.48413171273061073,pinch,True,True,0.03674998879432678,9.018584038130939,9.282166021876037,1CM1_1_R_#217.avi,False,320
True,True,True,pinch,native640,True,0.12487510684877634,2000,240,1.3211854692326837,21,320,True,9.006040985696018,0.22449225048966534,pinch,True,True,0.02845900598913431,9.237875114195049,9.486249997280538,1CM1_1_R_#217.avi,False,320
True,True,True,pinch,native640,True,0.16866601072251797,2000,360,0.897993635528646,21,480,True,8.67291702888906,0.13408688054118306,pinch,True,True,0.5836660275235772,8.949958020821214,9.87570802681148,1CM1_1_R_#217.avi,False,480
True,True,True,pinch,native640,True,0.3290420863777399,2000,480,0.0,21,640,True,10.638375068083405,0.0,pinch,True,True,0.0010420335456728935,11.349458014592528,12.22795806825161,1CM1_1_R_#217.avi,False,640
True,True,True,pinch,native640,True,0.588958035223186,2001,480,0.0,21,640,True,9.857082972303033,0.0,pinch,True,True,0.6194160087034106,10.551583021879196,11.455999920144677,1CM1_1_R_#217.avi,False,640
True,True,True,pinch,native640,True,0.17166708130389452,2001,360,0.5410526213161807,21,480,True,8.628500043414533,0.5943980368367207,pinch,True,True,0.584583031013608,8.899334003217518,9.705665986984968,1CM1_1_R_#217.avi,False,480
True,True,True,pinch,native640,True,0.08104194421321154,2001,240,1.2912146322210254,21,320,True,8.622082998044789,1.2612953201913335,pinch,True,True,0.018874998204410076,9.052583016455173,9.965999983251095,1CM1_1_R_#217.avi,False,320
True,True,True,pinch,native640,True,0.29495800845324993,2002,240,1.9816490994587301,21,320,True,8.809874998405576,0.8241653442382812,pinch,True,True,0.10866695083677769,9.417957975529134,10.28637494891882,1CM1_1_R_#217.avi,False,320
True,True,True,pinch,native640,True,0.3195410827174783,2002,360,1.7574697615105248,21,480,True,9.478249936364591,0.5724340761465709,pinch,True,True,1.2133339187130332,9.909166023135185,11.389916995540261,1CM1_1_R_#217.avi,False,480
True,True,True,pinch,native640,True,0.5444169510155916,2002,480,0.0,21,640,True,10.157042066566646,0.0,pinch,True,True,0.0017079291865229607,10.821167030371726,11.099707917310297,1CM1_1_R_#217.avi,False,640
True,True,True,pinch,native640,True,0.28650008607655764,2003,480,0.0,21,640,True,9.15045803412795,0.0,pinch,True,True,0.0019170111045241356,9.861458092927933,10.762750054709613,1CM1_1_R_#217.avi,False,640
True,True,True,pinch,native640,True,0.1486249966546893,2003,360,1.9142816064536459,21,480,True,8.778791991062462,0.7138869840500762,pinch,True,True,0.5976660177111626,9.264250053092837,10.822499985806644,1CM1_1_R_#217.avi,False,480
True,True,True,pinch,native640,True,0.25420798920094967,2003,240,3.4064032637165447,21,320,True,9.340875083580613,1.5823477397024968,pinch,True,True,0.10629196185618639,9.706625016406178,10.118459002114832,1CM1_1_R_#217.avi,False,320
True,True,True,victory,native640,True,0.11808390263468027,2004,240,3.992261212850523,21,320,True,10.496542090550065,2.840847392846904,victory,True,True,0.03133295103907585,10.975249926559627,11.884082923643291,1CM1_1_R_#217.avi,False,320
True,True,True,victory,native640,True,0.15345809515565634,2004,360,3.5188922585143585,21,480,True,8.820209070108831,2.5932059342207525,victory,True,True,0.7591670146211982,9.342583012767136,11.027832981199026,1CM1_1_R_#217.avi,False,480
True,True,True,victory,native640,True,0.5991250509396195,2004,480,0.0,21,640,True,9.40133398398757,0.0,victory,True,True,0.0034580007195472717,10.321625042706728,11.150249978527427,1CM1_1_R_#217.avi,False,640
True,True,True,palm,native640,True,0.3053749678656459,2005,480,0.0,21,640,True,8.777874987572432,0.0,palm,True,True,0.6976670119911432,9.42825002130121,10.986667010001838,1CM1_1_R_#217.avi,False,640
True,True,True,palm,native640,True,0.17733406275510788,2005,360,0.7396021591468619,21,480,True,9.169291937723756,0.6177522890417533,palm,True,True,0.609499984420836,9.467459050938487,10.35804208368063,1CM1_1_R_#217.avi,False,480
True,True,True,palm,native640,True,0.08583301678299904,2005,240,2.467278940128486,21,320,True,9.070291998796165,2.8992500745836427,palm,True,True,0.03204098902642727,9.527042042464018,10.45162498485297,1CM1_1_R_#217.avi,False,320
True,True,True,palm,native640,True,0.19979209173470736,2006,240,0.662425584188646,21,320,True,9.529000031761825,0.6940516458740246,palm,True,True,0.060333055444061756,10.089042014442384,11.621541110798717,1CM1_1_R_#217.avi,False,320
True,True,True,palm,native640,True,0.16558298375457525,2006,360,0.36178274416070555,21,480,True,8.779708994552493,0.21331325701333526,palm,True,True,0.6053330143913627,9.060292039066553,9.911749977618456,1CM1_1_R_#217.avi,False,480
True,True,True,palm,native640,True,0.6650000577792525,2006,480,0.0,21,640,True,9.461416047997773,0.0,palm,True,True,0.037334044463932514,10.234666056931019,10.528125101700425,1CM1_1_R_#217.avi,False,640
True,True,True,palm,native640,True,0.3142919158563018,2007,480,0.0,21,640,True,9.077084017917514,0.0,palm,True,True,0.02479099202901125,9.517041966319084,9.871333022601902,1CM1_1_R_#217.avi,False,640
True,True,True,palm,native640,True,0.22491696290671825,2007,360,1.305195229854735,21,480,True,9.024124941788614,0.8426095594504686,palm,True,True,1.337458030320704,9.381291922181845,11.045166989788413,1CM1_1_R_#217.avi,False,480
True,True,True,palm,native640,True,0.08891604375094175,2007,240,1.0459946184445919,21,320,True,8.713291957974434,1.0237020638437897,palm,True,True,0.04079192876815796,8.920000051148236,9.218749939464033,1CM1_1_R_#217.avi,False,320
True,True,True,palm,native640,True,0.08741708006709814,2008,240,0.8827268790707685,21,320,True,9.794707992114127,0.36276917345375476,palm,True,True,0.01908303238451481,10.296666994690895,11.241708067245781,1CM1_1_R_#217.avi,False,320
True,True,True,palm,native640,True,0.17579097766429186,2008,360,0.7158648998205827,21,480,True,9.813542012125254,0.7520390515463024,palm,True,True,1.1524170404300094,10.389500064775348,12.572500039823353,1CM1_1_R_#217.avi,False,480
True,True,True,palm,native640,True,0.24120800662785769,2008,480,0.0,21,640,True,8.894708007574081,0.0,palm,True,True,0.0017499551177024841,9.516292018815875,10.591041995212436,1CM1_1_R_#217.avi,False,640
True,True,True,palm,native640,True,0.5985000170767307,2009,480,0.0,21,640,True,9.444999974220991,0.0,palm,True,True,0.7258340483531356,10.394750046543777,11.921667028218508,1CM1_1_R_#217.avi,False,640
True,True,True,palm,native640,True,0.36937498953193426,2009,360,1.250644119155749,21,480,True,10.296249995008111,0.9025313131471163,palm,True,True,1.6735000535845757,10.782375000417233,13.14158400055021,1CM1_1_R_#217.avi,False,480
True,True,True,palm,native640,True,0.11424999684095383,2009,240,0.857190850929268,21,320,True,9.202750050462782,0.2909392735601296,palm,True,True,0.03487500362098217,9.437207947485149,9.736458072438836,1CM1_1_R_#217.avi,False,320
True,True,True,palm,native640,True,0.08774991147220135,2010,240,1.3050172780504694,21,320,True,8.933583041653037,1.2853305104871688,palm,True,True,0.019208062440156937,9.152790997177362,9.473041049204767,1CM1_1_R_#217.avi,False,320
True,True,True,palm,native640,True,0.2043750137090683,2010,360,0.9127020427410263,21,480,True,7.4061250779777765,1.1198173556248814,palm,True,True,0.5977499531581998,7.725583971478045,8.674124954268336,1CM1_1_R_#217.avi,False,480
True,True,True,palm,native640,True,0.2792499726638198,2010,480,0.0,21,640,True,7.368749938905239,0.0,palm,True,True,0.03158301115036011,7.7578750206157565,8.087625028565526,1CM1_1_R_#217.avi,False,640
True,True,True,palm,native640,True,0.4896250320598483,2011,480,0.0,21,640,True,8.056374965235591,0.0,palm,True,True,0.030583003535866737,8.685459033586085,9.006707929074764,1CM1_1_R_#217.avi,False,640
True,True,True,palm,native640,True,0.20770798437297344,2011,360,1.3301355648160527,21,480,True,7.48129200655967,1.5771633691540383,palm,True,True,0.5987919867038727,7.7969159465283155,9.00358404032886,1CM1_1_R_#217.avi,False,480
True,True,True,palm,native640,True,0.11266593355685472,2011,240,1.7860552681530892,21,320,True,7.350540952757001,2.116834356243421,palm,True,True,0.034958007745444775,7.792916032485664,8.624832960776985,1CM1_1_R_#217.avi,False,320
True,True,True,palm,native640,True,0.10704202577471733,2012,240,0.9979007897252549,21,320,True,7.257041987031698,0.24827906752383772,palm,True,True,0.021875021047890186,7.474709069356322,7.999083027243614,1CM1_1_R_#217.avi,False,320
True,True,True,palm,native640,True,0.16445794608443975,2012,360,0.5140334037151346,21,480,True,7.737332955002785,0.2978818933685471,palm,True,True,0.5802919622510672,8.262041956186295,10.314457933418453,1CM1_1_R_#217.avi,False,480
True,True,True,palm,native640,True,0.8111660135909915,2012,480,0.0,21,640,True,7.403540890663862,0.0,palm,True,True,0.004041939973831177,8.342290995642543,8.731582900509238,1CM1_1_R_#217.avi,False,640
True,True,True,pinch,upscale1920,True,1.650208025239408,1973,1440,0.0,21,1920,True,9.874499985016882,0.0,pinch,True,True,0.0027091009542346,11.652415967546403,12.141667073592544,1CM1_1_R_#217.avi,True,1920
True,True,True,pinch,upscale1920,True,0.9621659992262721,1973,960,0.27448910214225614,21,1280,True,7.892208988778293,0.3146951919175491,pinch,True,True,1.7211249796673656,8.976124925538898,11.25179196242243,1CM1_1_R_#217.avi,True,1280
True,True,True,pinch,upscale1920,True,0.7512089796364307,1973,720,0.2783526703621903,21,960,True,7.7824590262025595,0.07074470241404057,pinch,True,True,0.3217920893803239,8.642249973490834,9.65691707096994,1CM1_1_R_#217.avi,True,960
True,True,True,pinch,upscale1920,True,0.3711250610649586,1973,480,1.2646868401825553,21,640,True,8.132416987791657,0.86976509521971,pinch,True,True,1.8700000364333391,8.624334004707634,10.766000021249056,1CM1_1_R_#217.avi,True,640
True,True,True,pinch,upscale1920,True,0.2970420755445957,1974,480,0.5907208127736091,21,640,True,7.432000013068318,0.18074169395953463,pinch,True,True,1.1170839425176382,7.8526249853894114,9.244041983038187,1CM1_1_R_#217.avi,True,640
True,True,True,pinch,upscale1920,True,0.769458943977952,1974,720,0.36448052041962264,21,960,True,7.965915952809155,0.46137316571905196,pinch,True,True,0.31875004060566425,8.846041979268193,9.604291059076786,1CM1_1_R_#217.avi,True,960
True,True,True,pinch,upscale1920,True,1.312082982622087,1974,960,0.33915578034147886,21,1280,True,7.888708030804992,0.2172380385669274,pinch,True,True,2.6510830502957106,9.335540933534503,12.567500001750886,1CM1_1_R_#217.avi,True,1280
True,True,True,pinch,upscale1920,True,1.947375014424324,1974,1440,0.0,21,1920,True,9.490792057476938,0.0,pinch,True,True,0.13962492812424898,11.555374949239194,12.25316699128598,1CM1_1_R_#217.avi,True,1920
True,True,True,pinch,upscale1920,True,2.024250105023384,1975,1440,0.0,21,1920,True,10.117167024873197,0.0,pinch,True,True,0.12195797171443701,12.267833109945059,12.968291994184256,1CM1_1_R_#217.avi,True,1920
True,True,True,pinch,upscale1920,True,1.1870840098708868,1975,960,0.12582378022914784,21,1280,True,8.145000087097287,0.10247230662917912,pinch,True,True,2.2313750814646482,9.453916922211647,12.111584073863924,1CM1_1_R_#217.avi,True,1280
True,True,True,pinch,upscale1920,True,0.7796250283718109,1975,720,0.26101043165546645,21,960,True,8.058374980464578,0.08613875785897045,pinch,True,True,0.41695800609886646,8.960000006482005,9.836708079092205,1CM1_1_R_#217.avi,True,960
True,True,True,pinch,upscale1920,True,0.34979195334017277,1975,480,0.345127581610425,21,640,True,7.6419999822974205,0.22163074970452754,pinch,True,True,1.4479999663308263,8.109292015433311,9.90375003311783,1CM1_1_R_#217.avi,True,640
True,True,True,pinch,upscale1920,True,0.28024998027831316,1976,480,0.4243031631315149,21,640,True,7.61079101357609,0.43850625370119534,pinch,True,True,0.9927500505000353,8.01712495740503,9.30616701953113,1CM1_1_R_#217.avi,True,640
True,True,True,pinch,upscale1920,True,0.7076250622048974,1976,720,0.3837866131478962,21,960,True,7.690791040658951,0.5772296567794114,pinch,True,True,0.2574160462245345,8.51679197512567,9.175791055895388,1CM1_1_R_#217.avi,True,960
True,True,True,pinch,upscale1920,True,1.0207920568063855,1976,960,0.2372309362845565,21,1280,True,8.256000000983477,0.201397353087977,pinch,True,True,2.2210829192772508,9.43891704082489,12.23016600124538,1CM1_1_R_#217.avi,True,1280
True,True,True,pinch,upscale1920,True,1.6440829494968057,1976,1440,0.0,21,1920,True,8.84037499781698,0.0,pinch,True,True,0.03674998879432678,10.597540996968746,11.196959065273404,1CM1_1_R_#217.avi,True,1920
True,True,True,pinch,upscale1920,True,1.805500010959804,1977,1440,0.0,21,1920,True,9.62899997830391,0.0,pinch,True,True,0.09066693019121885,11.552958050742745,12.184042017906904,1CM1_1_R_#217.avi,True,1920
True,True,True,pinch,upscale1920,True,1.0927499970421195,1977,960,1.0814103965748818,21,1280,True,8.433250011876225,0.7268657060099862,pinch,True,True,1.9605839625000954,9.640334057621658,12.049958924762905,1CM1_1_R_#217.avi,True,1280
True,True,True,pinch,upscale1920,True,0.639874953776598,1977,720,1.2262337082197994,21,960,True,7.619083975441754,0.9320751394988025,pinch,True,True,0.37154206074774265,8.370958035811782,9.151750011369586,1CM1_1_R_#217.avi,True,960
True,True,True,pinch,upscale1920,True,0.3589580301195383,1977,480,1.4518407527748363,21,640,True,7.946291007101536,1.7482350811023057,pinch,True,True,1.010625041089952,8.454374969005585,9.843082982115448,1CM1_1_R_#217.avi,True,640
True,True,True,pinch,upscale1920,True,0.42591604869812727,1978,480,0.37602792264270984,21,640,True,7.662542047910392,0.04403677667409302,pinch,True,True,0.9658749913796782,8.217833004891872,9.507833980023861,1CM1_1_R_#217.avi,False,640
True,True,True,pinch,upscale1920,True,0.7670830236747861,1978,720,0.13919258784748054,21,960,True,7.746834075078368,0.14287200519092758,pinch,True,True,0.329416012391448,8.651791955344379,9.650208055973053,1CM1_1_R_#217.avi,False,960
True,True,True,pinch,upscale1920,True,1.0097919730469584,1978,960,0.10334424906125668,21,1280,True,8.344959001988173,0.18975379880378804,pinch,True,True,2.087750006467104,9.483249974437058,12.05312495585531,1CM1_1_R_#217.avi,False,1280
True,True,True,pinch,upscale1920,True,1.5104999765753746,1978,1440,0.0,21,1920,True,9.538875077851117,0.0,pinch,True,True,0.015542027540504932,11.16470794659108,11.756916996091604,1CM1_1_R_#217.avi,False,1920
True,True,True,pinch,upscale1920,True,1.765000051818788,1979,1440,0.0,21,1920,True,9.81312501244247,0.0,pinch,True,True,0.08820905350148678,11.69729104731232,12.362667010165751,1CM1_1_R_#217.avi,False,1920
True,True,True,pinch,upscale1920,True,1.0039590997621417,1979,960,0.41724406095678856,21,1280,True,8.152583963237703,0.6076646866602827,pinch,True,True,1.981999957934022,9.296333999373019,11.81166700553149,1CM1_1_R_#217.avi,False,1280
True,True,True,pinch,upscale1920,True,0.7105000549927354,1979,720,1.0170269996286116,21,960,True,8.285041083581746,0.7176989977782141,pinch,True,True,0.36049995105713606,9.112042025662959,9.80745896231383,1CM1_1_R_#217.avi,False,960
True,True,True,pinch,upscale1920,True,0.25983399245887995,1979,480,0.7403436537731871,21,640,True,8.010915946215391,0.4487014794772816,pinch,True,True,1.0203749407082796,8.375999983400106,9.65491693932563,1CM1_1_R_#217.avi,False,640
True,True,True,pinch,upscale1920,True,0.34083309583365917,1980,480,0.8974506264165457,21,640,True,7.847875007428229,0.4759839599738779,pinch,True,True,0.7855829317122698,8.327750023454428,9.475915925577283,1CM1_1_R_#217.avi,False,640
True,True,True,pinch,upscale1920,True,0.7434160215780139,1980,720,0.2001802730527441,21,960,True,8.249917067587376,0.2685992425092678,pinch,True,True,0.36029203329235315,9.144625044427812,10.016583953984082,1CM1_1_R_#217.avi,False,960
True,True,True,pinch,upscale1920,True,1.0734169045463204,1980,960,0.31667262102115035,21,1280,True,8.191416040062904,0.23406630852855392,pinch,True,True,1.6344579635187984,9.376749978400767,11.427957913838327,1CM1_1_R_#217.avi,False,1280
True,True,True,pinch,upscale1920,True,1.685042050667107,1980,1440,0.0,21,1920,True,9.15737496688962,0.0,pinch,True,True,0.18941599410027266,10.975125012919307,11.703750002197921,1CM1_1_R_#217.avi,False,1920
True,True,True,pinch,upscale1920,True,1.5907089691609144,1981,1440,0.0,21,1920,True,8.797125075943768,0.0,pinch,True,True,0.09683403186500072,10.521042044274509,11.176084051840007,1CM1_1_R_#217.avi,False,1920
True,True,True,pinch,upscale1920,True,1.1635830160230398,1981,960,0.2198626833290817,21,1280,True,7.054375018924475,0.1310166772513573,pinch,True,True,1.9664580468088388,8.330582990311086,10.848583071492612,1CM1_1_R_#217.avi,False,1280
True,True,True,pinch,upscale1920,True,0.6588340038433671,1981,720,0.2486512894210694,21,960,True,7.080791052430868,0.1357853993630087,pinch,True,True,0.43695804197341204,7.8436670592054725,8.65529093425721,1CM1_1_R_#217.avi,False,960
True,True,True,pinch,upscale1920,True,0.29020803049206734,1981,480,0.45410410690307373,21,640,True,6.349333911202848,0.6258239686683844,pinch,True,True,0.6583330687135458,6.767207989469171,7.770291995257139,1CM1_1_R_#217.avi,False,640
True,True,True,pinch,upscale1920,True,0.3814579686149955,1982,480,0.7446802537125926,21,640,True,6.476209033280611,0.8437787044601831,pinch,True,True,0.9177499450743198,6.9876250345259905,8.23974993545562,1CM1_1_R_#217.avi,False,640
True,True,True,pinch,upscale1920,True,0.6686249980702996,1982,720,0.4356598921760237,21,960,True,6.521541974507272,0.7870832837066013,pinch,True,True,0.3417079569771886,7.304250029847026,8.04333295673132,1CM1_1_R_#217.avi,False,960
True,True,True,pinch,upscale1920,True,1.0147909633815289,1982,960,0.39609946520082395,21,1280,True,6.8919999757781625,0.5061389396461005,pinch,True,True,2.2321249125525355,8.041208027862012,10.76187496073544,1CM1_1_R_#217.avi,False,1280
True,True,True,pinch,upscale1920,True,1.6576669877395034,1982,1440,0.0,21,1920,True,8.563749957829714,0.0,pinch,True,True,0.05841709207743406,10.342749999836087,10.956624988466501,1CM1_1_R_#217.avi,False,1920
True,True,True,pinch,upscale1920,True,1.6507499385625124,1983,1440,0.0,21,1920,True,8.128916029818356,0.0,pinch,True,True,0.12204202357679605,9.920874959789217,10.634082951582968,1CM1_1_R_#217.avi,False,1920
True,True,True,pinch,upscale1920,True,1.270374981686473,1983,960,0.24324845486821206,21,1280,True,6.989375106059015,0.06326799618614798,pinch,True,True,2.5329169584438205,8.393459022045135,11.500124935992062,1CM1_1_R_#217.avi,False,1280
True,True,True,pinch,upscale1920,True,0.6808749167248607,1983,720,0.39438421848552757,21,960,True,7.691625040024519,0.13655089214402485,pinch,True,True,0.44487498234957457,8.494416950270534,9.448374970816076,1CM1_1_R_#217.avi,False,960
True,True,True,pinch,upscale1920,True,0.3349999897181988,1983,480,0.5459762385513081,21,640,True,6.750957923941314,0.36465708585920303,pinch,True,True,0.9503330802544951,7.220417028293014,8.5246660746634,1CM1_1_R_#217.avi,False,640
True,True,True,pinch,upscale1920,True,0.34666701685637236,1984,480,0.6570817212296732,21,640,True,7.354167057201266,0.62688047294115,pinch,True,True,0.6548749515786767,7.833124953322113,8.821667055599391,1CM1_1_R_#217.avi,False,640
True,True,True,pinch,upscale1920,True,0.658332952298224,1984,720,0.2564835697548172,21,960,True,6.57025002874434,0.14790978413678224,pinch,True,True,0.3006249899044633,7.351749925874174,8.026125025935471,1CM1_1_R_#217.avi,False,960
True,True,True,pinch,upscale1920,True,1.1979159899055958,1984,960,0.38920474963481105,21,1280,True,6.739459000527859,0.6129330213603718,pinch,True,True,1.682374975644052,8.065583067946136,10.190165950916708,1CM1_1_R_#217.avi,False,1280
True,True,True,pinch,upscale1920,True,1.66620803065598,1984,1440,0.0,21,1920,True,8.121917024254799,0.0,pinch,True,True,0.17429201398044825,9.909957996569574,10.677124955691397,1CM1_1_R_#217.avi,False,1920
True,True,True,pinch,upscale1920,True,1.7952079651877284,1985,1440,0.0,21,1920,True,8.06075008586049,0.0,pinch,True,True,0.1842080382630229,9.978041984140873,10.650833020918071,1CM1_1_R_#217.avi,False,1920
True,True,True,pinch,upscale1920,True,1.060832990333438,1985,960,0.15077730387073832,21,1280,True,6.816124892793596,0.049648238199265525,pinch,True,True,1.9755000248551369,7.997416076250374,10.468667023815215,1CM1_1_R_#217.avi,False,1280
True,True,True,pinch,upscale1920,True,0.7505000103265047,1985,720,0.35217900886367276,21,960,True,6.549790967255831,0.03422461690207631,pinch,True,True,0.3724999260157347,7.429042016156018,8.36633297149092,1CM1_1_R_#217.avi,False,960
True,True,True,pinch,upscale1920,True,0.33724994864314795,1985,480,0.4711044701107173,21,640,True,6.362083018757403,0.3795995995946614,pinch,True,True,0.7432909915223718,6.810833932831883,7.822124985978007,1CM1_1_R_#217.avi,False,640
True,True,True,pinch,upscale1920,True,0.3398339031264186,1986,480,0.3745397618089465,21,640,True,6.36200001463294,0.5454503752156701,pinch,True,True,0.6927910726517439,6.8268339382484555,7.83120805863291,1CM1_1_R_#217.avi,False,640
True,True,True,pinch,upscale1920,True,0.6064999615773559,1986,720,1.4989380431527306,21,960,True,6.267208023928106,0.25945519590858823,pinch,True,True,0.2762499498203397,6.999916047789156,7.589582935906947,1CM1_1_R_#217.avi,False,960
True,True,True,pinch,upscale1920,True,1.0619999375194311,1986,960,0.12820764315249594,21,1280,True,6.928708986379206,0.018139579932139948,pinch,True,True,1.9908329704776406,8.120041922666132,10.65462501719594,1CM1_1_R_#217.avi,False,1280
True,True,True,pinch,upscale1920,True,1.822166028432548,1986,1440,0.0,21,1920,True,7.990750018507242,0.0,pinch,True,True,0.06312504410743713,9.935625013895333,10.498167015612125,1CM1_1_R_#217.avi,False,1920
True,True,True,pinch,upscale1920,True,1.6878750175237656,1987,1440,0.0,21,1920,True,8.254250045865774,0.0,pinch,True,True,0.13591698370873928,10.067458031699061,10.711791925132275,1CM1_1_R_#217.avi,False,1920
True,True,True,pinch,upscale1920,True,1.0947500122711062,1987,960,0.21528017239381342,21,1280,True,6.726916995830834,0.12554462573443717,pinch,True,True,1.8102079629898071,7.93862494174391,10.194167029112577,1CM1_1_R_#217.avi,False,1280
True,True,True,pinch,upscale1920,True,0.703333062119782,1987,720,0.26468318770690963,21,960,True,6.4367500599473715,0.20926146432312212,pinch,True,True,0.4016250604763627,7.280500023625791,8.298625005409122,1CM1_1_R_#217.avi,False,960
True,True,True,pinch,upscale1920,True,0.32549991738051176,1987,480,0.2892730260009288,21,640,True,6.392542039975524,0.2298174540363991,pinch,True,True,0.7326669292524457,6.86329195741564,7.952749961987138,1CM1_1_R_#217.avi,False,640
True,True,True,pinch,upscale1920,True,0.31533290166407824,1988,480,0.546803636425047,21,640,True,6.671166978776455,0.36072856678463344,pinch,True,True,0.7017499301582575,7.122832932509482,8.130208938382566,1CM1_1_R_#217.avi,False,640
True,True,True,pinch,upscale1920,True,0.6197909824550152,1988,720,0.3369751709694958,21,960,True,6.553624989464879,0.12140948268630836,pinch,True,True,0.30083395540714264,7.301999954506755,8.139624958857894,1CM1_1_R_#217.avi,False,960
True,True,True,pinch,upscale1920,True,1.0546670528128743,1988,960,0.28342820882905834,21,1280,True,6.708333967253566,0.12509707202598608,pinch,True,True,2.0208749920129776,7.881792029365897,10.44183294288814,1CM1_1_R_#217.avi,False,1280
True,True,True,pinch,upscale1920,True,1.69945799279958,1988,1440,0.0,21,1920,True,8.501333999447525,0.0,pinch,True,True,0.11370901484042406,10.331375058740377,11.041249963454902,1CM1_1_R_#217.avi,False,1920
True,True,True,pinch,upscale1920,True,1.6507080290466547,1989,1440,0.0,21,1920,True,8.04879202041775,0.0,pinch,True,True,0.14820799697190523,9.817457990720868,10.545124998316169,1CM1_1_R_#217.avi,False,1920
True,True,True,pinch,upscale1920,True,1.0077079059556127,1989,960,1.299211333958127,21,1280,True,6.800625007599592,0.37467926940894625,pinch,True,True,1.5157080488279462,7.926874910481274,9.986417018808424,1CM1_1_R_#217.avi,False,1280
True,True,True,pinch,upscale1920,True,0.5951659986749291,1989,720,0.2746742589904614,21,960,True,7.252332987263799,0.24121607370062703,pinch,True,True,0.3651670413091779,7.952291052788496,8.700250065885484,1CM1_1_R_#217.avi,False,960
True,True,True,pinch,upscale1920,True,0.2796670887619257,1989,480,1.3085473752565115,21,640,True,6.509458064101636,1.5879736921683567,pinch,True,True,0.9719589725136757,6.913334014825523,8.199583971872926,1CM1_1_R_#217.avi,False,640
True,True,True,pinch,upscale1920,True,0.3203749656677246,1990,480,0.3639337797452141,21,640,True,6.4665001118555665,0.49126472946478594,pinch,True,True,1.041749957948923,6.910249940119684,8.237249916419387,1CM1_1_R_#217.avi,False,640
True,True,True,pinch,upscale1920,True,0.7604589918628335,1990,720,0.4771482723994275,21,960,True,6.608291994780302,0.2375913170537535,pinch,True,True,0.3645840333774686,7.474999991245568,8.194791967980564,1CM1_1_R_#217.avi,False,960
True,True,True,pinch,upscale1920,True,1.060166978277266,1990,960,0.41508843161038683,21,1280,True,7.26370804477483,0.548766862642014,pinch,True,True,2.0995830418542027,8.436459000222385,11.156500084325671,1CM1_1_R_#217.avi,False,1280
True,True,True,pinch,upscale1920,True,1.638375106267631,1990,1440,0.0,21,1920,True,8.024458074942231,0.0,pinch,True,True,0.06145902443677187,9.797334088943899,10.407833964563906,1CM1_1_R_#217.avi,False,1920
True,True,True,pinch,upscale1920,True,1.6174999764189124,1991,1440,0.0,21,1920,True,7.9642500495538116,0.0,pinch,True,True,0.10900001507252455,9.684832999482751,10.345249902456999,1CM1_1_R_#217.avi,False,1920
True,True,True,pinch,upscale1920,True,1.1165420291945338,1991,960,0.2837219725407622,21,1280,True,6.960082915611565,0.13206265447474091,pinch,True,True,2.002374967560172,8.184042060747743,10.660332976840436,1CM1_1_R_#217.avi,False,1280
True,True,True,pinch,upscale1920,True,0.6348330061882734,1991,720,1.36420658032427,21,960,True,6.767584010958672,0.6655701384325303,pinch,True,True,0.44783297926187515,7.518958067521453,8.395542041398585,1CM1_1_R_#217.avi,False,960
True,True,True,pinch,upscale1920,True,0.29891706071794033,1991,480,1.4455436439863165,21,640,True,6.431707995943725,0.4870266565713676,pinch,True,True,0.732333050109446,6.855000043287873,7.998208049684763,1CM1_1_R_#217.avi,False,640
True,True,True,pinch,upscale1920,True,0.3335409564897418,1992,480,0.36943049911479564,21,640,True,6.140582961961627,0.571516760437355,pinch,True,True,0.6248749559745193,6.602457957342267,7.508540991693735,1CM1_1_R_#217.avi,False,640
True,True,True,pinch,upscale1920,True,0.7235000375658274,1992,720,0.40606756990904797,21,960,True,6.827916018664837,0.41650555959431523,pinch,True,True,0.3382499562576413,7.6933749951422215,8.534958004020154,1CM1_1_R_#217.avi,False,960
True,True,True,pinch,upscale1920,True,1.1620000004768372,1992,960,0.14375525332718092,21,1280,True,7.069749990478158,0.2301314259368143,pinch,True,True,1.8657499458640814,8.365584071725607,10.761791956610978,1CM1_1_R_#217.avi,False,1280
True,True,True,pinch,upscale1920,True,1.578875002451241,1992,1440,0.0,21,1920,True,8.069291012361646,0.0,pinch,True,True,0.062166014686226845,9.778082952834666,10.399125050753355,1CM1_1_R_#217.avi,False,1920
True,True,True,pinch,upscale1920,True,1.7893749754875898,1993,1440,0.0,21,1920,True,8.219167008064687,0.0,pinch,True,True,0.08449994493275881,10.183166014030576,10.85233292542398,1CM1_1_R_#217.avi,False,1920
True,True,True,pinch,upscale1920,True,1.0749170323833823,1993,960,0.1850798332717751,21,1280,True,7.338833995163441,0.21865438180007069,pinch,True,True,1.539041055366397,8.551000035367906,10.62583306338638,1CM1_1_R_#217.avi,False,1280
True,True,True,pinch,upscale1920,True,0.6784580182284117,1993,720,0.20628836309997128,21,960,True,7.170125027187169,0.20965431476111748,pinch,True,True,0.5953749641776085,7.979582995176315,9.27500007674098,1CM1_1_R_#217.avi,False,960
True,True,True,pinch,upscale1920,True,0.3576669842004776,1993,480,0.4514378838866852,21,640,True,6.27995899412781,0.3246271883224787,pinch,True,True,0.8157499833032489,6.760124932043254,7.9109580256044865,1CM1_1_R_#217.avi,False,640
True,True,True,pinch,upscale1920,True,0.30979199800640345,1994,480,0.42194285595436976,21,640,True,6.3602919690310955,0.6221626184738397,pinch,True,True,0.8325830567628145,6.781124975532293,7.922166027128696,1CM1_1_R_#217.avi,False,640
True,True,True,pinch,upscale1920,True,0.6880410946905613,1994,720,1.445961325849367,21,960,True,6.6419580252841115,1.297628052880322,pinch,True,True,0.3403330920264125,7.440708111971617,8.255791035480797,1CM1_1_R_#217.avi,False,960
True,True,True,pinch,upscale1920,True,1.0612920159474015,1994,960,1.4839965589754254,21,1280,True,6.927291979081929,1.0840598293035137,pinch,True,True,2.050541923381388,8.104957989417017,10.567624936811626,1CM1_1_R_#217.avi,False,1280
True,True,True,pinch,upscale1920,True,1.6362080350518227,1994,1440,0.0,21,1920,True,7.888416992500424,0.0,pinch,True,True,0.13691699132323265,9.694333071820438,10.463249986059964,1CM1_1_R_#217.avi,False,1920
True,True,True,pinch,upscale1920,True,1.57595903147012,1995,1440,0.0,21,1920,True,8.10291594825685,0.0,pinch,True,True,0.10050006676465273,9.810834075324237,10.517958085983992,1CM1_1_R_#217.avi,False,1920
True,True,True,pinch,upscale1920,True,1.0156250791624188,1995,960,0.25823463508949895,21,1280,True,6.738457945175469,0.19272455495158738,pinch,True,True,1.5648750122636557,7.872082991525531,9.961041971109807,1CM1_1_R_#217.avi,False,1280
True,True,True,pinch,upscale1920,True,0.6643329979851842,1995,720,0.353354217606858,21,960,True,6.723916041664779,0.3058999107126267,pinch,True,True,0.3505829954519868,7.507957983762026,8.71587498113513,1CM1_1_R_#217.avi,False,960
True,True,True,pinch,upscale1920,True,0.35583297722041607,1995,480,0.6910067127045378,21,640,True,6.712791975587606,0.08882787977779148,pinch,True,True,1.1150829959660769,7.1929170517250896,8.87183309532702,1CM1_1_R_#217.avi,False,640
True,True,True,pinch,upscale1920,True,0.3108748933300376,1996,480,0.5106214768332491,21,640,True,6.446582963690162,0.2953864809274993,pinch,True,True,0.7279160199686885,6.869540899060667,7.88391602691263,1CM1_1_R_#217.avi,False,640
True,True,True,pinch,upscale1920,True,0.6596669554710388,1996,720,0.2289774370473106,21,960,True,6.266791955567896,0.13779612179540957,pinch,True,True,0.3674998879432678,7.042332901619375,7.797083933837712,1CM1_1_R_#217.avi,False,960
True,True,True,pinch,upscale1920,True,1.0414579883217812,1996,960,0.15825600334012527,21,1280,True,6.842500064522028,0.08627077658594086,pinch,True,True,1.8432500073686242,8.01099999807775,10.339041939005256,1CM1_1_R_#217.avi,False,1280
True,True,True,pinch,upscale1920,True,1.544833998195827,1996,1440,0.0,21,1920,True,8.251999970525503,0.0,pinch,True,True,0.06058404687792063,9.901209035888314,10.428959038108587,1CM1_1_R_#217.avi,False,1920
True,True,True,pinch,upscale1920,True,1.5140410978347063,1997,1440,0.0,21,1920,True,8.394625037908554,0.0,pinch,True,True,0.13279099948704243,10.04379102960229,10.849333018995821,1CM1_1_R_#217.avi,False,1920
True,True,True,pinch,upscale1920,True,1.1105419835075736,1997,960,0.1917260284448509,21,1280,True,6.804208969697356,0.3168517287861314,pinch,True,True,1.9490000559017062,8.03666701540351,10.501708020456135,1CM1_1_R_#217.avi,False,1280
True,True,True,pinch,upscale1920,True,0.7810830138623714,1997,720,0.22725820274881517,21,960,True,6.613790988922119,0.36114839557916295,pinch,True,True,0.38949993904680014,7.508249953389168,8.421540958806872,1CM1_1_R_#217.avi,False,960
True,True,True,pinch,upscale1920,True,0.3338749520480633,1997,480,1.0642069706425406,21,640,True,6.777041009627283,1.2694197741396276,pinch,True,True,0.6905419286340475,7.2301250183954835,8.17637494765222,1CM1_1_R_#217.avi,False,640
True,True,True,pinch,upscale1920,True,0.34570798743516207,1998,480,0.7381282441101382,21,640,True,6.0765419621020555,0.4907388026157493,pinch,True,True,0.7002500351518393,6.535833002999425,7.498583057895303,1CM1_1_R_#217.avi,False,640
True,True,True,pinch,upscale1920,True,0.6801250856369734,1998,720,1.2548157847461563,21,960,True,6.5757500706240535,0.25613630489487105,pinch,True,True,0.22854097187519073,7.375417044386268,7.942249998450279,1CM1_1_R_#217.avi,False,960
True,True,True,pinch,upscale1920,True,0.9620839264243841,1998,960,0.26673460205960114,21,1280,True,6.867500022053719,0.2624334541428288,pinch,True,True,1.9682500278577209,7.953583961352706,10.324292001314461,1CM1_1_R_#217.avi,False,1280
True,True,True,pinch,upscale1920,True,1.6472910065203905,1998,1440,0.0,21,1920,True,7.587125059217215,0.0,pinch,True,True,0.06308301817625761,9.34975000564009,9.91741695906967,1CM1_1_R_#217.avi,False,1920
True,True,True,pinch,upscale1920,True,1.6382080502808094,1999,1440,0.0,21,1920,True,8.404458058066666,0.0,pinch,True,True,0.08850009180605412,10.167875094339252,10.79037506133318,1CM1_1_R_#217.avi,False,1920
True,True,True,pinch,upscale1920,True,0.9515830315649509,1999,960,1.1140756067659847,21,1280,True,7.400249945931137,0.6791485582929767,pinch,True,True,1.9390829838812351,8.482333039864898,10.88341698050499,1CM1_1_R_#217.avi,False,1280
True,True,True,pinch,upscale1920,True,0.6451249355450273,1999,720,0.9626529758544707,21,960,True,6.772874970920384,0.6373779555458972,pinch,True,True,0.3637080080807209,7.54616700578481,8.437582990154624,1CM1_1_R_#217.avi,False,960
True,True,True,pinch,upscale1920,True,0.2655420685186982,1999,480,1.056432756200992,21,640,True,6.788999889977276,0.4748118380444958,pinch,True,True,0.7710830541327596,7.186084054410458,8.246000041253865,1CM1_1_R_#217.avi,False,640
True,True,True,pinch,upscale1920,True,0.29333296697586775,2000,480,0.49922443454972953,21,640,True,6.761541008017957,0.1446469686316836,pinch,True,True,0.8877499494701624,7.172374986112118,8.319083950482309,1CM1_1_R_#217.avi,False,640
True,True,True,pinch,upscale1920,True,0.7949579739943147,2000,720,0.294075343724353,21,960,True,6.4315409399569035,0.18501563709115995,pinch,True,True,0.3121249610558152,7.340708049014211,7.996832951903343,1CM1_1_R_#217.avi,False,960
True,True,True,pinch,upscale1920,True,1.1435420019552112,2000,960,0.17877070050099814,21,1280,True,6.478124996647239,0.17362152072178727,pinch,True,True,1.9976249895989895,7.75604194495827,10.243874974548817,1CM1_1_R_#217.avi,False,1280
True,True,True,pinch,upscale1920,True,1.8216249300166965,2000,1440,0.0,21,1920,True,7.951042032800615,0.0,pinch,True,True,0.07245899178087711,9.88920801319182,10.527667007409036,1CM1_1_R_#217.avi,False,1920
True,True,True,pinch,upscale1920,True,1.570916036143899,2001,1440,0.0,21,1920,True,8.051041979342699,0.0,pinch,True,True,0.10862504132091999,9.74058301653713,10.298582958057523,1CM1_1_R_#217.avi,False,1920
True,True,True,pinch,upscale1920,True,0.9530420647934079,2001,960,0.26110175458005014,21,1280,True,6.630541058257222,0.2411570550665923,pinch,True,True,1.927749952301383,7.696249987930059,10.157749988138676,1CM1_1_R_#217.avi,False,1280
True,True,True,pinch,upscale1920,True,0.7306670304387808,2001,720,0.45627914819737875,21,960,True,6.4474999671801925,0.21840057353857587,pinch,True,True,0.38070790469646454,7.305625011213124,8.061124943196774,1CM1_1_R_#217.avi,False,960
True,True,True,pinch,upscale1920,True,0.3192499279975891,2001,480,0.6666310949519761,21,640,True,6.527792080305517,0.12208061510061435,pinch,True,True,0.7468330441042781,6.9521249970421195,8.119291043840349,1CM1_1_R_#217.avi,False,640
True,True,True,pinch,upscale1920,True,0.31533290166407824,2002,480,2.3258782144808,21,640,True,6.329874973744154,1.3085769834451808,pinch,True,True,0.6382080027833581,6.757624913007021,7.6983749167993665,1CM1_1_R_#217.avi,False,640
True,True,True,pinch,upscale1920,True,0.6782920099794865,2002,720,2.331466200139101,21,960,True,6.6405420657247305,1.5039752988476798,pinch,True,True,0.28970895800739527,7.435792009346187,8.087250054813921,1CM1_1_R_#217.avi,False,960
True,True,True,pinch,upscale1920,True,1.0792090324684978,2002,960,0.4163199247258855,21,1280,True,6.768833030946553,0.12006342716265281,pinch,True,True,2.049917005933821,7.970167091116309,10.45300008263439,1CM1_1_R_#217.avi,False,1280
True,True,True,pinch,upscale1920,True,1.738124992698431,2002,1440,0.0,21,1920,True,8.275583037175238,0.0,pinch,True,True,0.3137920284643769,10.12383308261633,11.037542019039392,1CM1_1_R_#217.avi,False,1920
True,True,True,pinch,upscale1920,True,1.616499968804419,2003,1440,0.0,21,1920,True,7.949999999254942,0.0,pinch,True,True,0.08104194421321154,9.680958930402994,10.330041986890137,1CM1_1_R_#217.avi,False,1920
True,True,True,pinch,upscale1920,True,1.1714999563992023,2003,960,0.3360505968325648,21,1280,True,6.496624904684722,0.2178498380631626,pinch,True,True,1.8230839632451534,7.809458998963237,10.239292052574456,1CM1_1_R_#217.avi,False,1280
True,True,True,pinch,upscale1920,True,0.7205840665847063,2003,720,0.6289637634259357,21,960,True,6.288375006988645,0.4839739984863648,pinch,True,True,0.3102499758824706,7.136167027056217,7.961791940033436,1CM1_1_R_#217.avi,False,960
True,True,True,pinch,upscale1920,True,0.35445892717689276,2003,480,1.7487184554418567,21,640,True,6.4515830017626286,1.6053718714477958,pinch,True,True,0.7583750411868095,6.914291996508837,8.234957931563258,1CM1_1_R_#217.avi,False,640
True,True,True,victory,upscale1920,True,0.27783296536654234,2004,480,0.6750378618198324,21,640,True,5.9013329446315765,0.23512317610660055,victory,True,True,0.6140000186860561,6.304000038653612,7.238249992951751,1CM1_1_R_#217.avi,False,640
True,True,True,victory,upscale1920,True,0.7408749079331756,2004,720,0.346177665334188,21,960,True,6.115749944001436,0.3199840377080144,victory,True,True,0.2957920078188181,6.965040927752852,7.682292023673654,1CM1_1_R_#217.avi,False,960
True,True,True,victory,upscale1920,True,1.106959069147706,2004,960,1.6932081561531578,21,1280,True,6.662291940301657,0.587359825596887,point,False,True,2.280999906361103,7.868041982874274,10.507915983907878,1CM1_1_R_#217.avi,False,1280
True,True,True,victory,upscale1920,True,1.611792016774416,2004,1440,0.0,21,1920,True,7.901042001321912,0.0,victory,True,True,0.07245794404298067,9.63425007648766,10.182707919739187,1CM1_1_R_#217.avi,False,1920
True,True,True,palm,upscale1920,True,1.6215420328080654,2005,1440,0.0,21,1920,True,8.136457996442914,0.0,palm,True,True,0.09937502909451723,9.873584029264748,10.442750062793493,1CM1_1_R_#217.avi,False,1920
True,True,True,palm,upscale1920,True,0.990708009339869,2005,960,0.23435481682902168,21,1280,True,6.374166929163039,0.25630383049478755,palm,True,True,1.9804170588031411,7.473082980141044,9.832834010012448,1CM1_1_R_#217.avi,False,1280
True,True,True,palm,upscale1920,True,0.6586250383406878,2005,720,0.27043647266759097,21,960,True,6.369084003381431,0.060665501337526406,palm,True,True,0.36520895082503557,7.138750050216913,7.952541927807033,1CM1_1_R_#217.avi,False,960
True,True,True,palm,upscale1920,True,0.23916689679026604,2005,480,0.9350372882695515,21,640,True,5.915582994930446,0.640049940510897,palm,True,True,0.811208039522171,6.263166898861527,7.52424995880574,1CM1_1_R_#217.avi,False,640
True,True,True,palm,upscale1920,True,0.24345808196812868,2006,480,0.9852879387744825,21,640,True,6.129167042672634,1.2736295318364401,palm,True,True,0.9662499651312828,6.517625064589083,7.822624989785254,1CM1_1_R_#217.avi,False,640
True,True,True,palm,upscale1920,True,0.7231250638142228,2006,720,0.30208161365522523,21,960,True,6.344832945615053,0.13472557067871094,palm,True,True,0.2935410011559725,7.185082999058068,7.843040977604687,1CM1_1_R_#217.avi,False,960
True,True,True,palm,upscale1920,True,1.072583021596074,2006,960,0.25913603791709655,21,1280,True,6.525125005282462,0.2801028436356791,palm,True,True,2.1859999978914857,7.737708045169711,10.468082968145609,1CM1_1_R_#217.avi,False,1280
True,True,True,palm,upscale1920,True,1.7874169861897826,2006,1440,0.0,21,1920,True,7.500082952901721,0.0,palm,True,True,0.09208300616592169,9.39829193521291,9.965708013623953,1CM1_1_R_#217.avi,False,1920
True,True,True,palm,upscale1920,True,1.5846668975427747,2007,1440,0.0,21,1920,True,8.162916987203062,0.0,palm,True,True,0.10029191616922617,9.876708965748549,10.516749927774072,1CM1_1_R_#217.avi,False,1920
True,True,True,palm,upscale1920,True,1.117417006753385,2007,960,1.2228518469320226,21,1280,True,6.11466693226248,0.3215046149833241,palm,True,True,1.9712080247700214,7.347124977968633,9.75120801012963,1CM1_1_R_#217.avi,False,1280
True,True,True,palm,upscale1920,True,0.7096249610185623,2007,720,1.0417870865897765,21,960,True,5.637749913148582,0.11839741273324611,palm,True,True,0.40549994446337223,6.479499978013337,7.394707994535565,1CM1_1_R_#217.avi,False,960
True,True,True,palm,upscale1920,True,0.352292088791728,2007,480,1.0308858166098596,21,640,True,5.295332986861467,0.09326941945067413,palm,True,True,0.9014169918373227,5.748625029809773,6.898249965161085,1CM1_1_R_#217.avi,False,640
True,True,True,palm,upscale1920,True,0.296834041364491,2008,480,0.3657956099912469,21,640,True,5.563375074416399,0.31996572473156376,palm,True,True,0.652250018902123,5.976125015877187,7.003249949775636,1CM1_1_R_#217.avi,False,640
True,True,True,palm,upscale1920,True,0.6510000675916672,2008,720,0.4565479501652033,21,960,True,5.718332948163152,0.3847737074347118,palm,True,True,0.32829202245920897,6.473000044934452,7.360209012404084,1CM1_1_R_#217.avi,False,960
True,True,True,palm,upscale1920,True,1.0112500749528408,2008,960,1.3566472490256418,21,1280,True,6.052874960005283,1.1290433137878395,palm,True,True,2.036374993622303,7.176332990638912,9.679374983534217,1CM1_1_R_#217.avi,False,1280
True,True,True,palm,upscale1920,True,1.6409170348197222,2008,1440,0.0,21,1920,True,7.076374953612685,0.0,palm,True,True,0.04125002305954695,8.851667051203549,9.412999963387847,1CM1_1_R_#217.avi,False,1920
True,True,True,palm,upscale1920,True,1.845250022597611,2009,1440,0.0,21,1920,True,7.21695797983557,0.0,palm,True,True,0.12516602873802185,9.217666927725077,9.847332956269383,1CM1_1_R_#217.avi,False,1920
True,True,True,palm,upscale1920,True,0.9799589170143008,2009,960,0.1253126179707804,21,1280,True,6.226583034731448,0.13105674349768207,palm,True,True,1.735249999910593,7.3242089711129665,9.525374975055456,1CM1_1_R_#217.avi,False,1280
True,True,True,palm,upscale1920,True,0.6176669849082828,2009,720,0.2070003797658946,21,960,True,6.21041702106595,0.10346585784864495,palm,True,True,0.3903750330209732,6.948500056751072,7.751750061288476,1CM1_1_R_#217.avi,False,960
True,True,True,palm,upscale1920,True,0.32154202926903963,2009,480,0.23403542650718348,21,640,True,5.5944169871509075,0.21198427508190365,palm,True,True,1.009749947115779,6.030500051565468,7.3487089248374104,1CM1_1_R_#217.avi,False,640
True,True,True,palm,upscale1920,True,0.2994169481098652,2010,480,0.6098422069019411,21,640,True,6.120207952335477,0.5090316111862566,palm,True,True,0.6163340294733644,6.543541909195483,7.47829198371619,1CM1_1_R_#217.avi,False,640
True,True,True,palm,upscale1920,True,0.6730000022798777,2010,720,0.2715245316864523,21,960,True,6.294833030551672,0.23968629355418442,palm,True,True,0.2667090157046914,7.086124969646335,7.762667024508119,1CM1_1_R_#217.avi,False,960
True,True,True,palm,upscale1920,True,1.0304589523002505,2010,960,0.4419108725339732,21,1280,True,6.95658300537616,0.2648493078333243,palm,True,True,2.138374955393374,8.128624991513789,10.74374991003424,1CM1_1_R_#217.avi,False,1280
True,True,True,palm,upscale1920,True,1.5687920385971665,2010,1440,0.0,21,1920,True,7.458332926034927,0.0,palm,True,True,0.26887492276728153,9.144125040620565,10.009665973484516,1CM1_1_R_#217.avi,False,1920
True,True,True,palm,upscale1920,True,1.7574999947100878,2011,1440,0.0,21,1920,True,6.930500036105514,0.0,palm,True,True,0.10795891284942627,8.829083060845733,9.502708911895752,1CM1_1_R_#217.avi,False,1920
True,True,True,palm,upscale1920,True,1.0325419716536999,2011,960,0.16927668014662942,21,1280,True,5.937000038102269,0.17514290856257497,palm,True,True,1.9764580065384507,7.1027500089257956,9.60412505082786,1CM1_1_R_#217.avi,False,1280
True,True,True,palm,upscale1920,True,0.6912089884281158,2011,720,0.3391291815388665,21,960,True,5.633207969367504,0.3897270746492207,palm,True,True,0.38650003261864185,6.439791992306709,7.4184160912409425,1CM1_1_R_#217.avi,False,960
True,True,True,palm,upscale1920,True,0.2899580867961049,2011,480,0.42187373455243266,21,640,True,5.38766710087657,0.4754393647862575,palm,True,True,0.8042920380830765,5.795125034637749,6.891333032399416,1CM1_1_R_#217.avi,False,640
True,True,True,palm,upscale1920,True,0.28300005942583084,2012,480,0.6527440213187568,21,640,True,5.536416079849005,0.7606879657421562,palm,True,True,0.65754191018641,5.941541050560772,6.965249893255532,1CM1_1_R_#217.avi,False,640
True,True,True,palm,upscale1920,True,0.6399579579010606,2012,720,0.2252840118207914,21,960,True,5.89112495072186,0.28045325399240645,palm,True,True,0.2817499917000532,6.65466592181474,7.3770839953795075,1CM1_1_R_#217.avi,False,960
True,True,True,palm,upscale1920,True,1.0593340266495943,2012,960,0.33038807866354886,21,1280,True,6.147999898530543,0.3070291815336514,palm,True,True,2.214333973824978,7.353708962909877,10.099750012159348,1CM1_1_R_#217.avi,False,1280
True,True,True,palm,upscale1920,True,1.6941659850999713,2012,1440,0.0,21,1920,True,7.330292020924389,0.0,palm,True,True,0.14750007539987564,9.186082985252142,9.9996670614928,1CM1_1_R_#217.avi,False,1920
True,False,False,no_hand,native640,False,0.3450840013101697,2074,480,,,640,False,4.312083008699119,,no_hand,True,False,0.12137496378272772,4.734750022180378,5.073291016742587,1CM42_21_R_#153.avi,True,640
True,False,False,no_hand,native640,False,0.18425006419420242,2074,360,,,480,False,3.067083889618516,,no_hand,True,False,0.6234579486772418,3.257500007748604,3.9711249992251396,1CM42_21_R_#153.avi,True,480
True,False,False,no_hand,native640,False,0.0737080117687583,2074,240,,,320,False,2.9167499160394073,,no_hand,True,False,0.03408396150916815,2.9954579658806324,3.0797499930486083,1CM42_21_R_#153.avi,True,320
True,False,False,no_hand,native640,False,0.09166705422103405,2075,240,,,320,False,3.983624977990985,,no_hand,True,False,0.0463749747723341,4.081042017787695,4.182707984000444,1CM42_21_R_#153.avi,True,320
True,False,False,no_hand,native640,False,0.1800000900402665,2075,360,,,480,False,2.9802500503137708,,no_hand,True,False,0.6197500042617321,3.165417001582682,3.840584075078368,1CM42_21_R_#153.avi,True,480
True,False,False,no_hand,native640,False,0.24341698735952377,2075,480,,,640,False,3.158207982778549,,no_hand,True,False,0.09600003249943256,3.4062089398503304,3.595333080738783,1CM42_21_R_#153.avi,True,640
True,False,False,no_hand,native640,False,0.3255000337958336,2076,480,,,640,False,3.394833067432046,,no_hand,True,False,0.004749977961182594,3.727374947629869,3.806499997153878,1CM42_21_R_#153.avi,True,640
True,False,False,no_hand,native640,False,0.16537494957447052,2076,360,,,480,False,3.143875044770539,,no_hand,True,False,0.5858340300619602,3.314084024168551,3.9780420484021306,1CM42_21_R_#153.avi,True,480
True,False,False,no_hand,native640,False,0.1064160605892539,2076,240,,,320,False,2.9920830857008696,,no_hand,True,False,0.05975004751235247,3.107749973423779,3.251916030421853,1CM42_21_R_#153.avi,True,320
True,False,False,no_hand,native640,False,0.10004197247326374,2077,240,,,320,False,2.9600829584524035,,no_hand,True,False,0.04041707143187523,3.0694169690832496,3.1803330639377236,1CM42_21_R_#153.avi,True,320
True,False,False,no_hand,native640,False,0.19570800941437483,2077,360,,,480,False,3.161667031235993,,no_hand,True,False,0.5965830059722066,3.363249939866364,4.152958048507571,1CM42_21_R_#153.avi,True,480
True,False,False,no_hand,native640,False,0.3088749945163727,2077,480,,,640,False,3.153832978568971,,no_hand,True,False,0.000875093974173069,3.466875059530139,3.517625038512051,1CM42_21_R_#153.avi,True,640
True,False,False,no_hand,native640,False,0.3113750135526061,2078,480,,,640,False,3.2259159488603473,,no_hand,True,False,0.0007499475032091141,3.5424999659880996,3.6097910488024354,1CM42_21_R_#153.avi,True,640
True,False,False,no_hand,native640,False,0.16825005877763033,2078,360,,,480,False,3.0929159838706255,,no_hand,True,False,0.5829159636050463,3.2693330431357026,3.911915933713317,1CM42_21_R_#153.avi,True,480
True,False,False,no_hand,native640,False,0.07908290717750788,2078,240,,,320,False,3.091541933827102,,no_hand,True,False,0.04245794843882322,3.175332909449935,3.276582923717797,1CM42_21_R_#153.avi,True,320
True,False,False,no_hand,native640,False,0.07162499241530895,2079,240,,,320,False,2.9239580035209656,,no_hand,True,False,0.020749983377754688,3.000332973897457,3.079624962992966,1CM42_21_R_#153.avi,False,320
True,False,False,no_hand,native640,False,0.14558294788002968,2079,360,,,480,False,3.012666944414377,,no_hand,True,False,0.5923339631408453,3.162250039167702,3.861667006276548,1CM42_21_R_#153.avi,False,480
True,False,False,no_hand,native640,False,0.2245838986709714,2079,480,,,640,False,2.9512910405173898,,no_hand,True,False,0.08954200893640518,3.1801669392734766,3.36133292876184,1CM42_21_R_#153.avi,False,640
True,False,False,no_hand,native640,False,0.23875001352280378,2080,480,,,640,False,2.9284580377861857,,no_hand,True,False,0.000625033862888813,3.170875017531216,3.24887502938509,1CM42_21_R_#153.avi,False,640
True,False,False,no_hand,native640,False,0.16537506598979235,2080,360,,,480,False,3.1627919524908066,,no_hand,True,False,0.5846669664606452,3.3331250306218863,3.9707920514047146,1CM42_21_R_#153.avi,False,480
True,False,False,no_hand,native640,False,0.1064160605892539,2080,240,,,320,False,3.030708059668541,,no_hand,True,False,0.01829105895012617,3.1467080116271973,3.2543750712648034,1CM42_21_R_#153.avi,False,320
True,False,False,no_hand,native640,False,0.07354200351983309,2081,240,,,320,False,3.0009159818291664,,no_hand,True,False,0.02008303999900818,3.078875015489757,3.1668749870732427,1CM42_21_R_#153.avi,False,320
True,False,False,no_hand,native640,False,0.16525003593415022,2081,360,,,480,False,2.859292086213827,,no_hand,True,False,0.5956669338047504,3.0285000102594495,3.6892499774694443,1CM42_21_R_#153.avi,False,480
True,False,False,no_hand,native640,False,0.2483749995008111,2081,480,,,640,False,3.108375007286668,,no_hand,True,False,0.005707959644496441,3.360999980941415,3.4468750236555934,1CM42_21_R_#153.avi,False,640
True,False,False,no_hand,native640,False,0.22654200438410044,2082,480,,,640,False,3.1927089439705014,,no_hand,True,False,0.000584055669605732,3.4229590091854334,3.47241701092571,1CM42_21_R_#153.avi,False,640
True,False,False,no_hand,native640,False,0.188209000043571,2082,360,,,480,False,2.9818330658599734,,no_hand,True,False,0.6858749547973275,3.174041979946196,3.912040963768959,1CM42_21_R_#153.avi,False,480
True,False,False,no_hand,native640,False,0.07587496656924486,2082,240,,,320,False,3.038999973796308,,no_hand,True,False,0.018666964024305344,3.1187079148367047,3.188874921761453,1CM42_21_R_#153.avi,False,320
True,False,False,no_hand,native640,False,0.07320800796151161,2083,240,,,320,False,3.05133406072855,,no_hand,True,False,0.022833002731204033,3.1286660814657807,3.219667007215321,1CM42_21_R_#153.avi,False,320
True,False,False,no_hand,native640,False,0.139000010676682,2083,360,,,480,False,2.8915839502587914,,no_hand,True,False,0.5839579971507192,3.0351249733939767,3.675083047710359,1CM42_21_R_#153.avi,False,480
True,False,False,no_hand,native640,False,0.2792499726638198,2083,480,,,640,False,3.0139998998492956,,no_hand,True,False,0.0009170034900307655,3.29799996688962,3.443291992880404,1CM42_21_R_#153.avi,False,640
True,False,False,no_hand,native640,False,0.20237499848008156,2084,480,,,640,False,3.0780829256400466,,no_hand,True,False,0.0007080379873514175,3.285833983682096,3.3557499991729856,1CM42_21_R_#153.avi,False,640
True,False,False,no_hand,native640,False,0.13991701416671276,2084,360,,,480,False,3.0240409541875124,,no_hand,True,False,0.5843749968335032,3.168708994053304,3.8123750127851963,1CM42_21_R_#153.avi,False,480
True,False,False,no_hand,native640,False,0.07087504491209984,2084,240,,,320,False,2.984125050716102,,no_hand,True,False,0.036041950806975365,3.064582939259708,3.185875015333295,1CM42_21_R_#153.avi,False,320
True,False,False,no_hand,native640,False,0.07695902604609728,2085,240,,,320,False,3.022999968379736,,no_hand,True,False,0.01991703175008297,3.104417002759874,3.3125419868156314,1CM42_21_R_#153.avi,False,320
True,False,False,no_hand,native640,False,0.1897079637274146,2085,360,,,480,False,3.1817079288884997,,no_hand,True,False,0.5964590236544609,3.3754579490050673,4.036625032313168,1CM42_21_R_#153.avi,False,480
True,False,False,no_hand,native640,False,0.21049997303634882,2085,480,,,640,False,3.1002090545371175,,no_hand,True,False,0.0009160721674561501,3.3144589979201555,3.4166249679401517,1CM42_21_R_#153.avi,False,640
True,False,False,no_hand,native640,False,0.25916704908013344,2086,480,,,640,False,3.234999952837825,,no_hand,True,False,0.0005409820005297661,3.4985829843208194,3.5963329719379544,1CM42_21_R_#153.avi,False,640
True,False,False,no_hand,native640,False,0.1527499407529831,2086,360,,,480,False,3.03258397616446,,no_hand,True,False,0.6575000006705523,3.1891249818727374,3.90791695099324,1CM42_21_R_#153.avi,False,480
True,False,False,no_hand,native640,False,0.10033394210040569,2086,240,,,320,False,2.9990830225870013,,no_hand,True,False,0.06637501064687967,3.1037089647725224,3.21712507866323,1CM42_21_R_#153.avi,False,320
True,False,False,no_hand,native640,False,0.07858301978558302,2087,240,,,320,False,2.86754104308784,,no_hand,True,False,0.02274999860674143,2.949999994598329,3.030541935004294,1CM42_21_R_#153.avi,False,320
True,False,False,no_hand,native640,False,0.1935840118676424,2087,360,,,480,False,3.029333078302443,,no_hand,True,False,0.5898750387132168,3.2265839399769902,3.870874992571771,1CM42_21_R_#153.avi,False,480
True,False,False,no_hand,native640,False,0.3259159857407212,2087,480,,,640,False,2.8551670257002115,,no_hand,True,False,0.04437495954334736,3.1851250678300858,3.2846250105649233,1CM42_21_R_#153.avi,False,640
True,False,False,no_hand,native640,False,0.2572500379756093,2088,480,,,640,False,3.203667001798749,,no_hand,True,False,0.000500003807246685,3.4644169500097632,3.5637080436572433,1CM42_21_R_#153.avi,False,640
True,False,False,no_hand,native640,False,0.18916698172688484,2088,360,,,480,False,3.0185419600456953,,no_hand,True,False,0.5806669360026717,3.21274995803833,3.85274994187057,1CM42_21_R_#153.avi,False,480
True,False,False,no_hand,native640,False,0.0693340552970767,2088,240,,,320,False,2.952624927274883,,no_hand,True,False,0.09629200212657452,3.025792073458433,3.172083990648389,1CM42_21_R_#153.avi,False,320
True,False,False,no_hand,native640,False,0.0969999236986041,2089,240,,,320,False,2.8759579872712493,,no_hand,True,False,0.01995800994336605,2.976624993607402,3.0452499631792307,1CM42_21_R_#153.avi,False,320
True,False,False,no_hand,native640,False,0.1676660031080246,2089,360,,,480,False,3.065083990804851,,no_hand,True,False,0.5794160533696413,3.237582975998521,3.8727499777451158,1CM42_21_R_#153.avi,False,480
True,False,False,no_hand,native640,False,0.3036659909412265,2089,480,,,640,False,3.390916041098535,,no_hand,True,False,0.054958974942564964,3.704415983520448,3.854834008961916,1CM42_21_R_#153.avi,False,640
True,False,False,no_hand,native640,False,0.23220805451273918,2090,480,,,640,False,3.0306660337373614,,no_hand,True,False,0.0005830079317092896,3.2672079978510737,3.3566250931471586,1CM42_21_R_#153.avi,False,640
True,False,False,no_hand,native640,False,0.20733301062136889,2090,360,,,480,False,3.2122089760378003,,no_hand,True,False,0.6563339848071337,3.423374961130321,4.134166985750198,1CM42_21_R_#153.avi,False,480
True,False,False,no_hand,native640,False,0.06895791739225388,2090,240,,,320,False,3.272542031481862,,no_hand,True,False,0.021332991309463978,3.3509169006720185,3.4478750312700868,1CM42_21_R_#153.avi,False,320
True,False,False,no_hand,native640,False,0.0689999433234334,2091,240,,,320,False,2.990791923366487,,no_hand,True,False,0.057999975979328156,3.0635830480605364,3.2080409582704306,1CM42_21_R_#153.avi,False,320
True,False,False,no_hand,native640,False,0.17200002912431955,2091,360,,,480,False,2.9141249833628535,,no_hand,True,False,0.6037090206518769,3.090083017013967,3.8830420235171914,1CM42_21_R_#153.avi,False,480
True,False,False,no_hand,native640,False,0.30762492679059505,2091,480,,,640,False,3.1375830294564366,,no_hand,True,False,0.0008329516276717186,3.4496670123189688,3.6492079962044954,1CM42_21_R_#153.avi,False,640
True,False,False,no_hand,native640,False,0.21824997384101152,2092,480,,,640,False,3.0908749904483557,,no_hand,True,False,0.0005830079317092896,3.3131249947473407,3.4056250005960464,1CM42_21_R_#153.avi,False,640
True,False,False,no_hand,native640,False,0.18045795150101185,2092,360,,,480,False,3.204416949301958,,no_hand,True,False,0.5897920345887542,3.388624987564981,4.071166971698403,1CM42_21_R_#153.avi,False,480
True,False,False,no_hand,native640,False,0.06441597361117601,2092,240,,,320,False,3.0040410347282887,,no_hand,True,False,0.018166028894484043,3.0738329514861107,3.1448749359697104,1CM42_21_R_#153.avi,False,320
True,False,False,no_hand,native640,False,0.0993749126791954,2093,240,,,320,False,3.352500032633543,,no_hand,True,False,0.03999995533376932,3.4567079273983836,3.582499921321869,1CM42_21_R_#153.avi,False,320
True,False,False,no_hand,native640,False,0.1949999714270234,2093,360,,,480,False,2.969500026665628,,no_hand,True,False,0.7114999461919069,3.168625058606267,3.9325000252574682,1CM42_21_R_#153.avi,False,480
True,False,False,no_hand,native640,False,0.28024998027831316,2093,480,,,640,False,3.1724590808153152,,no_hand,True,False,0.001125037670135498,3.4571660216897726,3.5115829668939114,1CM42_21_R_#153.avi,False,640
True,False,False,no_hand,native640,False,0.26904104743152857,2094,480,,,640,False,3.0877080280333757,,no_hand,True,False,0.0006249174475669861,3.362540970556438,3.441917011514306,1CM42_21_R_#153.avi,False,640
True,False,False,no_hand,native640,False,0.14287501107901335,2094,360,,,480,False,3.1013749539852142,,no_hand,True,False,0.6023750174790621,3.248834051191807,4.006125032901764,1CM42_21_R_#153.avi,False,480
True,False,False,no_hand,native640,False,0.1062500523403287,2094,240,,,320,False,3.1051250407472253,,no_hand,True,False,0.05324999801814556,3.2185830641537905,3.365082899108529,1CM42_21_R_#153.avi,False,320
True,False,False,no_hand,native640,False,0.11666701175272465,2095,240,,,320,False,2.8647499857470393,,no_hand,True,False,0.04070799332112074,2.987832995131612,3.085415926761925,1CM42_21_R_#153.avi,False,320
True,False,False,no_hand,native640,False,0.18295901827514172,2095,360,,,480,False,3.054959001019597,,no_hand,True,False,0.5982080474495888,3.24887502938509,3.9316669572144747,1CM42_21_R_#153.avi,False,480
True,False,False,no_hand,native640,False,0.314209028147161,2095,480,,,640,False,2.940082922577858,,no_hand,True,False,0.034125056117773056,3.2585840672254562,3.3432079944759607,1CM42_21_R_#153.avi,False,640
True,False,False,no_hand,native640,False,0.27779198717325926,2096,480,,,640,False,2.9667080380022526,,no_hand,True,False,0.000584055669605732,3.250041976571083,3.426250070333481,1CM42_21_R_#153.avi,False,640
True,False,False,no_hand,native640,False,0.18241594079881907,2096,360,,,480,False,3.322166041471064,,no_hand,True,False,0.7099999347701669,3.5103749250993133,4.346666042692959,1CM42_21_R_#153.avi,False,480
True,False,False,no_hand,native640,False,0.09987503290176392,2096,240,,,320,False,2.967833075672388,,no_hand,True,False,0.01820910256356001,3.0729579739272594,3.146959003061056,1CM42_21_R_#153.avi,False,320
True,False,False,no_hand,native640,False,0.07283291779458523,2097,240,,,320,False,2.8005839558318257,,no_hand,True,False,0.024333014152944088,2.8775419341400266,2.962916041724384,1CM42_21_R_#153.avi,False,320
True,False,False,no_hand,native640,False,0.14629203360527754,2097,360,,,480,False,3.087958903051913,,no_hand,True,False,0.5829159636050463,3.2389999832957983,3.8804160431027412,1CM42_21_R_#153.avi,False,480
True,False,False,no_hand,native640,False,0.21712493617087603,2097,480,,,640,False,3.445000038482249,,no_hand,True,False,0.00100000761449337,3.6698749754577875,3.9568330394104123,1CM42_21_R_#153.avi,False,640
True,False,False,no_hand,native640,False,0.29966607689857483,2098,480,,,640,False,3.0230419943109155,,no_hand,True,False,0.001416075974702835,3.3344581024721265,3.42233304399997,1CM42_21_R_#153.avi,False,640
True,False,False,no_hand,native640,False,0.18754205666482449,2098,360,,,480,False,3.217583056539297,,no_hand,True,False,0.5940420087426901,3.4144590608775616,4.2089170310646296,1CM42_21_R_#153.avi,False,480
True,False,False,no_hand,native640,False,0.07437507156282663,2098,240,,,320,False,2.880541025660932,,no_hand,True,False,0.02316699828952551,2.9597909888252616,3.0353328911587596,1CM42_21_R_#153.avi,False,320
True,False,False,no_hand,native640,False,0.08050003089010715,2099,240,,,320,False,3.030083025805652,,no_hand,True,False,0.020707957446575165,3.1150829745456576,3.189624985679984,1CM42_21_R_#153.avi,False,320
True,False,False,no_hand,native640,False,0.1511248992756009,2099,360,,,480,False,3.0695419991388917,,no_hand,True,False,0.5915829678997397,3.2260000007227063,3.9704579394310713,1CM42_21_R_#153.avi,False,480
True,False,False,no_hand,native640,False,0.2945830347016454,2099,480,,,640,False,3.254916984587908,,no_hand,True,False,0.10895798914134502,3.5544580314308405,3.7216669879853725,1CM42_21_R_#153.avi,False,640
True,False,False,no_hand,native640,False,0.2731670392677188,2100,480,,,640,False,3.2704579643905163,,no_hand,True,False,0.0005830079317092896,3.5492500755935907,3.6206659860908985,1CM42_21_R_#153.avi,False,640
True,False,False,no_hand,native640,False,0.16845902428030968,2100,360,,,480,False,3.3356669591739774,,no_hand,True,False,0.704374979250133,3.5083340480923653,4.267957992851734,1CM42_21_R_#153.avi,False,480
True,False,False,no_hand,native640,False,0.09612494613975286,2100,240,,,320,False,3.0760420486330986,,no_hand,True,False,0.03950006794184446,3.1764169689267874,3.294791094958782,1CM42_21_R_#153.avi,False,320
True,False,False,no_hand,native640,False,0.07100007496774197,2101,240,,,320,False,3.03762499243021,,no_hand,True,False,0.020540901459753513,3.1126249814406037,3.2039579236879945,1CM42_21_R_#153.avi,False,320
True,False,False,no_hand,native640,False,0.1562919933348894,2101,360,,,480,False,2.9295000713318586,,no_hand,True,False,0.6071670213714242,3.09112505055964,3.7592919543385506,1CM42_21_R_#153.avi,False,480
True,False,False,no_hand,native640,False,0.22270798217505217,2101,480,,,640,False,2.9767919331789017,,no_hand,True,False,0.001209089532494545,3.204624983482063,3.3013750799000263,1CM42_21_R_#153.avi,False,640
True,False,False,no_hand,native640,False,0.27916592080146074,2102,480,,,640,False,2.993499976582825,,no_hand,True,False,0.0006670597940683365,3.276582923717797,3.4297920065000653,1CM42_21_R_#153.avi,False,640
True,False,False,no_hand,native640,False,0.16620801761746407,2102,360,,,480,False,3.581833909265697,,no_hand,True,False,0.5947910249233246,3.753499942831695,4.412207985296845,1CM42_21_R_#153.avi,False,480
True,False,False,no_hand,native640,False,0.07225002627819777,2102,240,,,320,False,2.811916987411678,,no_hand,True,False,0.018832972273230553,2.8885420178994536,2.949290908873081,1CM42_21_R_#153.avi,False,320
True,False,False,no_hand,native640,False,0.09329104796051979,2103,240,,,320,False,3.023124998435378,,no_hand,True,False,0.02079200930893421,3.1215830240398645,3.2976249931380153,1CM42_21_R_#153.avi,False,320
True,False,False,no_hand,native640,False,0.17795804888010025,2103,360,,,480,False,3.125249990262091,,no_hand,True,False,0.7139589870348573,3.3087909687310457,4.139625001698732,1CM42_21_R_#153.avi,False,480
True,False,False,no_hand,native640,False,0.22966705728322268,2103,480,,,640,False,3.209624905139208,,no_hand,True,False,0.0010409858077764511,3.443749970756471,3.5344159696251154,1CM42_21_R_#153.avi,False,640
True,False,False,no_hand,native640,False,0.31049991957843304,2104,480,,,640,False,3.0318329809233546,,no_hand,True,False,0.0006670597940683365,3.347791964188218,3.4192500170320272,1CM42_21_R_#153.avi,False,640
True,False,False,no_hand,native640,False,0.1889999257400632,2104,360,,,480,False,3.0412080232053995,,no_hand,True,False,0.584250083193183,3.2346670050174,3.9138339925557375,1CM42_21_R_#153.avi,False,480
True,False,False,no_hand,native640,False,0.09975000284612179,2104,240,,,320,False,3.3708750270307064,,no_hand,True,False,0.054582953453063965,3.4760000417008996,3.746291040442884,1CM42_21_R_#153.avi,False,320
True,False,False,no_hand,native640,False,0.08841603994369507,2105,240,,,320,False,2.8635000344365835,,no_hand,True,False,0.02645794302225113,2.956541022285819,3.0303329695016146,1CM42_21_R_#153.avi,False,320
True,False,False,no_hand,native640,False,0.17820799257606268,2105,360,,,480,False,2.928250003606081,,no_hand,True,False,0.5923750577494502,3.111082944087684,3.7570830900222063,1CM42_21_R_#153.avi,False,480
True,False,False,no_hand,native640,False,0.2870410680770874,2105,480,,,640,False,2.9306249925866723,,no_hand,True,False,0.001125037670135498,3.2217500265687704,3.281041979789734,1CM42_21_R_#153.avi,False,640
True,False,False,no_hand,native640,False,0.21291698794811964,2106,480,,,640,False,2.9332919511944056,,no_hand,True,False,0.0006670597940683365,3.150042030028999,3.199291997589171,1CM42_21_R_#153.avi,False,640
True,False,False,no_hand,native640,False,0.14983303844928741,2106,360,,,480,False,3.090416081249714,,no_hand,True,False,0.5909579340368509,3.245583036914468,3.9052499923855066,1CM42_21_R_#153.avi,False,480
True,False,False,no_hand,native640,False,0.11787493713200092,2106,240,,,320,False,3.120583016425371,,no_hand,True,False,0.13870792463421822,3.242249949835241,3.4261669497936964,1CM42_21_R_#153.avi,False,320
True,False,False,no_hand,native640,False,0.06541609764099121,2107,240,,,320,False,3.470083000138402,,no_hand,True,False,0.023250002413988113,3.5425000824034214,3.651999984867871,1CM42_21_R_#153.avi,False,320
True,False,False,no_hand,native640,False,0.17387489788234234,2107,360,,,480,False,2.890666015446186,,no_hand,True,False,0.622584018856287,3.0686669051647186,3.743667039088905,1CM42_21_R_#153.avi,False,480
True,False,False,no_hand,native640,False,0.27841702103614807,2107,480,,,640,False,3.522792016156018,,no_hand,True,False,0.5720000481233001,3.809042042121291,4.468792001716793,1CM42_21_R_#153.avi,False,640
True,False,False,no_hand,native640,False,0.3060000017285347,2108,480,,,640,False,3.2016669865697622,,no_hand,True,False,0.001334003172814846,3.512792056426406,3.650416969321668,1CM42_21_R_#153.avi,False,640
True,False,False,no_hand,native640,False,0.20100001711398363,2108,360,,,480,False,3.622584044933319,,no_hand,True,False,0.5860419478267431,3.8297499995678663,4.619917017407715,1CM42_21_R_#153.avi,False,480
True,False,False,no_hand,native640,False,0.0868749339133501,2108,240,,,320,False,2.9762079939246178,,no_hand,True,False,0.05975004751235247,3.0687079997733235,3.182042040862143,1CM42_21_R_#153.avi,False,320
True,False,False,no_hand,native640,False,0.07279205601662397,2109,240,,,320,False,3.0432500643655658,,no_hand,True,False,0.0391670037060976,3.1207080464810133,3.327084006741643,1CM42_21_R_#153.avi,False,320
True,False,False,no_hand,native640,False,0.19254209473729134,2109,360,,,480,False,3.134666010737419,,no_hand,True,False,0.5985829047858715,3.332375083118677,4.006332950666547,1CM42_21_R_#153.avi,False,480
True,False,False,no_hand,native640,False,0.279415980912745,2109,480,,,640,False,3.26475000474602,,no_hand,True,False,0.0009579816833138466,3.549208049662411,3.612124943174422,1CM42_21_R_#153.avi,False,640
True,False,False,no_hand,native640,False,0.2275839215144515,2110,480,,,640,False,3.1711249612271786,,no_hand,True,False,0.0009170034900307655,3.4047499066218734,3.499833052046597,1CM42_21_R_#153.avi,False,640
True,False,False,no_hand,native640,False,0.1800000900402665,2110,360,,,480,False,3.054249915294349,,no_hand,True,False,0.5844159750267863,3.2398750772699714,3.968624980188906,1CM42_21_R_#153.avi,False,480
True,False,False,no_hand,native640,False,0.11454196646809578,2110,240,,,320,False,3.04079195484519,,no_hand,True,False,0.048042042180895805,3.1604169635102153,3.2664170721545815,1CM42_21_R_#153.avi,False,320
True,False,False,no_hand,native640,False,0.06929202936589718,2111,240,,,320,False,2.9987499583512545,,no_hand,True,False,0.021292013116180897,3.072042018175125,3.1525830272585154,1CM42_21_R_#153.avi,False,320
True,False,False,no_hand,native640,False,0.1468330156058073,2111,360,,,480,False,3.054542001336813,,no_hand,True,False,0.5937919486314058,3.20508296135813,3.916374989785254,1CM42_21_R_#153.avi,False,480
True,False,False,no_hand,native640,False,0.28604199178516865,2111,480,,,640,False,3.2017090125009418,,no_hand,True,False,0.000875093974173069,3.4924590727314353,3.5440000938251615,1CM42_21_R_#153.avi,False,640
True,False,False,no_hand,native640,False,0.2252919366583228,2112,480,,,640,False,3.162874956615269,,no_hand,True,False,0.0007499475032091141,3.392333979718387,3.461875021457672,1CM42_21_R_#153.avi,False,640
True,False,False,no_hand,native640,False,0.17200002912431955,2112,360,,,480,False,3.0123330652713776,,no_hand,True,False,0.5891249747946858,3.1880419701337814,3.8325419882312417,1CM42_21_R_#153.avi,False,480
True,False,False,no_hand,native640,False,0.08195801638066769,2112,240,,,320,False,3.118625027127564,,no_hand,True,False,0.018666032701730728,3.20491602178663,3.272291040048003,1CM42_21_R_#153.avi,False,320
True,False,False,no_hand,native640,False,0.07562502287328243,2113,240,,,320,False,3.213374991901219,,no_hand,True,False,0.02087489701807499,3.296916955150664,3.371124970726669,1CM42_21_R_#153.avi,False,320
True,False,False,no_hand,native640,False,0.2032080665230751,2113,360,,,480,False,2.9014170868322253,,no_hand,True,False,0.6704159313812852,3.1084170332178473,3.8313749246299267,1CM42_21_R_#153.avi,False,480
True,False,False,no_hand,native640,False,0.2666250802576542,2113,480,,,640,False,3.1965840607881546,,no_hand,True,False,0.09116600267589092,3.4679999807849526,3.61949997022748,1CM42_21_R_#153.avi,False,640
True,False,False,no_hand,upscale1920,False,1.7300830222666264,2074,1440,,,1920,False,4.843540955334902,,no_hand,True,False,0.0014170072972774506,6.582791917026043,6.914250086992979,1CM42_21_R_#153.avi,True,1920
True,False,False,no_hand,upscale1920,False,1.1518329847604036,2074,960,,,1280,False,3.917124937288463,,no_hand,True,False,2.0910840248689055,5.077791982330382,7.5251670787110925,1CM42_21_R_#153.avi,True,1280
True,False,False,no_hand,upscale1920,False,0.6487090140581131,2074,720,,,960,False,3.502374980598688,,no_hand,True,False,0.34854200202971697,4.1585840517655015,4.713083035312593,1CM42_21_R_#153.avi,True,960
True,False,False,no_hand,upscale1920,False,0.3270829329267144,2074,480,,,640,False,3.6072080256417394,,no_hand,True,False,0.7477919571101665,3.9411659818142653,4.844167036935687,1CM42_21_R_#153.avi,True,640
True,False,False,no_hand,upscale1920,False,0.30454201623797417,2075,480,,,640,False,3.183166030794382,,no_hand,True,False,0.6145419320091605,3.4934579161927104,4.186125006526709,1CM42_21_R_#153.avi,True,640
True,False,False,no_hand,upscale1920,False,0.6027080817148089,2075,720,,,960,False,4.2870830511674285,,no_hand,True,False,0.2822079695761204,4.895791062153876,5.302582983858883,1CM42_21_R_#153.avi,True,960
True,False,False,no_hand,upscale1920,False,0.9579169563949108,2075,960,,,1280,False,3.6892499774694443,,no_hand,True,False,2.0080419490113854,4.652792005799711,6.96758390404284,1CM42_21_R_#153.avi,True,1280
True,False,False,no_hand,upscale1920,False,1.6243749996647239,2075,1440,,,1920,False,5.245584063231945,,no_hand,True,False,0.07695902604609728,6.874874932691455,7.3112089885398746,1CM42_21_R_#153.avi,True,1920
True,False,False,no_hand,upscale1920,False,1.6246249433606863,2076,1440,,,1920,False,6.016999948769808,,no_hand,True,False,0.14158303383737803,7.6485410099849105,8.135166950523853,1CM42_21_R_#153.avi,True,1920
True,False,False,no_hand,upscale1920,False,1.354500069282949,2076,960,,,1280,False,5.157459061592817,,no_hand,True,False,1.4229579828679562,6.519709015265107,8.252625004388392,1CM42_21_R_#153.avi,True,1280
True,False,False,no_hand,upscale1920,False,0.6953750271350145,2076,720,,,960,False,4.2449579341337085,,no_hand,True,False,0.36912492942065,4.9457920249551535,5.5259589571505785,1CM42_21_R_#153.avi,True,960
True,False,False,no_hand,upscale1920,False,0.25637494400143623,2076,480,,,640,False,3.2207079930230975,,no_hand,True,False,0.6459170253947377,3.482333035208285,4.42495895549655,1CM42_21_R_#153.avi,True,640
True,False,False,no_hand,upscale1920,False,0.29562506824731827,2077,480,,,640,False,3.112750011496246,,no_hand,True,False,0.6089170929044485,3.4132080618292093,4.094000090844929,1CM42_21_R_#153.avi,True,640
True,False,False,no_hand,upscale1920,False,0.5736659513786435,2077,720,,,960,False,3.208833048120141,,no_hand,True,False,0.2721669152379036,3.7886659847572446,4.314541933126748,1CM42_21_R_#153.avi,True,960
True,False,False,no_hand,upscale1920,False,1.1476250365376472,2077,960,,,1280,False,4.104292020201683,,no_hand,True,False,2.1450829226523638,5.258750054053962,7.611915934830904,1CM42_21_R_#153.avi,True,1280
True,False,False,no_hand,upscale1920,False,1.5318338992074132,2077,1440,,,1920,False,4.566958057694137,,no_hand,True,False,0.1105000264942646,6.105791893787682,6.487166974693537,1CM42_21_R_#153.avi,True,1920
True,False,False,no_hand,upscale1920,False,1.5246659750118852,2078,1440,,,1920,False,4.432208021171391,,no_hand,True,False,0.08174998220056295,5.963666015304625,6.304583977907896,1CM42_21_R_#153.avi,True,1920
True,False,False,no_hand,upscale1920,False,0.9880840079858899,2078,960,,,1280,False,3.589457948692143,,no_hand,True,False,1.9143749959766865,4.585167043842375,6.7177918972447515,1CM42_21_R_#153.avi,True,1280
True,False,False,no_hand,upscale1920,False,0.6194170564413071,2078,720,,,960,False,3.3425838919356465,,no_hand,True,False,0.3872920060530305,3.967083990573883,4.559125052765012,1CM42_21_R_#153.avi,True,960
True,False,False,no_hand,upscale1920,False,0.27674995362758636,2078,480,,,640,False,3.4354160306975245,,no_hand,True,False,0.6892499513924122,3.717290936037898,4.516041954047978,1CM42_21_R_#153.avi,True,640
True,False,False,no_hand,upscale1920,False,0.297082937322557,2079,480,,,640,False,2.964375074952841,,no_hand,True,False,0.705916085280478,3.2661249861121178,4.023541114293039,1CM42_21_R_#153.avi,False,640
True,False,False,no_hand,upscale1920,False,0.5356250330805779,2079,720,,,960,False,3.09495790861547,,no_hand,True,False,0.21891703363507986,3.6355420015752316,4.032750031910837,1CM42_21_R_#153.avi,False,960
True,False,False,no_hand,upscale1920,False,1.1077079689130187,2079,960,,,1280,False,3.61333298496902,,no_hand,True,False,2.0104999421164393,4.726500017568469,7.021541940048337,1CM42_21_R_#153.avi,False,1280
True,False,False,no_hand,upscale1920,False,1.578790950588882,2079,1440,,,1920,False,4.5505419839173555,,no_hand,True,False,0.06958306767046452,6.136500043794513,6.466499995440245,1CM42_21_R_#153.avi,False,1920
True,False,False,no_hand,upscale1920,False,1.7089160392060876,2080,1440,,,1920,False,4.645333043299615,,no_hand,True,False,0.0889170914888382,6.365166045725346,6.728374981321394,1CM42_21_R_#153.avi,False,1920
True,False,False,no_hand,upscale1920,False,0.9946250356733799,2080,960,,,1280,False,3.690666053444147,,no_hand,True,False,2.0037919748574495,4.694540984928608,6.959125050343573,1CM42_21_R_#153.avi,False,1280
True,False,False,no_hand,upscale1920,False,0.649666995741427,2080,720,,,960,False,3.783290972933173,,no_hand,True,False,0.3659999929368496,4.437542054802179,4.937874968163669,1CM42_21_R_#153.avi,False,960
True,False,False,no_hand,upscale1920,False,0.25829102378338575,2080,480,,,640,False,3.0117499409243464,,no_hand,True,False,0.6785839796066284,3.2746660290285945,4.149625077843666,1CM42_21_R_#153.avi,False,640
True,False,False,no_hand,upscale1920,False,0.23154192604124546,2081,480,,,640,False,3.0591670656576753,,no_hand,True,False,0.6081670289859176,3.2956249779090285,3.9685829542577267,1CM42_21_R_#153.avi,False,640
True,False,False,no_hand,upscale1920,False,0.6551669212058187,2081,720,,,960,False,3.3585840137675405,,no_hand,True,False,0.2571250079199672,4.021457978524268,4.406583029776812,1CM42_21_R_#153.avi,False,960
True,False,False,no_hand,upscale1920,False,0.9561250917613506,2081,960,,,1280,False,3.747458918951452,,no_hand,True,False,1.4429589500650764,4.708958091214299,6.388499983586371,1CM42_21_R_#153.avi,False,1280
True,False,False,no_hand,upscale1920,False,1.6070420388132334,2081,1440,,,1920,False,4.671250004321337,,no_hand,True,False,0.07604190614074469,6.285917013883591,6.653082906268537,1CM42_21_R_#153.avi,False,1920
True,False,False,no_hand,upscale1920,False,1.659541972912848,2082,1440,,,1920,False,5.571458023041487,,no_hand,True,False,0.07933296728879213,7.243082975037396,7.622458040714264,1CM42_21_R_#153.avi,False,1920
True,False,False,no_hand,upscale1920,False,1.1246249778196216,2082,960,,,1280,False,4.710125038400292,,no_hand,True,False,1.7202500021085143,5.841457983478904,7.883792044594884,1CM42_21_R_#153.avi,False,1280
True,False,False,no_hand,upscale1920,False,0.6690840236842632,2082,720,,,960,False,3.185334033332765,,no_hand,True,False,0.6872080266475677,3.8624589797109365,4.735916969366372,1CM42_21_R_#153.avi,False,960
True,False,False,no_hand,upscale1920,False,0.2952920040115714,2082,480,,,640,False,3.955292049795389,,no_hand,True,False,0.8091669296845794,4.255292005836964,5.229166941717267,1CM42_21_R_#153.avi,False,640
True,False,False,no_hand,upscale1920,False,0.2857910003513098,2083,480,,,640,False,3.8454170571640134,,no_hand,True,False,0.5994579987600446,4.137375042773783,4.807625082321465,1CM42_21_R_#153.avi,False,640
True,False,False,no_hand,upscale1920,False,0.6026249611750245,2083,720,,,960,False,3.327416954562068,,no_hand,True,False,0.27124991174787283,3.9350829320028424,4.335374920628965,1CM42_21_R_#153.avi,False,960
True,False,False,no_hand,upscale1920,False,1.199082937091589,2083,960,,,1280,False,3.5784579813480377,,no_hand,True,False,2.034125034697354,4.782374948263168,7.018125033937395,1CM42_21_R_#153.avi,False,1280
True,False,False,no_hand,upscale1920,False,1.5284159453585744,2083,1440,,,1920,False,4.6675000339746475,,no_hand,True,False,0.052875024266541004,6.202791002579033,6.532667088322341,1CM42_21_R_#153.avi,False,1920
True,False,False,no_hand,upscale1920,False,1.6873750137165189,2084,1440,,,1920,False,4.709291970357299,,no_hand,True,False,0.09345810394734144,6.409832974895835,6.817000103183091,1CM42_21_R_#153.avi,False,1920
True,False,False,no_hand,upscale1920,False,1.1113750515505672,2084,960,,,1280,False,3.589874948374927,,no_hand,True,False,2.04454199410975,4.7075409675017,6.973916897550225,1CM42_21_R_#153.avi,False,1280
True,False,False,no_hand,upscale1920,False,0.6881669396534562,2084,720,,,960,False,3.801124985329807,,no_hand,True,False,0.3702089888975024,4.4947079150006175,5.0562500255182385,1CM42_21_R_#153.avi,False,960
True,False,False,no_hand,upscale1920,False,0.311249983496964,2084,480,,,640,False,4.243333009071648,,no_hand,True,False,0.7777500431984663,4.563917056657374,5.4127920884639025,1CM42_21_R_#153.avi,False,640
True,False,False,no_hand,upscale1920,False,0.33958302810788155,2085,480,,,640,False,3.711499972268939,,no_hand,True,False,0.6106660002842546,4.057917045429349,4.737499984912574,1CM42_21_R_#153.avi,False,640
True,False,False,no_hand,upscale1920,False,0.6352919153869152,2085,720,,,960,False,3.2289590453729033,,no_hand,True,False,0.290708034299314,3.8692919770255685,4.273416008800268,1CM42_21_R_#153.avi,False,960
True,False,False,no_hand,upscale1920,False,1.0206250008195639,2085,960,,,1280,False,3.572374931536615,,no_hand,True,False,2.122374949976802,4.602000000886619,6.942415959201753,1CM42_21_R_#153.avi,False,1280
True,False,False,no_hand,upscale1920,False,1.4894159976392984,2085,1440,,,1920,False,4.676500102505088,,no_hand,True,False,0.12691691517829895,6.17620802950114,6.635999889113009,1CM42_21_R_#153.avi,False,1920
True,False,False,no_hand,upscale1920,False,1.5602910425513983,2086,1440,,,1920,False,4.741167067550123,,no_hand,True,False,0.09724998380988836,6.310958066023886,6.7012920044362545,1CM42_21_R_#153.avi,False,1920
True,False,False,no_hand,upscale1920,False,0.9666249388828874,2086,960,,,1280,False,4.000207991339266,,no_hand,True,False,2.1487920312210917,4.973582923412323,7.291833986528218,1CM42_21_R_#153.avi,False,1280
True,False,False,no_hand,upscale1920,False,0.6032090168446302,2086,720,,,960,False,3.6727089900523424,,no_hand,True,False,0.38995896466076374,4.282541922293603,4.843416973017156,1CM42_21_R_#153.avi,False,960
True,False,False,no_hand,upscale1920,False,0.2902909182012081,2086,480,,,640,False,3.9765830151736736,,no_hand,True,False,0.6404579617083073,4.273999948054552,5.023457924835384,1CM42_21_R_#153.avi,False,640
True,False,False,no_hand,upscale1920,False,0.3171670250594616,2087,480,,,640,False,3.9471669588238,,no_hand,True,False,0.6402080180123448,4.269541939720511,4.987917025573552,1CM42_21_R_#153.avi,False,640
True,False,False,no_hand,upscale1920,False,0.630541006103158,2087,720,,,960,False,3.18266695830971,,no_hand,True,False,0.4024580121040344,3.8191659841686487,4.354791017249227,1CM42_21_R_#153.avi,False,960
True,False,False,no_hand,upscale1920,False,0.993667053990066,2087,960,,,1280,False,3.864333964884281,,no_hand,True,False,1.9657500088214874,4.863917012698948,7.059417082928121,1CM42_21_R_#153.avi,False,1280
True,False,False,no_hand,upscale1920,False,1.6224579885601997,2087,1440,,,1920,False,4.852499929256737,,no_hand,True,False,0.05654210690408945,6.482832948677242,6.850250065326691,1CM42_21_R_#153.avi,False,1920
True,False,False,no_hand,upscale1920,False,1.6312920488417149,2088,1440,,,1920,False,4.847415955737233,,no_hand,True,False,0.11000002268701792,6.488208076916635,6.907958071678877,1CM42_21_R_#153.avi,False,1920
True,False,False,no_hand,upscale1920,False,1.0186670115217566,2088,960,,,1280,False,4.373749950900674,,no_hand,True,False,1.9299170235171914,5.398666951805353,7.5116249499842525,1CM42_21_R_#153.avi,False,1280
True,False,False,no_hand,upscale1920,False,0.6726249121129513,2088,720,,,960,False,4.011959070339799,,no_hand,True,False,0.47241710126399994,4.69183293171227,5.295875016599894,1CM42_21_R_#153.avi,False,960
True,False,False,no_hand,upscale1920,False,0.2857500221580267,2088,480,,,640,False,3.43354104552418,,no_hand,True,False,0.6674999604001641,3.726957947947085,4.530083038844168,1CM42_21_R_#153.avi,False,640
True,False,False,no_hand,upscale1920,False,0.2954578958451748,2089,480,,,640,False,2.9762079939246178,,no_hand,True,False,0.6660420913249254,3.2773748971521854,4.045083071105182,1CM42_21_R_#153.avi,False,640
True,False,False,no_hand,upscale1920,False,0.6244169780984521,2089,720,,,960,False,3.3825410064309835,,no_hand,True,False,0.3076669527217746,4.012541961856186,4.4943749671801925,1CM42_21_R_#153.avi,False,960
True,False,False,no_hand,upscale1920,False,0.94466598238796,2089,960,,,1280,False,3.476459067314863,,no_hand,True,False,2.0609580678865314,4.428375046700239,6.6789580741897225,1CM42_21_R_#153.avi,False,1280
True,False,False,no_hand,upscale1920,False,1.692584017291665,2089,1440,,,1920,False,5.123000009916723,,no_hand,True,False,0.11212495155632496,6.822334020398557,7.202832959592342,1CM42_21_R_#153.avi,False,1920
True,False,False,no_hand,upscale1920,False,1.5715830959379673,2090,1440,,,1920,False,4.610917065292597,,no_hand,True,False,0.09312492329627275,6.190958083607256,6.573749938979745,1CM42_21_R_#153.avi,False,1920
True,False,False,no_hand,upscale1920,False,1.0321249719709158,2090,960,,,1280,False,3.506458015181124,,no_hand,True,False,1.9963750382885337,4.545208066701889,6.8058749893680215,1CM42_21_R_#153.avi,False,1280
True,False,False,no_hand,upscale1920,False,0.6323750130832195,2090,720,,,960,False,3.421542001888156,,no_hand,True,False,0.40904199704527855,4.0607909904792905,4.714084090664983,1CM42_21_R_#153.avi,False,960
True,False,False,no_hand,upscale1920,False,0.2922499552369118,2090,480,,,640,False,3.1415000557899475,,no_hand,True,False,0.639250036329031,3.43916704878211,4.480583011172712,1CM42_21_R_#153.avi,False,640
True,False,False,no_hand,upscale1920,False,0.24924997705966234,2091,480,,,640,False,3.061791998334229,,no_hand,True,False,0.6225829711183906,3.3160829916596413,3.9994160179048777,1CM42_21_R_#153.avi,False,640
True,False,False,no_hand,upscale1920,False,0.5843330873176455,2091,720,,,960,False,3.495124983601272,,no_hand,True,False,0.21645799279212952,4.084917018190026,4.529249970801175,1CM42_21_R_#153.avi,False,960
True,False,False,no_hand,upscale1920,False,1.0712500661611557,2091,960,,,1280,False,3.636582987383008,,no_hand,True,False,2.0678750006482005,4.7148329904302955,6.987750064581633,1CM42_21_R_#153.avi,False,1280
True,False,False,no_hand,upscale1920,False,1.6142920358106494,2091,1440,,,1920,False,4.7303750179708,,no_hand,True,False,0.06595801096409559,6.356875062920153,6.7269999999552965,1CM42_21_R_#153.avi,False,1920
True,False,False,no_hand,upscale1920,False,1.6693329671397805,2092,1440,,,1920,False,4.69279196113348,,no_hand,True,False,0.11433404870331287,6.372374948114157,6.791874999180436,1CM42_21_R_#153.avi,False,1920
True,False,False,no_hand,upscale1920,False,1.1275829747319221,2092,960,,,1280,False,4.052707925438881,,no_hand,True,False,1.9925829255953431,5.188124952837825,7.429707911796868,1CM42_21_R_#153.avi,False,1280
True,False,False,no_hand,upscale1920,False,0.5482080159708858,2092,720,,,960,False,3.8574999198317528,,no_hand,True,False,0.3258329816162586,4.411333007737994,5.066875019110739,1CM42_21_R_#153.avi,False,960
True,False,False,no_hand,upscale1920,False,0.28308399487286806,2092,480,,,640,False,3.018666058778763,,no_hand,True,False,0.7302500307559967,3.3066249452531338,4.098957986570895,1CM42_21_R_#153.avi,False,640
True,False,False,no_hand,upscale1920,False,0.25062495842576027,2093,480,,,640,False,2.8489159885793924,,no_hand,True,False,0.6397090619429946,3.1046669464558363,3.9112090598791838,1CM42_21_R_#153.avi,False,640
True,False,False,no_hand,upscale1920,False,0.5701660411432385,2093,720,,,960,False,3.19825008045882,,no_hand,True,False,0.2387920394539833,3.773750038817525,4.127667052671313,1CM42_21_R_#153.avi,False,960
True,False,False,no_hand,upscale1920,False,1.04991695843637,2093,960,,,1280,False,3.714666934683919,,no_hand,True,False,2.1380000980570912,4.775249981321394,7.153250044211745,1CM42_21_R_#153.avi,False,1280
True,False,False,no_hand,upscale1920,False,1.5597499441355467,2093,1440,,,1920,False,4.713583970442414,,no_hand,True,False,0.050749978981912136,6.284708972088993,6.616749917156994,1CM42_21_R_#153.avi,False,1920
True,False,False,no_hand,upscale1920,False,1.4846250414848328,2094,1440,,,1920,False,4.629790899343789,,no_hand,True,False,0.08625001646578312,6.1258330242708325,6.493334076367319,1CM42_21_R_#153.avi,False,1920
True,False,False,no_hand,upscale1920,False,0.9458339773118496,2094,960,,,1280,False,4.838000051677227,,no_hand,True,False,1.9977919291704893,5.791042000055313,8.362832944840193,1CM42_21_R_#153.avi,False,1280
True,False,False,no_hand,upscale1920,False,0.5952090723440051,2094,720,,,960,False,4.146042047068477,,no_hand,True,False,0.36441697739064693,4.751292057335377,5.461875000037253,1CM42_21_R_#153.avi,False,960
True,False,False,no_hand,upscale1920,False,0.35495904739946127,2094,480,,,640,False,3.2688749488443136,,no_hand,True,False,0.6517079891636968,3.628875012509525,4.349124967120588,1CM42_21_R_#153.avi,False,640
True,False,False,no_hand,upscale1920,False,0.28629100415855646,2095,480,,,640,False,3.0044999439269304,,no_hand,True,False,0.6209589773789048,3.2975830836221576,4.289209027774632,1CM42_21_R_#153.avi,False,640
True,False,False,no_hand,upscale1920,False,0.5879170494154096,2095,720,,,960,False,3.0765000265091658,,no_hand,True,False,0.2502910792827606,3.6693339934572577,4.080041078850627,1CM42_21_R_#153.avi,False,960
True,False,False,no_hand,upscale1920,False,0.9982500923797488,2095,960,,,1280,False,3.8694579852744937,,no_hand,True,False,2.1934580290690064,4.874458070844412,7.362833013758063,1CM42_21_R_#153.avi,False,1280
True,False,False,no_hand,upscale1920,False,1.5255840262398124,2095,1440,,,1920,False,4.578999942168593,,no_hand,True,False,0.048708985559642315,6.110999966040254,6.405374966561794,1CM42_21_R_#153.avi,False,1920
True,False,False,no_hand,upscale1920,False,1.4811669243499637,2096,1440,,,1920,False,4.239083034917712,,no_hand,True,False,0.10899989865720272,5.728916963562369,6.103666964918375,1CM42_21_R_#153.avi,False,1920
True,False,False,no_hand,upscale1920,False,0.9347499581053853,2096,960,,,1280,False,3.560542012564838,,no_hand,True,False,2.011834061704576,4.500332986935973,6.726959021762013,1CM42_21_R_#153.avi,False,1280
True,False,False,no_hand,upscale1920,False,0.5552920047193766,2096,720,,,960,False,3.2175829401239753,,no_hand,True,False,0.30808302108198404,3.7819170393049717,4.264208022505045,1CM42_21_R_#153.avi,False,960
True,False,False,no_hand,upscale1920,False,0.2256670268252492,2096,480,,,640,False,3.2197500113397837,,no_hand,True,False,0.6718339864164591,3.4504170762374997,4.183624987490475,1CM42_21_R_#153.avi,False,640
True,False,False,no_hand,upscale1920,False,0.30912505462765694,2097,480,,,640,False,3.013291978277266,,no_hand,True,False,0.8162499871104956,3.3296250039711595,4.26254200283438,1CM42_21_R_#153.avi,False,640
True,False,False,no_hand,upscale1920,False,0.6227500271052122,2097,720,,,960,False,3.1768749468028545,,no_hand,True,False,0.26879191864281893,3.8041670341044664,4.230667022056878,1CM42_21_R_#153.avi,False,960
True,False,False,no_hand,upscale1920,False,0.9670830331742764,2097,960,,,1280,False,3.9285410894080997,,no_hand,True,False,1.9895830191671848,4.90087503567338,7.286292035132647,1CM42_21_R_#153.avi,False,1280
True,False,False,no_hand,upscale1920,False,1.6359579749405384,2097,1440,,,1920,False,4.343666951172054,,no_hand,True,False,0.07354200351983309,5.9863749193027616,6.325375055894256,1CM42_21_R_#153.avi,False,1920
True,False,False,no_hand,upscale1920,False,1.5917499549686909,2098,1440,,,1920,False,4.419666016474366,,no_hand,True,False,0.11679099407047033,6.017875042743981,6.386874942108989,1CM42_21_R_#153.avi,False,1920
True,False,False,no_hand,upscale1920,False,1.0267499601468444,2098,960,,,1280,False,3.614166984334588,,no_hand,True,False,2.144583035260439,4.648249945603311,7.007500040344894,1CM42_21_R_#153.avi,False,1280
True,False,False,no_hand,upscale1920,False,0.5830409936606884,2098,720,,,960,False,3.5410409327596426,,no_hand,True,False,0.6190830608829856,4.131000023335218,4.913708078674972,1CM42_21_R_#153.avi,False,960
True,False,False,no_hand,upscale1920,False,0.2610000083222985,2098,480,,,640,False,3.0088330386206508,,no_hand,True,False,0.6705831037834287,3.27391701284796,4.2305419920012355,1CM42_21_R_#153.avi,False,640
True,False,False,no_hand,upscale1920,False,0.2733750734478235,2099,480,,,640,False,2.986250096000731,,no_hand,True,False,0.6235420005396008,3.263958031311631,3.9426250150427222,1CM42_21_R_#153.avi,False,640
True,False,False,no_hand,upscale1920,False,0.5610829684883356,2099,720,,,960,False,3.3854589564725757,,no_hand,True,False,0.2412500325590372,3.9510829374194145,4.3594170128926635,1CM42_21_R_#153.avi,False,960
True,False,False,no_hand,upscale1920,False,1.0427909437566996,2099,960,,,1280,False,3.640500013716519,,no_hand,True,False,1.9595419289544225,4.687540931627154,6.853499915450811,1CM42_21_R_#153.avi,False,1280
True,False,False,no_hand,upscale1920,False,1.4829590218141675,2099,1440,,,1920,False,4.8397500067949295,,no_hand,True,False,0.30216702725738287,6.329084048047662,6.880291970446706,1CM42_21_R_#153.avi,False,1920
True,False,False,no_hand,upscale1920,False,1.5329999150708318,2100,1440,,,1920,False,4.766124999150634,,no_hand,True,False,0.1116250641644001,6.305749993771315,6.7132910480722785,1CM42_21_R_#153.avi,False,1920
True,False,False,no_hand,upscale1920,False,1.0326250921934843,2100,960,,,1280,False,3.5932090831920505,,no_hand,True,False,2.0307080121710896,4.632667056284845,7.169542019255459,1CM42_21_R_#153.avi,False,1280
True,False,False,no_hand,upscale1920,False,0.6244169780984521,2100,720,,,960,False,3.5314999986439943,,no_hand,True,False,0.44487498234957457,4.160834010690451,4.729749984107912,1CM42_21_R_#153.avi,False,960
True,False,False,no_hand,upscale1920,False,0.27304200921207666,2100,480,,,640,False,3.082042094320059,,no_hand,True,False,0.8717919699847698,3.3599589951336384,4.290374927222729,1CM42_21_R_#153.avi,False,640
True,False,False,no_hand,upscale1920,False,0.2639580052345991,2101,480,,,640,False,3.0443329596892,,no_hand,True,False,0.6184590747579932,3.313083085231483,4.057875019498169,1CM42_21_R_#153.avi,False,640
True,False,False,no_hand,upscale1920,False,0.583584071137011,2101,720,,,960,False,3.335083951242268,,no_hand,True,False,0.33529195934534073,3.9255840238183737,4.418041906319559,1CM42_21_R_#153.avi,False,960
True,False,False,no_hand,upscale1920,False,1.023916993290186,2101,960,,,1280,False,3.5815000301226974,,no_hand,True,False,2.2696249652653933,4.6131249982863665,7.1740000275895,1CM42_21_R_#153.avi,False,1280
True,False,False,no_hand,upscale1920,False,1.6243749996647239,2101,1440,,,1920,False,4.792583989910781,,no_hand,True,False,0.04712503869086504,6.426000036299229,6.79212505929172,1CM42_21_R_#153.avi,False,1920
True,False,False,no_hand,upscale1920,False,1.6324169700965285,2102,1440,,,1920,False,4.615791025571525,,no_hand,True,False,0.11062505654990673,6.256458000279963,6.631334079429507,1CM42_21_R_#153.avi,False,1920
True,False,False,no_hand,upscale1920,False,0.9735840139910579,2102,960,,,1280,False,3.6606249632313848,,no_hand,True,False,2.0736249862238765,4.641209030523896,6.894999998621643,1CM42_21_R_#153.avi,False,1280
True,False,False,no_hand,upscale1920,False,0.6367500172927976,2102,720,,,960,False,3.3582079922780395,,no_hand,True,False,0.4599170060828328,4.003042005933821,4.673207993619144,1CM42_21_R_#153.avi,False,960
True,False,False,no_hand,upscale1920,False,0.3095419378951192,2102,480,,,640,False,3.149457974359393,,no_hand,True,False,0.7035000016912818,3.4699169918894768,4.264916991814971,1CM42_21_R_#153.avi,False,640
True,False,False,no_hand,upscale1920,False,0.34679193049669266,2103,480,,,640,False,3.218917059712112,,no_hand,True,False,0.7147499127313495,3.5722919274121523,4.586166935041547,1CM42_21_R_#153.avi,False,640
True,False,False,no_hand,upscale1920,False,0.5847499705851078,2103,720,,,960,False,3.340833936817944,,no_hand,True,False,0.47324993647634983,3.93483298830688,4.568542004562914,1CM42_21_R_#153.avi,False,960
True,False,False,no_hand,upscale1920,False,1.0982080129906535,2103,960,,,1280,False,3.80883296020329,,no_hand,True,False,1.9732090877369046,4.915833007544279,7.116375025361776,1CM42_21_R_#153.avi,False,1280
True,False,False,no_hand,upscale1920,False,1.7339580226689577,2103,1440,,,1920,False,4.738916992209852,,no_hand,True,False,0.052958959713578224,6.483125034719706,6.840500049293041,1CM42_21_R_#153.avi,False,1920
True,False,False,no_hand,upscale1920,False,1.710208016447723,2104,1440,,,1920,False,4.862459027208388,,no_hand,True,False,0.11450005695223808,6.583290989510715,7.050291984342039,1CM42_21_R_#153.avi,False,1920
True,False,False,no_hand,upscale1920,False,1.108042080886662,2104,960,,,1280,False,3.7732089404016733,,no_hand,True,False,1.993000041693449,4.890667041763663,7.136167027056217,1CM42_21_R_#153.avi,False,1280
True,False,False,no_hand,upscale1920,False,0.5772500298917294,2104,720,,,960,False,4.0768749313429,,no_hand,True,False,0.5119999404996634,4.6590829733759165,5.654957960359752,1CM42_21_R_#153.avi,False,960
True,False,False,no_hand,upscale1920,False,0.28300005942583084,2104,480,,,640,False,3.026040969416499,,no_hand,True,False,0.6281249225139618,3.3152910182252526,4.516082932241261,1CM42_21_R_#153.avi,False,640
True,False,False,no_hand,upscale1920,False,0.2549580531194806,2105,480,,,640,False,3.0951250810176134,,no_hand,True,False,0.6070839008316398,3.3568330109119415,4.040708998218179,1CM42_21_R_#153.avi,False,640
True,False,False,no_hand,upscale1920,False,0.6005000323057175,2105,720,,,960,False,3.3757080091163516,,no_hand,True,False,0.3162079956382513,3.983875038102269,4.470458021387458,1CM42_21_R_#153.avi,False,960
True,False,False,no_hand,upscale1920,False,1.0154580231755972,2105,960,,,1280,False,4.055624944157898,,no_hand,True,False,2.2854170529171824,5.077041103504598,7.669916958548129,1CM42_21_R_#153.avi,False,1280
True,False,False,no_hand,upscale1920,False,1.6141670057550073,2105,1440,,,1920,False,4.62462508585304,,no_hand,True,False,0.05849997978657484,6.246000062674284,6.572874961420894,1CM42_21_R_#153.avi,False,1920
True,False,False,no_hand,upscale1920,False,1.5389170730486512,2106,1440,,,1920,False,4.505665972828865,,no_hand,True,False,0.12341595720499754,6.0519169783219695,6.430750014260411,1CM42_21_R_#153.avi,False,1920
True,False,False,no_hand,upscale1920,False,1.0641250992193818,2106,960,,,1280,False,4.074249998666346,,no_hand,True,False,2.140709082596004,5.146250012330711,7.491000113077462,1CM42_21_R_#153.avi,False,1280
True,False,False,no_hand,upscale1920,False,0.605165958404541,2106,720,,,960,False,4.006959032267332,,no_hand,True,False,0.3346250159665942,4.621082916855812,5.25245803873986,1CM42_21_R_#153.avi,False,960
True,False,False,no_hand,upscale1920,False,0.28833397664129734,2106,480,,,640,False,3.9339170325547457,,no_hand,True,False,0.6755000213161111,4.228042089380324,5.085542099550366,1CM42_21_R_#153.avi,False,640
True,False,False,no_hand,upscale1920,False,0.2858750522136688,2107,480,,,640,False,3.3204170176759362,,no_hand,True,False,0.9500420419499278,3.6117919953539968,4.626084002666175,1CM42_21_R_#153.avi,False,640
True,False,False,no_hand,upscale1920,False,0.5876669893041253,2107,720,,,960,False,4.300499917007983,,no_hand,True,False,0.23920799139887094,4.894500016234815,5.305042024701834,1CM42_21_R_#153.avi,False,960
True,False,False,no_hand,upscale1920,False,1.0262910509482026,2107,960,,,1280,False,4.102667095139623,,no_hand,True,False,1.982124987989664,5.136250052601099,7.362916017882526,1CM42_21_R_#153.avi,False,1280
True,False,False,no_hand,upscale1920,False,1.5077079879119992,2107,1440,,,1920,False,4.579417058266699,,no_hand,True,False,0.05279097240418196,6.095165968872607,6.434625014662743,1CM42_21_R_#153.avi,False,1920
True,False,False,no_hand,upscale1920,False,1.6297079855576158,2108,1440,,,1920,False,4.476166912354529,,no_hand,True,False,0.11466606520116329,6.114457966759801,6.4957080176100135,1CM42_21_R_#153.avi,False,1920
True,False,False,no_hand,upscale1920,False,1.0670420015230775,2108,960,,,1280,False,3.669042023830116,,no_hand,True,False,2.379499957896769,4.7424170188605785,7.522708037868142,1CM42_21_R_#153.avi,False,1280
True,False,False,no_hand,upscale1920,False,0.6255840416997671,2108,720,,,960,False,3.2652909867465496,,no_hand,True,False,0.3654579631984234,3.9002090925350785,4.579250002279878,1CM42_21_R_#153.avi,False,960
True,False,False,no_hand,upscale1920,False,0.3299169475212693,2108,480,,,640,False,3.3663749927654862,,no_hand,True,False,0.6800000555813313,3.703000023961067,4.494708031415939,1CM42_21_R_#153.avi,False,640
True,False,False,no_hand,upscale1920,False,0.33662503119558096,2109,480,,,640,False,3.169042058289051,,no_hand,True,False,0.6867909105494618,3.5104580456390977,4.26154094748199,1CM42_21_R_#153.avi,False,640
True,False,False,no_hand,upscale1920,False,0.541041954420507,2109,720,,,960,False,3.494290984235704,,no_hand,True,False,0.2413330366834998,4.0401669684797525,4.832874983549118,1CM42_21_R_#153.avi,False,960
True,False,False,no_hand,upscale1920,False,0.9480420267209411,2109,960,,,1280,False,3.6266669631004333,,no_hand,True,False,1.9389999797567725,4.581167013384402,6.750292028300464,1CM42_21_R_#153.avi,False,1280
True,False,False,no_hand,upscale1920,False,1.4915840001776814,2109,1440,,,1920,False,4.83304203953594,,no_hand,True,False,0.06466696504503489,6.334208999760449,6.685666972771287,1CM42_21_R_#153.avi,False,1920
True,False,False,no_hand,upscale1920,False,1.5416659880429506,2110,1440,,,1920,False,4.690582980401814,,no_hand,True,False,0.11391693260520697,6.240750080905855,6.628041970543563,1CM42_21_R_#153.avi,False,1920
True,False,False,no_hand,upscale1920,False,1.0530829895287752,2110,960,,,1280,False,4.019249929115176,,no_hand,True,False,1.9818750442937016,5.0801250617951155,7.609375054016709,1CM42_21_R_#153.avi,False,1280
True,False,False,no_hand,upscale1920,False,0.5969160702079535,2110,720,,,960,False,3.69337503798306,,no_hand,True,False,0.510666985064745,4.2982910526916385,5.12141699437052,1CM42_21_R_#153.avi,False,960
True,False,False,no_hand,upscale1920,False,0.38604100700467825,2110,480,,,640,False,3.048375016078353,,no_hand,True,False,0.8485839935019612,3.4414579859003425,4.420041921548545,1CM42_21_R_#153.avi,False,640
True,False,False,no_hand,upscale1920,False,0.3492500400170684,2111,480,,,640,False,3.2942090183496475,,no_hand,True,False,0.6120000034570694,3.648958052508533,4.403749946504831,1CM42_21_R_#153.avi,False,640
True,False,False,no_hand,upscale1920,False,0.5584160098806024,2111,720,,,960,False,3.3709590788930655,,no_hand,True,False,0.24737499188631773,3.9343329844996333,4.414874943904579,1CM42_21_R_#153.avi,False,960
True,False,False,no_hand,upscale1920,False,1.0302079608663917,2111,960,,,1280,False,3.4748329780995846,,no_hand,True,False,2.0783330546692014,4.511374980211258,6.788792088627815,1CM42_21_R_#153.avi,False,1280
True,False,False,no_hand,upscale1920,False,1.5429999912157655,2111,1440,,,1920,False,4.603917011991143,,no_hand,True,False,0.07683294825255871,6.156707997433841,6.535332999192178,1CM42_21_R_#153.avi,False,1920
True,False,False,no_hand,upscale1920,False,1.5774170169606805,2112,1440,,,1920,False,4.48212493211031,,no_hand,True,False,0.097665935754776,6.0700830072164536,6.452874979004264,1CM42_21_R_#153.avi,False,1920
True,False,False,no_hand,upscale1920,False,0.9950830135494471,2112,960,,,1280,False,3.868041909299791,,no_hand,True,False,2.5222080294042826,4.871165961958468,7.730583078227937,1CM42_21_R_#153.avi,False,1280
True,False,False,no_hand,upscale1920,False,0.579916057176888,2112,720,,,960,False,3.412832971662283,,no_hand,True,False,0.3160419873893261,3.99900006595999,4.478125018067658,1CM42_21_R_#153.avi,False,960
True,False,False,no_hand,upscale1920,False,0.30099996365606785,2112,480,,,640,False,3.975666011683643,,no_hand,True,False,1.093875034712255,4.281500005163252,5.650375038385391,1CM42_21_R_#153.avi,False,640
True,False,False,no_hand,upscale1920,False,0.26474997866898775,2113,480,,,640,False,3.4357919357717037,,no_hand,True,False,0.6044160109013319,3.7058339221403003,4.402040969580412,1CM42_21_R_#153.avi,False,640
True,False,False,no_hand,upscale1920,False,0.5255410214886069,2113,720,,,960,False,3.0765420524403453,,no_hand,True,False,0.278624938800931,3.6062910221517086,4.004874965175986,1CM42_21_R_#153.avi,False,960
True,False,False,no_hand,upscale1920,False,0.9894580580294132,2113,960,,,1280,False,3.7108329124748707,,no_hand,True,False,1.991584082134068,4.707041080109775,7.172459037974477,1CM42_21_R_#153.avi,False,1280
True,False,False,no_hand,upscale1920,False,1.5732499305158854,2113,1440,,,1920,False,4.671667004004121,,no_hand,True,False,0.10179204400628805,6.251749931834638,6.589833996258676,1CM42_21_R_#153.avi,False,1920
True,False,False,no_hand,native640,False,0.3257909556850791,2074,480,,,640,True,3.3512080553919077,,no_hand,True,False,0.5244999192655087,3.682374954223633,4.506457946263254,1CM42_21_R_#153.avi,True,640
True,False,False,no_hand,native640,False,0.18970901146531105,2074,360,,,480,True,2.9735000571236014,,no_hand,True,False,0.5944999866187572,3.1685420544818044,4.061875049956143,1CM42_21_R_#153.avi,True,480
True,False,False,no_hand,native640,False,0.09945896454155445,2074,240,,,320,True,3.0103339813649654,,no_hand,True,False,0.030708033591508865,3.1240000389516354,3.2547920709475875,1CM42_21_R_#153.avi,True,320
True,False,False,no_hand,native640,False,0.13883295468986034,2075,240,,,320,True,2.987749991007149,,no_hand,True,False,0.03341701813042164,3.1318749533966184,3.2444579992443323,1CM42_21_R_#153.avi,True,320
True,False,False,no_hand,native640,False,0.17170794308185577,2075,360,,,480,True,2.9811669373884797,,no_hand,True,False,0.5862910766154528,3.1571659492328763,4.239250090904534,1CM42_21_R_#153.avi,True,480
True,False,False,no_hand,native640,False,0.21333398763090372,2075,480,,,640,True,2.9703330947086215,,no_hand,True,False,0.0009580980986356735,3.1920840265229344,3.3023750875145197,1CM42_21_R_#153.avi,True,640
True,False,False,no_hand,native640,False,0.33845799043774605,2076,480,,,640,True,2.9191250214353204,,no_hand,True,False,0.001625041477382183,3.26158304233104,3.458542050793767,1CM42_21_R_#153.avi,True,640
True,False,False,no_hand,native640,False,0.17450004816055298,2076,360,,,480,True,3.1313750660046935,,no_hand,True,False,0.5929589970037341,3.3104170579463243,3.9651250699535012,1CM42_21_R_#153.avi,True,480
True,False,False,no_hand,native640,False,0.0741670373827219,2076,240,,,320,True,2.8321249410510063,,no_hand,True,False,0.032334006391465664,2.9115000506863,3.0080840224400163,1CM42_21_R_#153.avi,True,320
True,False,False,no_hand,native640,False,0.10091706644743681,2077,240,,,320,True,2.966791042126715,,no_hand,True,False,0.02845900598913431,3.0740000074729323,3.156666993163526,1CM42_21_R_#153.avi,True,320
True,False,False,no_hand,native640,False,0.1341670285910368,2077,360,,,480,True,3.249292029067874,,no_hand,True,False,0.5825830157846212,3.3878330141305923,4.022000008262694,1CM42_21_R_#153.avi,True,480
True,False,False,no_hand,native640,False,0.24458300322294235,2077,480,,,640,True,2.9412079602479935,,no_hand,True,False,0.000875093974173069,3.1924169743433595,3.697458072565496,1CM42_21_R_#153.avi,True,640
True,False,False,no_hand,native640,False,0.2156250411644578,2078,480,,,640,True,2.8970420826226473,,no_hand,True,False,0.07175002247095108,3.1165829859673977,3.2430830178782344,1CM42_21_R_#153.avi,True,640
True,False,False,no_hand,native640,False,0.1609589671716094,2078,360,,,480,True,3.0763749964535236,,no_hand,True,False,0.5931659834459424,3.2412499422207475,3.882416058331728,1CM42_21_R_#153.avi,True,480
True,False,False,no_hand,native640,False,0.07525004912167788,2078,240,,,320,True,2.997125033289194,,no_hand,True,False,0.01879199407994747,3.076417022384703,3.141834051348269,1CM42_21_R_#153.avi,True,320
True,False,False,no_hand,native640,False,0.09691598825156689,2079,240,,,320,True,2.831583027727902,,no_hand,True,False,0.039708917029201984,2.932750037871301,3.031416912563145,1CM42_21_R_#153.avi,False,320
True,False,False,no_hand,native640,False,0.18920900765806437,2079,360,,,480,True,3.0017090030014515,,no_hand,True,False,0.5892920307815075,3.19537497125566,4.264208022505045,1CM42_21_R_#153.avi,False,480
True,False,False,no_hand,native640,False,0.332208932377398,2079,480,,,640,True,3.034541034139693,,no_hand,True,False,0.011415919288992882,3.370458958670497,3.442790941335261,1CM42_21_R_#153.avi,False,640
True,False,False,no_hand,native640,False,0.2227500081062317,2080,480,,,640,True,2.975833951495588,,no_hand,True,False,0.0008329516276717186,3.202166990377009,3.515874966979027,1CM42_21_R_#153.avi,False,640
True,False,False,no_hand,native640,False,0.15795801300555468,2080,360,,,480,True,2.807582961395383,,no_hand,True,False,0.5936670349910855,2.9718331061303616,3.9636249421164393,1CM42_21_R_#153.avi,False,480
True,False,False,no_hand,native640,False,0.0992089044302702,2080,240,,,320,True,3.063709009438753,,no_hand,True,False,0.022208085283637047,3.168166964314878,3.243040991947055,1CM42_21_R_#153.avi,False,320
True,False,False,no_hand,native640,False,0.09883299935609102,2081,240,,,320,True,2.990082954056561,,no_hand,True,False,0.028499984182417393,3.0937909614294767,3.182042040862143,1CM42_21_R_#153.avi,False,320
True,False,False,no_hand,native640,False,0.162833952344954,2081,360,,,480,True,2.852124976925552,,no_hand,True,False,0.6806669989600778,3.0197089072316885,3.938124980777502,1CM42_21_R_#153.avi,False,480
True,False,False,no_hand,native640,False,0.2957910764962435,2081,480,,,640,True,3.1088750110939145,,no_hand,True,False,0.19691698253154755,3.4090830013155937,3.6631670081987977,1CM42_21_R_#153.avi,False,640
True,False,False,no_hand,native640,False,0.2589169889688492,2082,480,,,640,True,2.914541051723063,,no_hand,True,False,0.0011249212548136711,3.179082996211946,3.4920829348266125,1CM42_21_R_#153.avi,False,640
True,False,False,no_hand,native640,False,0.18987490329891443,2082,360,,,480,True,3.112875041551888,,no_hand,True,False,0.5943329306319356,3.3073750091716647,3.9837079821154475,1CM42_21_R_#153.avi,False,480
True,False,False,no_hand,native640,False,0.08804094977676868,2082,240,,,320,True,2.8862080071121454,,no_hand,True,False,0.482875038869679,2.9784999787807465,3.513667033985257,1CM42_21_R_#153.avi,False,320
True,False,False,no_hand,native640,False,0.09545893408358097,2083,240,,,320,True,2.8079160256311297,,no_hand,True,False,0.04591699689626694,2.9077089857310057,2.999959047883749,1CM42_21_R_#153.avi,False,320
True,False,False,no_hand,native640,False,0.16091694124042988,2083,360,,,480,True,3.1898749293759465,,no_hand,True,False,0.5866669816896319,3.355999942868948,4.215250024572015,1CM42_21_R_#153.avi,False,480
True,False,False,no_hand,native640,False,0.2769579878076911,2083,480,,,640,True,3.203999949619174,,no_hand,True,False,0.0012080417945981026,3.485208027996123,3.5548750311136246,1CM42_21_R_#153.avi,False,640
True,False,False,no_hand,native640,False,0.2705409424379468,2084,480,,,640,True,3.211166011169553,,no_hand,True,False,0.3136669984087348,3.4863329492509365,3.8889579009264708,1CM42_21_R_#153.avi,False,640
True,False,False,no_hand,native640,False,0.14329201076179743,2084,360,,,480,True,3.1239589443430305,,no_hand,True,False,0.6253339815884829,3.2712080283090472,3.950249985791743,1CM42_21_R_#153.avi,False,480
True,False,False,no_hand,native640,False,0.07037492468953133,2084,240,,,320,True,3.0814589699730277,,no_hand,True,False,0.017749960534274578,3.1561249634251,3.2332499977201223,1CM42_21_R_#153.avi,False,320
True,False,False,no_hand,native640,False,0.11379097122699022,2085,240,,,320,True,2.8750409837812185,,no_hand,True,False,0.039207981899380684,2.992499968968332,3.096375032328069,1CM42_21_R_#153.avi,False,320
True,False,False,no_hand,native640,False,0.17966702580451965,2085,360,,,480,True,2.928166068159044,,no_hand,True,False,0.5866249557584524,3.11150006018579,3.7472499534487724,1CM42_21_R_#153.avi,False,480
True,False,False,no_hand,native640,False,0.2180419396609068,2085,480,,,640,True,2.8532909927889705,,no_hand,True,False,0.0007919734343886375,3.0763749964535236,3.132999991066754,1CM42_21_R_#153.avi,False,640
True,False,False,no_hand,native640,False,0.24812505580484867,2086,480,,,640,True,3.137459047138691,,no_hand,True,False,0.015625031664967537,3.390875062905252,3.466124995611608,1CM42_21_R_#153.avi,False,640
True,False,False,no_hand,native640,False,0.15833298675715923,2086,360,,,480,True,3.2095839269459248,,no_hand,True,False,0.5764159141108394,3.3769579604268074,4.030499956570566,1CM42_21_R_#153.avi,False,480
True,False,False,no_hand,native640,False,0.09724998380988836,2086,240,,,320,True,3.0016250675544143,,no_hand,True,False,0.018542050383985043,3.1031669350340962,3.452791948802769,1CM42_21_R_#153.avi,False,320
True,False,False,no_hand,native640,False,0.10083301458507776,2087,240,,,320,True,2.9935830971226096,,no_hand,True,False,0.031374976970255375,3.0985409393906593,3.2017079647630453,1CM42_21_R_#153.avi,False,320
True,False,False,no_hand,native640,False,0.13649999164044857,2087,360,,,480,True,2.907833899371326,,no_hand,True,False,0.5844580009579659,3.047916921786964,3.675874904729426,1CM42_21_R_#153.avi,False,480
True,False,False,no_hand,native640,False,0.3061250317841768,2087,480,,,640,True,3.1744999578222632,,no_hand,True,False,0.25995797477662563,3.4895000280812383,3.822915954515338,1CM42_21_R_#153.avi,False,640
True,False,False,no_hand,native640,False,0.22958405315876007,2088,480,,,640,True,3.0125410994514823,,no_hand,True,False,0.0007919734343886375,3.246709005907178,3.340750001370907,1CM42_21_R_#153.avi,False,640
True,False,False,no_hand,native640,False,0.21666695829480886,2088,360,,,480,True,3.167749964632094,,no_hand,True,False,0.671416986733675,3.3885829616338015,4.336750018410385,1CM42_21_R_#153.avi,False,480
True,False,False,no_hand,native640,False,0.0702909892424941,2088,240,,,320,True,2.8220409294590354,,no_hand,True,False,0.025082961656153202,2.896500052884221,2.9953329358249903,1CM42_21_R_#153.avi,False,320
True,False,False,no_hand,native640,False,0.08595793042331934,2089,240,,,320,True,2.9736669966951013,,no_hand,True,False,0.019749975763261318,3.0637920135632157,3.130667028017342,1CM42_21_R_#153.avi,False,320
True,False,False,no_hand,native640,False,0.1888331025838852,2089,360,,,480,True,3.177959006279707,,no_hand,True,False,0.5761249922215939,3.375625004991889,4.031582968309522,1CM42_21_R_#153.avi,False,480
True,False,False,no_hand,native640,False,0.29245903715491295,2089,480,,,640,True,3.0446250457316637,,no_hand,True,False,0.0007919734343886375,3.3411249751225114,3.891124972142279,1CM42_21_R_#153.avi,False,640
True,False,False,no_hand,native640,False,0.27954205870628357,2090,480,,,640,True,3.0724169919267297,,no_hand,True,False,0.02362497616559267,3.3559590810909867,3.727167029865086,1CM42_21_R_#153.avi,False,640
True,False,False,no_hand,native640,False,0.13979210052639246,2090,360,,,480,True,3.0175410211086273,,no_hand,True,False,0.6017920095473528,3.1611250014975667,3.8135419599711895,1CM42_21_R_#153.avi,False,480
True,False,False,no_hand,native640,False,0.09133398998528719,2090,240,,,320,True,2.9279579175636172,,no_hand,True,False,0.026582973077893257,3.0233339639380574,3.1072499696165323,1CM42_21_R_#153.avi,False,320
True,False,False,no_hand,native640,False,0.08525000885128975,2091,240,,,320,True,2.937917015515268,,no_hand,True,False,0.018666032701730728,3.0321250669658184,3.128583077341318,1CM42_21_R_#153.avi,False,320
True,False,False,no_hand,native640,False,0.1763750333338976,2091,360,,,480,True,3.0025409068912268,,no_hand,True,False,0.673124915920198,3.1827500788494945,3.90941696241498,1CM42_21_R_#153.avi,False,480
True,False,False,no_hand,native640,False,0.2930000191554427,2091,480,,,640,True,3.5289579536765814,,no_hand,True,False,0.0007919734343886375,3.8281669840216637,4.471082938835025,1CM42_21_R_#153.avi,False,640
True,False,False,no_hand,native640,False,0.23220805451273918,2092,480,,,640,True,3.1590000726282597,,no_hand,True,False,0.18091697711497545,3.3960830187425017,3.6904169246554375,1CM42_21_R_#153.avi,False,640
True,False,False,no_hand,native640,False,0.2067910972982645,2092,360,,,480,True,3.0712500447407365,,no_hand,True,False,0.6152500864118338,3.2820000778883696,3.9553340757265687,1CM42_21_R_#153.avi,False,480
True,False,False,no_hand,native640,False,0.08500006515532732,2092,240,,,320,True,2.9647910268977284,,no_hand,True,False,0.03854092210531235,3.058083006180823,3.14541591797024,1CM42_21_R_#153.avi,False,320
True,False,False,no_hand,native640,False,0.08591695223003626,2093,240,,,320,True,2.929458045400679,,no_hand,True,False,0.01704192254692316,3.0194169376045465,3.086874959990382,1CM42_21_R_#153.avi,False,320
True,False,False,no_hand,native640,False,0.1945409458130598,2093,360,,,480,True,2.8362079756334424,,no_hand,True,False,0.594249926507473,3.0343750258907676,3.8442499935626984,1CM42_21_R_#153.avi,False,480
True,False,False,no_hand,native640,False,0.2567080082371831,2093,480,,,640,True,3.0213749269023538,,no_hand,True,False,0.3421669825911522,3.281500074081123,3.6911669885739684,1CM42_21_R_#153.avi,False,640
True,False,False,no_hand,native640,False,0.22145803086459637,2094,480,,,640,True,3.072291030548513,,no_hand,True,False,0.23537501692771912,3.298250027000904,3.594209090806544,1CM42_21_R_#153.avi,False,640
True,False,False,no_hand,native640,False,0.1502500381320715,2094,360,,,480,True,2.9276669956743717,,no_hand,True,False,0.5806660046800971,3.081624978221953,3.712708014063537,1CM42_21_R_#153.avi,False,480
True,False,False,no_hand,native640,False,0.08816702757030725,2094,240,,,320,True,3.4204579424113035,,no_hand,True,False,0.27845799922943115,3.513375064358115,3.8478750502690673,1CM42_21_R_#153.avi,False,320
True,False,False,no_hand,native640,False,0.07233291398733854,2095,240,,,320,True,2.9628750635311007,,no_hand,True,False,0.01670804340392351,3.0405829893425107,3.461332991719246,1CM42_21_R_#153.avi,False,320
True,False,False,no_hand,native640,False,0.18320803064852953,2095,360,,,480,True,3.109375014901161,,no_hand,True,False,0.5932089406996965,3.297207993455231,3.9454589132219553,1CM42_21_R_#153.avi,False,480
True,False,False,no_hand,native640,False,0.27666694950312376,2095,480,,,640,True,3.2013750169426203,,no_hand,True,False,0.00108394306153059,3.484582994133234,3.631541971117258,1CM42_21_R_#153.avi,False,640
True,False,False,no_hand,native640,False,0.3149999538436532,2096,480,,,640,True,3.1817080453038216,,no_hand,True,False,0.3421669825911522,3.505875007249415,3.9167499635368586,1CM42_21_R_#153.avi,False,640
True,False,False,no_hand,native640,False,0.21045806352049112,2096,360,,,480,True,2.95308290515095,,no_hand,True,False,0.5952910287305713,3.1684170244261622,3.886332968249917,1CM42_21_R_#153.avi,False,480
True,False,False,no_hand,native640,False,0.09816605597734451,2096,240,,,320,True,3.0596669530496,,no_hand,True,False,0.3225830150768161,3.162458073347807,3.5522920079529285,1CM42_21_R_#153.avi,False,320
True,False,False,no_hand,native640,False,0.1385000068694353,2097,240,,,320,True,3.022791934199631,,no_hand,True,False,0.05550007335841656,3.166500013321638,3.2998330425471067,1CM42_21_R_#153.avi,False,320
True,False,False,no_hand,native640,False,0.169374980032444,2097,360,,,480,True,3.10045899823308,,no_hand,True,False,0.6107089575380087,3.27391701284796,3.936916938982904,1CM42_21_R_#153.avi,False,480
True,False,False,no_hand,native640,False,0.2935000229626894,2097,480,,,640,True,3.7706659641116858,,no_hand,True,False,0.3436249680817127,4.06850001309067,4.482041927985847,1CM42_21_R_#153.avi,False,640
True,False,False,no_hand,native640,False,0.23887492716312408,2098,480,,,640,True,3.012915956787765,,no_hand,True,False,0.000708969309926033,3.2557499362155795,3.484208951704204,1CM42_21_R_#153.avi,False,640
True,False,False,no_hand,native640,False,0.14470797032117844,2098,360,,,480,True,2.942499937489629,,no_hand,True,False,0.5885000573471189,3.0919580021873116,3.7400840083137155,1CM42_21_R_#153.avi,False,480
True,False,False,no_hand,native640,False,0.10708300396800041,2098,240,,,320,True,3.0650419648736715,,no_hand,True,False,0.20420795772224665,3.177165985107422,3.430749988183379,1CM42_21_R_#153.avi,False,320
True,False,False,no_hand,native640,False,0.08941593114286661,2099,240,,,320,True,2.978165983222425,,no_hand,True,False,0.0354590592905879,3.0726249096915126,3.1813340028747916,1CM42_21_R_#153.avi,False,320
True,False,False,no_hand,native640,False,0.1646250020712614,2099,360,,,480,True,3.0398330418393016,,no_hand,True,False,0.5950829945504665,3.211707924492657,3.857749979943037,1CM42_21_R_#153.avi,False,480
True,False,False,no_hand,native640,False,0.2478329697623849,2099,480,,,640,True,3.0445409938693047,,no_hand,True,False,0.2904590219259262,3.2961670076474547,3.6390420282259583,1CM42_21_R_#153.avi,False,640
True,False,False,no_hand,native640,False,0.30520802829414606,2100,480,,,640,True,3.088833997026086,,no_hand,True,False,0.013082986697554588,3.3988329814746976,3.5053748870268464,1CM42_21_R_#153.avi,False,640
True,False,False,no_hand,native640,False,0.15029101632535458,2100,360,,,480,True,3.04599991068244,,no_hand,True,False,0.5825830157846212,3.2008750131353736,4.226624965667725,1CM42_21_R_#153.avi,False,480
True,False,False,no_hand,native640,False,0.07929198909550905,2100,240,,,320,True,3.047082922421396,,no_hand,True,False,0.03416708204895258,3.1310420017689466,3.220000071451068,1CM42_21_R_#153.avi,False,320
True,False,False,no_hand,native640,False,0.07537496276199818,2101,240,,,320,True,2.864207956008613,,no_hand,True,False,0.020832987502217293,2.9435829492285848,3.024042001925409,1CM42_21_R_#153.avi,False,320
True,False,False,no_hand,native640,False,0.15529198572039604,2101,360,,,480,True,3.0147499637678266,,no_hand,True,False,0.5735420854762197,3.174041979946196,3.835542011074722,1CM42_21_R_#153.avi,False,480
True,False,False,no_hand,native640,False,0.2806660486385226,2101,480,,,640,True,3.002000041306019,,no_hand,True,False,0.0012909295037388802,3.287291037850082,3.5147079033777118,1CM42_21_R_#153.avi,False,640
True,False,False,no_hand,native640,False,0.346458051353693,2102,480,,,640,True,3.0189169337973,,no_hand,True,False,0.0009159557521343231,3.3694159938022494,3.425957984291017,1CM42_21_R_#153.avi,False,640
True,False,False,no_hand,native640,False,0.1492080045863986,2102,360,,,480,True,2.9857910703867674,,no_hand,True,False,0.6086669163778424,3.139207954518497,4.062416963279247,1CM42_21_R_#153.avi,False,480
True,False,False,no_hand,native640,False,0.08058303501456976,2102,240,,,320,True,2.9886249685660005,,no_hand,True,False,0.01995800994336605,3.0727499397471547,3.6121250595897436,1CM42_21_R_#153.avi,False,320
True,False,False,no_hand,native640,False,0.07824995554983616,2103,240,,,320,True,2.7807080186903477,,no_hand,True,False,0.0172910513356328,2.865209011361003,2.9482910176739097,1CM42_21_R_#153.avi,False,320
True,False,False,no_hand,native640,False,0.18441700376570225,2103,360,,,480,True,3.026084043085575,,no_hand,True,False,0.6707500433549285,3.2154590589925647,4.266291973181069,1CM42_21_R_#153.avi,False,480
True,False,False,no_hand,native640,False,0.22320798598229885,2103,480,,,640,True,3.0433329520747066,,no_hand,True,False,0.28449995443224907,3.274249960668385,3.6925829481333494,1CM42_21_R_#153.avi,False,640
True,False,False,no_hand,native640,False,0.2394999610260129,2104,480,,,640,True,3.317416994832456,,no_hand,True,False,0.25379203725606203,3.562042023986578,3.9650839753448963,1CM42_21_R_#153.avi,False,640
True,False,False,no_hand,native640,False,0.22137502674013376,2104,360,,,480,True,3.2785829389467835,,no_hand,True,False,0.5985000170767307,3.5044170217588544,4.322958062402904,1CM42_21_R_#153.avi,False,480
True,False,False,no_hand,native640,False,0.10400009341537952,2104,240,,,320,True,2.8682920383289456,,no_hand,True,False,0.029959017410874367,2.976000076159835,3.0510000651702285,1CM42_21_R_#153.avi,False,320
True,False,False,no_hand,native640,False,0.07920793723315,2105,240,,,320,True,3.0343749094754457,,no_hand,True,False,0.01637497916817665,3.118624910712242,3.571458044461906,1CM42_21_R_#153.avi,False,320
True,False,False,no_hand,native640,False,0.2056249650195241,2105,360,,,480,True,3.201833926141262,,no_hand,True,False,0.7554999319836497,3.412499907426536,4.241832997649908,1CM42_21_R_#153.avi,False,480
True,False,False,no_hand,native640,False,0.284458976238966,2105,480,,,640,True,3.119290922768414,,no_hand,True,False,0.0010828953236341476,3.4082919592037797,3.4984579542651772,1CM42_21_R_#153.avi,False,640
True,False,False,no_hand,native640,False,0.26775000151246786,2106,480,,,640,True,3.2831249991431832,,no_hand,True,False,0.004041008651256561,3.5553750349208713,3.992540994659066,1CM42_21_R_#153.avi,False,640
True,False,False,no_hand,native640,False,0.15491608064621687,2106,360,,,480,True,3.151417011395097,,no_hand,True,False,0.5909590981900692,3.3101250883191824,4.277917090803385,1CM42_21_R_#153.avi,False,480
True,False,False,no_hand,native640,False,0.07283303420990705,2106,240,,,320,True,2.9204589081928134,,no_hand,True,False,0.030082999728620052,2.997457981109619,3.0960419680923223,1CM42_21_R_#153.avi,False,320
True,False,False,no_hand,native640,False,0.06554101128131151,2107,240,,,320,True,2.950417110696435,,no_hand,True,False,0.016000005416572094,3.0212500132620335,3.144957940094173,1CM42_21_R_#153.avi,False,320
True,False,False,no_hand,native640,False,0.1740830484777689,2107,360,,,480,True,3.1527919927611947,,no_hand,True,False,0.5855419440194964,3.331625019200146,3.9935000240802765,1CM42_21_R_#153.avi,False,480
True,False,False,no_hand,native640,False,0.22050004918128252,2107,480,,,640,True,3.125124960206449,,no_hand,True,False,0.2400829689577222,3.3506250474601984,3.6854579811915755,1CM42_21_R_#153.avi,False,640
True,False,False,no_hand,native640,False,0.2482500858604908,2108,480,,,640,True,3.3939999993890524,,no_hand,True,False,0.48579194117337465,3.6469580372795463,4.211708903312683,1CM42_21_R_#153.avi,False,640
True,False,False,no_hand,native640,False,0.15716697089374065,2108,360,,,480,True,3.098833025433123,,no_hand,True,False,0.5882499972358346,3.260375000536442,4.063416039571166,1CM42_21_R_#153.avi,False,480
True,False,False,no_hand,native640,False,0.07054198067635298,2108,240,,,320,True,3.278208081610501,,no_hand,True,False,0.01850002445280552,3.354166983626783,3.4527500392869115,1CM42_21_R_#153.avi,False,320
True,False,False,no_hand,native640,False,0.10624993592500687,2109,240,,,320,True,3.1474579591304064,,no_hand,True,False,0.025292043574154377,3.261083969846368,3.508249996230006,1CM42_21_R_#153.avi,False,320
True,False,False,no_hand,native640,False,0.1665409654378891,2109,360,,,480,True,3.1954169971868396,,no_hand,True,False,0.5700839683413506,3.367041004821658,4.017125000245869,1CM42_21_R_#153.avi,False,480
True,False,False,no_hand,native640,False,0.3219170030206442,2109,480,,,640,True,3.3344998955726624,,no_hand,True,False,0.5650829989463091,3.6624170606955886,4.316791077144444,1CM42_21_R_#153.avi,False,640
True,False,False,no_hand,native640,False,0.2971249632537365,2110,480,,,640,True,3.307458944618702,,no_hand,True,False,0.0009579816833138466,3.6093329545110464,3.690791898407042,1CM42_21_R_#153.avi,False,640
True,False,False,no_hand,native640,False,0.20841602236032486,2110,360,,,480,True,3.1149579444900155,,no_hand,True,False,0.5827079294249415,3.327166079543531,4.235832951962948,1CM42_21_R_#153.avi,False,480
True,False,False,no_hand,native640,False,0.10062509682029486,2110,240,,,320,True,3.056082990951836,,no_hand,True,False,0.39841700345277786,3.16212500911206,3.623250056989491,1CM42_21_R_#153.avi,False,320
True,False,False,no_hand,native640,False,0.08837494533509016,2111,240,,,320,True,3.1317080138251185,,no_hand,True,False,0.022417050786316395,3.22545797098428,3.3088329946622252,1CM42_21_R_#153.avi,False,320
True,False,False,no_hand,native640,False,0.15124992933124304,2111,360,,,480,True,3.071167040616274,,no_hand,True,False,0.5976669490337372,3.2274998957291245,4.155874950811267,1CM42_21_R_#153.avi,False,480
True,False,False,no_hand,native640,False,0.2520410344004631,2111,480,,,640,True,3.213374991901219,,no_hand,True,False,0.003500026650726795,3.4703330602496862,3.629125072620809,1CM42_21_R_#153.avi,False,640
True,False,False,no_hand,native640,False,0.2799580106511712,2112,480,,,640,True,3.1582919182255864,,no_hand,True,False,0.0033329706639051437,3.4430830273777246,3.5245829494670033,1CM42_21_R_#153.avi,False,640
True,False,False,no_hand,native640,False,0.1533749746158719,2112,360,,,480,True,3.2045000698417425,,no_hand,True,False,0.5889589665457606,3.363708034157753,4.042833927087486,1CM42_21_R_#153.avi,False,480
True,False,False,no_hand,native640,False,0.12924999464303255,2112,240,,,320,True,2.975667011924088,,no_hand,True,False,0.04233303479850292,3.1127079855650663,3.7662909599021077,1CM42_21_R_#153.avi,False,320
True,False,False,no_hand,native640,False,0.08520891424268484,2113,240,,,320,True,3.6849169991910458,,no_hand,True,False,0.017457990907132626,3.77520895563066,3.8702499587088823,1CM42_21_R_#153.avi,False,320
True,False,False,no_hand,native640,False,0.18804206047207117,2113,360,,,480,True,3.0931669753044844,,no_hand,True,False,0.6016669794917107,3.286459017544985,3.982541966252029,1CM42_21_R_#153.avi,False,480
True,False,False,no_hand,native640,False,0.21579209715127945,2113,480,,,640,True,3.2842500368133187,,no_hand,True,False,0.0009579816833138466,3.505042055621743,3.5987079609185457,1CM42_21_R_#153.avi,False,640
True,False,False,no_hand,upscale1920,False,1.5203331131488085,2074,1440,,,1920,True,4.813125007785857,,no_hand,True,False,0.001500011421740055,6.341792060993612,6.631040945649147,1CM42_21_R_#153.avi,True,1920
True,False,False,no_hand,upscale1920,False,1.1305839288979769,2074,960,,,1280,True,3.9374579209834337,,no_hand,True,False,1.870166976004839,5.074959015473723,7.22912501078099,1CM42_21_R_#153.avi,True,1280
True,False,False,no_hand,upscale1920,False,0.6167079554870725,2074,720,,,960,True,3.7265829741954803,,no_hand,True,False,0.4021669737994671,4.349041962996125,5.015374976210296,1CM42_21_R_#153.avi,True,960
True,False,False,no_hand,upscale1920,False,0.37458399310708046,2074,480,,,640,True,3.389707999303937,,no_hand,True,False,1.2400000123307109,3.772375057451427,5.1741249626502395,1CM42_21_R_#153.avi,True,640
True,False,False,no_hand,upscale1920,False,0.34304207656532526,2075,480,,,640,True,3.3022089628502727,,no_hand,True,False,0.7771659875288606,3.6509170895442367,4.507958074100316,1CM42_21_R_#153.avi,True,640
True,False,False,no_hand,upscale1920,False,0.7431249832734466,2075,720,,,960,True,3.532624919898808,,no_hand,True,False,0.31916704028844833,4.282124922610819,4.788667079992592,1CM42_21_R_#153.avi,True,960
True,False,False,no_hand,upscale1920,False,0.9774160571396351,2075,960,,,1280,True,3.944750060327351,,no_hand,True,False,1.9812079844996333,4.927875008434057,7.1370829828083515,1CM42_21_R_#153.avi,True,1280
True,False,False,no_hand,upscale1920,False,1.5517499996349216,2075,1440,,,1920,True,5.2407910116016865,,no_hand,True,False,0.4606660222634673,6.79887505248189,7.534833042882383,1CM42_21_R_#153.avi,True,1920
True,False,False,no_hand,upscale1920,False,1.6301249852403998,2076,1440,,,1920,True,4.7318339347839355,,no_hand,True,False,0.16441603656858206,6.367042078636587,6.848749937489629,1CM42_21_R_#153.avi,True,1920
True,False,False,no_hand,upscale1920,False,0.9382909629493952,2076,960,,,1280,True,3.7002499448135495,,no_hand,True,False,1.9252500496804714,4.643624997697771,6.780041963793337,1CM42_21_R_#153.avi,True,1280
True,False,False,no_hand,upscale1920,False,0.672499998472631,2076,720,,,960,True,3.4660830860957503,,no_hand,True,False,0.35495904739946127,4.143750062212348,4.672875045798719,1CM42_21_R_#153.avi,True,960
True,False,False,no_hand,upscale1920,False,0.3301250981166959,2076,480,,,640,True,3.8155840011313558,,no_hand,True,False,0.7375410059466958,4.153791000135243,5.230874987319112,1CM42_21_R_#153.avi,True,640
True,False,False,no_hand,upscale1920,False,0.3132909769192338,2077,480,,,640,True,3.451333031989634,,no_hand,True,False,0.6061660824343562,3.7706249859184027,4.477125010453165,1CM42_21_R_#153.avi,True,640
True,False,False,no_hand,upscale1920,False,0.6840419955551624,2077,720,,,960,True,3.600207972340286,,no_hand,True,False,0.33974996767938137,4.290207987651229,4.791999934241176,1CM42_21_R_#153.avi,True,960
True,False,False,no_hand,upscale1920,False,0.9345000144094229,2077,960,,,1280,True,4.042792017571628,,no_hand,True,False,1.9902499625459313,4.982582991942763,7.3133750120177865,1CM42_21_R_#153.avi,True,1280
True,False,False,no_hand,upscale1920,False,1.6406250651925802,2077,1440,,,1920,True,5.376250017434359,,no_hand,True,False,0.051292008720338345,7.021875004284084,7.389167090877891,1CM42_21_R_#153.avi,True,1920
True,False,False,no_hand,upscale1920,False,1.4919160166755319,2078,1440,,,1920,True,4.816207918338478,,no_hand,True,False,0.1129999291151762,6.316250073723495,6.742458906956017,1CM42_21_R_#153.avi,True,1920
True,False,False,no_hand,upscale1920,False,1.0145000414922833,2078,960,,,1280,True,4.796875058673322,,no_hand,True,False,1.9376670243218541,5.819750018417835,8.046624949201941,1CM42_21_R_#153.avi,True,1280
True,False,False,no_hand,upscale1920,False,0.676875002682209,2078,720,,,960,True,4.356125020422041,,no_hand,True,False,0.4330000374466181,5.038749892264605,5.643625045195222,1CM42_21_R_#153.avi,True,960
True,False,False,no_hand,upscale1920,False,0.30941597651690245,2078,480,,,640,True,3.3967919880524278,,no_hand,True,False,0.8065840229392052,3.7116659805178642,4.810000071302056,1CM42_21_R_#153.avi,True,640
True,False,False,no_hand,upscale1920,False,0.325749977491796,2079,480,,,640,True,3.3287910046055913,,no_hand,True,False,0.7375410059466958,3.6598750157281756,4.682583035901189,1CM42_21_R_#153.avi,False,640
True,False,False,no_hand,upscale1920,False,0.5902500124648213,2079,720,,,960,True,3.586124978028238,,no_hand,True,False,0.26062491815537214,4.181541968137026,4.564874921925366,1CM42_21_R_#153.avi,False,960
True,False,False,no_hand,upscale1920,False,1.10037496779114,2079,960,,,1280,True,3.8932920433580875,,no_hand,True,False,2.0145829766988754,4.999791970476508,7.338499999605119,1CM42_21_R_#153.avi,False,1280
True,False,False,no_hand,upscale1920,False,1.6123340465128422,2079,1440,,,1920,True,5.162290995940566,,no_hand,True,False,0.05370890721678734,6.780417053960264,7.219958934001625,1CM42_21_R_#153.avi,False,1920
True,False,False,no_hand,upscale1920,False,1.6362500609830022,2080,1440,,,1920,True,4.898125072941184,,no_hand,True,False,0.11200003791600466,6.541209062561393,7.032374967820942,1CM42_21_R_#153.avi,False,1920
True,False,False,no_hand,upscale1920,False,1.179667073301971,2080,960,,,1280,True,3.7687079748138785,,no_hand,True,False,1.9586669513955712,4.95283305644989,7.098875008523464,1CM42_21_R_#153.avi,False,1280
True,False,False,no_hand,upscale1920,False,0.5730839911848307,2080,720,,,960,True,3.3165409695357084,,no_hand,True,False,0.28833397664129734,3.8959169760346413,4.443499958142638,1CM42_21_R_#153.avi,False,960
True,False,False,no_hand,upscale1920,False,0.2619579900056124,2080,480,,,640,True,3.404082963243127,,no_hand,True,False,0.751459039747715,3.6713749868795276,4.6898339642211795,1CM42_21_R_#153.avi,False,640
True,False,False,no_hand,upscale1920,False,0.30408299062401056,2081,480,,,640,True,3.3596670255064964,,no_hand,True,False,0.6001250585541129,3.6692499415948987,4.328042035922408,1CM42_21_R_#153.avi,False,640
True,False,False,no_hand,upscale1920,False,0.5544159794226289,2081,720,,,960,True,3.2928750151768327,,no_hand,True,False,0.2904169959947467,3.8524999981746078,4.334542085416615,1CM42_21_R_#153.avi,False,960
True,False,False,no_hand,upscale1920,False,1.091332989744842,2081,960,,,1280,True,3.6146669881418347,,no_hand,True,False,1.9619169179350138,4.710207926109433,6.959249963983893,1CM42_21_R_#153.avi,False,1280
True,False,False,no_hand,upscale1920,False,1.604165998287499,2081,1440,,,1920,True,4.940208978950977,,no_hand,True,False,0.07791700772941113,6.551624974235892,6.91299990285188,1CM42_21_R_#153.avi,False,1920
True,False,False,no_hand,upscale1920,False,1.593666966073215,2082,1440,,,1920,True,4.520125105045736,,no_hand,True,False,0.4805839853361249,6.120459060184658,6.880750064738095,1CM42_21_R_#153.avi,False,1920
True,False,False,no_hand,upscale1920,False,0.9430829668417573,2082,960,,,1280,True,3.702583024278283,,no_hand,True,False,2.163084107451141,4.650707938708365,7.024709018878639,1CM42_21_R_#153.avi,False,1280
True,False,False,no_hand,upscale1920,False,0.5895409267395735,2082,720,,,960,True,3.450582968071103,,no_hand,True,False,0.30375004280358553,4.045790992677212,4.982291953638196,1CM42_21_R_#153.avi,False,960
True,False,False,no_hand,upscale1920,False,0.28920802287757397,2082,480,,,640,True,3.161791944876313,,no_hand,True,False,0.6618330953642726,3.4556660102680326,4.181708092801273,1CM42_21_R_#153.avi,False,640
True,False,False,no_hand,upscale1920,False,0.26420794893056154,2083,480,,,640,True,3.144875052385032,,no_hand,True,False,0.6140420446172357,3.413707949221134,4.086207947693765,1CM42_21_R_#153.avi,False,640
True,False,False,no_hand,upscale1920,False,0.5839160876348615,2083,720,,,960,True,3.379874979145825,,no_hand,True,False,0.3232500748708844,3.9685830706730485,4.414041060954332,1CM42_21_R_#153.avi,False,960
True,False,False,no_hand,upscale1920,False,1.0852910345420241,2083,960,,,1280,True,4.053708049468696,,no_hand,True,False,1.9270830089226365,5.1502910209819674,7.446250063367188,1CM42_21_R_#153.avi,False,1280
True,False,False,no_hand,upscale1920,False,1.4761249767616391,2083,1440,,,1920,True,5.013249930925667,,no_hand,True,False,0.18070905935019255,6.499332957901061,7.033167057670653,1CM42_21_R_#153.avi,False,1920
True,False,False,no_hand,upscale1920,False,1.4880419475957751,2084,1440,,,1920,True,4.787584068253636,,no_hand,True,False,0.11283392086625099,6.281750043854117,6.713374983519316,1CM42_21_R_#153.avi,False,1920
True,False,False,no_hand,upscale1920,False,0.9683329844847322,2084,960,,,1280,True,3.8509999867528677,,no_hand,True,False,2.1425409941002727,4.825541982427239,7.260540965944529,1CM42_21_R_#153.avi,False,1280
True,False,False,no_hand,upscale1920,False,0.7297910051420331,2084,720,,,960,True,3.858832991681993,,no_hand,True,False,0.3546250518411398,4.593375022523105,5.2201669896021485,1CM42_21_R_#153.avi,False,960
True,False,False,no_hand,upscale1920,False,0.35095796920359135,2084,480,,,640,True,3.749542054720223,,no_hand,True,False,0.7151670288294554,4.106333013623953,4.948209039866924,1CM42_21_R_#153.avi,False,640
True,False,False,no_hand,upscale1920,False,0.3025829792022705,2085,480,,,640,True,3.2309169182553887,,no_hand,True,False,1.034167013131082,3.538041957654059,4.669458023272455,1CM42_21_R_#153.avi,False,640
True,False,False,no_hand,upscale1920,False,0.622916966676712,2085,720,,,960,True,3.4022920299321413,,no_hand,True,False,0.2714580623432994,4.029124975204468,4.413166083395481,1CM42_21_R_#153.avi,False,960
True,False,False,no_hand,upscale1920,False,1.0684169828891754,2085,960,,,1280,True,3.7354578962549567,,no_hand,True,False,2.0166250178590417,4.808416939340532,7.169208023697138,1CM42_21_R_#153.avi,False,1280
True,False,False,no_hand,upscale1920,False,1.4574999222531915,2085,1440,,,1920,True,4.485000041313469,,no_hand,True,False,0.37054193671792746,5.949874990619719,6.62549992557615,1CM42_21_R_#153.avi,False,1920
True,False,False,no_hand,upscale1920,False,1.487750094383955,2086,1440,,,1920,True,4.7380420146510005,,no_hand,True,False,0.1914579188451171,6.232084007933736,6.74699991941452,1CM42_21_R_#153.avi,False,1920
True,False,False,no_hand,upscale1920,False,1.0162499966099858,2086,960,,,1280,True,3.7923749769106507,,no_hand,True,False,1.959750079549849,4.814999992959201,7.162166992202401,1CM42_21_R_#153.avi,False,1280
True,False,False,no_hand,upscale1920,False,0.5552080692723393,2086,720,,,960,True,3.577832947485149,,no_hand,True,False,0.31908403616398573,4.140041070058942,5.268916953355074,1CM42_21_R_#153.avi,False,960
True,False,False,no_hand,upscale1920,False,0.27829199098050594,2086,480,,,640,True,3.244958003051579,,no_hand,True,False,0.6270409794524312,3.528333967551589,4.279499989934266,1CM42_21_R_#153.avi,False,640
True,False,False,no_hand,upscale1920,False,0.3278750227764249,2087,480,,,640,True,3.4342079889029264,,no_hand,True,False,0.6416250253096223,3.7702079862356186,4.682707949541509,1CM42_21_R_#153.avi,False,640
True,False,False,no_hand,upscale1920,False,0.6685830885544419,2087,720,,,960,True,3.5624579759314656,,no_hand,True,False,0.5033749621361494,4.237292101606727,4.947124980390072,1CM42_21_R_#153.avi,False,960
True,False,False,no_hand,upscale1920,False,1.1185420444235206,2087,960,,,1280,True,3.9688339456915855,,no_hand,True,False,1.9521670183166862,5.092459032312036,7.3192089330405,1CM42_21_R_#153.avi,False,1280
True,False,False,no_hand,upscale1920,False,1.6046250239014626,2087,1440,,,1920,True,4.985208041034639,,no_hand,True,False,0.3653750754892826,6.596416933462024,7.261125021614134,1CM42_21_R_#153.avi,False,1920
True,False,False,no_hand,upscale1920,False,1.4567920006811619,2088,1440,,,1920,True,4.44866600446403,,no_hand,True,False,0.10974996257573366,5.911916960030794,6.280749919824302,1CM42_21_R_#153.avi,False,1920
True,False,False,no_hand,upscale1920,False,0.9272500174120069,2088,960,,,1280,True,3.5752500407397747,,no_hand,True,False,1.799291931092739,4.507125006057322,6.490458967164159,1CM42_21_R_#153.avi,False,1280
True,False,False,no_hand,upscale1920,False,0.6432499503716826,2088,720,,,960,True,3.489790949970484,,no_hand,True,False,0.2809170400723815,4.140542005188763,4.7452079597860575,1CM42_21_R_#153.avi,False,960
True,False,False,no_hand,upscale1920,False,0.3057920839637518,2088,480,,,640,True,3.6972080124542117,,no_hand,True,False,0.6351249758154154,4.008959047496319,5.0325829070061445,1CM42_21_R_#153.avi,False,640
True,False,False,no_hand,upscale1920,False,0.28012506663799286,2089,480,,,640,True,3.221999970264733,,no_hand,True,False,0.5859159864485264,3.5073329927399755,4.167375038377941,1CM42_21_R_#153.avi,False,640
True,False,False,no_hand,upscale1920,False,0.6361670093610883,2089,720,,,960,True,3.509624977596104,,no_hand,True,False,0.478208065032959,4.1510420851409435,4.751791013404727,1CM42_21_R_#153.avi,False,960
True,False,False,no_hand,upscale1920,False,0.9897080017253757,2089,960,,,1280,True,3.906124969944358,,no_hand,True,False,2.0026660058647394,4.901500069536269,7.186457980424166,1CM42_21_R_#153.avi,False,1280
True,False,False,no_hand,upscale1920,False,1.5873750671744347,2089,1440,,,1920,True,4.956625052727759,,no_hand,True,False,0.0737080117687583,6.550917052663863,6.97095796931535,1CM42_21_R_#153.avi,False,1920
True,False,False,no_hand,upscale1920,False,1.5112500404939055,2090,1440,,,1920,True,4.555749939754605,,no_hand,True,False,0.11100003030151129,6.073917029425502,6.447166088037193,1CM42_21_R_#153.avi,False,1920
True,False,False,no_hand,upscale1920,False,1.0382080217823386,2090,960,,,1280,True,3.884625039063394,,no_hand,True,False,2.43387499358505,4.931500065140426,7.611665991134942,1CM42_21_R_#153.avi,False,1280
True,False,False,no_hand,upscale1920,False,0.6837499095126987,2090,720,,,960,True,3.641791990958154,,no_hand,True,False,0.4210409242659807,4.332832992076874,4.9048749497160316,1CM42_21_R_#153.avi,False,960
True,False,False,no_hand,upscale1920,False,0.31704199500381947,2090,480,,,640,True,3.7089999532327056,,no_hand,True,False,0.7244159933179617,4.033458069898188,4.886708105914295,1CM42_21_R_#153.avi,False,640
True,False,False,no_hand,upscale1920,False,0.3088751109316945,2091,480,,,640,True,3.3534159883856773,,no_hand,True,False,0.6227090489119291,3.6742500960826874,4.394125076942146,1CM42_21_R_#153.avi,False,640
True,False,False,no_hand,upscale1920,False,0.6390420021489263,2091,720,,,960,True,3.716000006534159,,no_hand,True,False,0.3101250622421503,4.367374931462109,4.86012501642108,1CM42_21_R_#153.avi,False,960
True,False,False,no_hand,upscale1920,False,1.0861249174922705,2091,960,,,1280,True,3.8362080231308937,,no_hand,True,False,2.620500046759844,4.930582945235074,7.7723750146105886,1CM42_21_R_#153.avi,False,1280
True,False,False,no_hand,upscale1920,False,1.4497919473797083,2091,1440,,,1920,True,4.6590829733759165,,no_hand,True,False,0.06420793943107128,6.116666947491467,6.471249973401427,1CM42_21_R_#153.avi,False,1920
True,False,False,no_hand,upscale1920,False,1.5290420269593596,2092,1440,,,1920,True,4.721666104160249,,no_hand,True,False,0.16045896336436272,6.258834036998451,6.760374992154539,1CM42_21_R_#153.avi,False,1920
True,False,False,no_hand,upscale1920,False,1.0230829939246178,2092,960,,,1280,True,4.237832967191935,,no_hand,True,False,2.003666013479233,5.2700829692184925,7.685250020585954,1CM42_21_R_#153.avi,False,1280
True,False,False,no_hand,upscale1920,False,0.7182499393820763,2092,720,,,960,True,3.989374963566661,,no_hand,True,False,0.40720903780311346,4.714582930319011,5.320959025993943,1CM42_21_R_#153.avi,False,960
True,False,False,no_hand,upscale1920,False,0.2791250590234995,2092,480,,,640,True,3.691375022754073,,no_hand,True,False,0.8502909913659096,3.9788750000298023,5.089665995910764,1CM42_21_R_#153.avi,False,640
True,False,False,no_hand,upscale1920,False,0.3102089976891875,2093,480,,,640,True,3.4579579951241612,,no_hand,True,False,0.5994170205667615,3.7777499528601766,4.484125063754618,1CM42_21_R_#153.avi,False,640
True,False,False,no_hand,upscale1920,False,0.6959589663892984,2093,720,,,960,True,3.6786249838769436,,no_hand,True,False,0.28541695792227983,4.385249922052026,4.860416986048222,1CM42_21_R_#153.avi,False,960
True,False,False,no_hand,upscale1920,False,1.0947500122711062,2093,960,,,1280,True,4.196416004560888,,no_hand,True,False,2.2452500415965915,5.299624986946583,7.932709064334631,1CM42_21_R_#153.avi,False,1280
True,False,False,no_hand,upscale1920,False,1.6114169266074896,2093,1440,,,1920,True,5.196708021685481,,no_hand,True,False,0.050999922677874565,6.818666937761009,7.2032499592751265,1CM42_21_R_#153.avi,False,1920
True,False,False,no_hand,upscale1920,False,1.5800410183146596,2094,1440,,,1920,True,4.948332905769348,,no_hand,True,False,0.09787501767277718,6.537333014421165,6.97400001809001,1CM42_21_R_#153.avi,False,1920
True,False,False,no_hand,upscale1920,False,0.9838750120252371,2094,960,,,1280,True,4.23445797059685,,no_hand,True,False,1.972333062440157,5.226250039413571,7.4957499746233225,1CM42_21_R_#153.avi,False,1280
True,False,False,no_hand,upscale1920,False,0.6346669979393482,2094,720,,,960,True,3.5177499521523714,,no_hand,True,False,0.3449170617386699,4.157459014095366,4.686917061917484,1CM42_21_R_#153.avi,False,960
True,False,False,no_hand,upscale1920,False,0.2691249828785658,2094,480,,,640,True,3.5083340480923653,,no_hand,True,False,0.991416978649795,3.7851249799132347,4.9319579266011715,1CM42_21_R_#153.avi,False,640
True,False,False,no_hand,upscale1920,False,0.2625000197440386,2095,480,,,640,True,3.1999159837141633,,no_hand,True,False,0.9581670165061951,3.4690420143306255,4.538375069387257,1CM42_21_R_#153.avi,False,640
True,False,False,no_hand,upscale1920,False,0.6217909976840019,2095,720,,,960,True,3.3714170567691326,,no_hand,True,False,0.20483299158513546,3.9985410403460264,4.7290410147979856,1CM42_21_R_#153.avi,False,960
True,False,False,no_hand,upscale1920,False,1.0859169997274876,2095,960,,,1280,True,3.902041004039347,,no_hand,True,False,1.9561660010367632,4.994667018763721,7.167000090703368,1CM42_21_R_#153.avi,False,1280
True,False,False,no_hand,upscale1920,False,1.614792039617896,2095,1440,,,1920,True,4.751458996906877,,no_hand,True,False,0.29799994081258774,6.372167030349374,6.916999933309853,1CM42_21_R_#153.avi,False,1920
True,False,False,no_hand,upscale1920,False,1.4975829981267452,2096,1440,,,1920,True,4.5556670520454645,,no_hand,True,False,0.09649991989135742,6.062124972231686,6.449791952036321,1CM42_21_R_#153.avi,False,1920
True,False,False,no_hand,upscale1920,False,0.9573330171406269,2096,960,,,1280,True,3.966707969084382,,no_hand,True,False,1.9554999889805913,4.935333039611578,7.148250006139278,1CM42_21_R_#153.avi,False,1280
True,False,False,no_hand,upscale1920,False,0.5749589763581753,2096,720,,,960,True,4.067207919433713,,no_hand,True,False,0.6502500036731362,4.647833993658423,5.48070902004838,1CM42_21_R_#153.avi,False,960
True,False,False,no_hand,upscale1920,False,0.22387492936104536,2096,480,,,640,True,3.368375007994473,,no_hand,True,False,0.6646669935435057,3.6032499046996236,4.407833912409842,1CM42_21_R_#153.avi,False,640
True,False,False,no_hand,upscale1920,False,0.3062909236177802,2097,480,,,640,True,3.75633395742625,,no_hand,True,False,0.6098749581724405,4.068540991283953,4.760832991451025,1CM42_21_R_#153.avi,False,640
True,False,False,no_hand,upscale1920,False,0.5827500717714429,2097,720,,,960,True,3.4552080323919654,,no_hand,True,False,0.31770800705999136,4.04291704762727,4.535249900072813,1CM42_21_R_#153.avi,False,960
True,False,False,no_hand,upscale1920,False,1.0510419961065054,2097,960,,,1280,True,3.6527500487864017,,no_hand,True,False,2.0893339533358812,4.708833992481232,7.136875065043569,1CM42_21_R_#153.avi,False,1280
True,False,False,no_hand,upscale1920,False,1.519333920441568,2097,1440,,,1920,True,4.725000006146729,,no_hand,True,False,0.0677499920129776,6.251624901778996,6.613792036660016,1CM42_21_R_#153.avi,False,1920
True,False,False,no_hand,upscale1920,False,1.630541984923184,2098,1440,,,1920,True,4.666791995987296,,no_hand,True,False,0.20654196850955486,6.304292008280754,6.838417029939592,1CM42_21_R_#153.avi,False,1920
True,False,False,no_hand,upscale1920,False,1.0231249034404755,2098,960,,,1280,True,3.9122910238802433,,no_hand,True,False,2.289791009388864,4.941374994814396,7.543541025370359,1CM42_21_R_#153.avi,False,1280
True,False,False,no_hand,upscale1920,False,0.6982500199228525,2098,720,,,960,True,3.663709037937224,,no_hand,True,False,0.38462504744529724,4.367292043752968,5.322083015926182,1CM42_21_R_#153.avi,False,960
True,False,False,no_hand,upscale1920,False,0.3004170721396804,2098,480,,,640,True,3.5112909972667694,,no_hand,True,False,0.7611670298501849,3.816041979007423,4.641375038772821,1CM42_21_R_#153.avi,False,640
True,False,False,no_hand,upscale1920,False,0.28737494722008705,2099,480,,,640,True,2.950625028461218,,no_hand,True,False,0.7094999309629202,3.2419590279459953,4.253791994415224,1CM42_21_R_#153.avi,False,640
True,False,False,no_hand,upscale1920,False,0.5721669876947999,2099,720,,,960,True,3.4080420155078173,,no_hand,True,False,0.2377079799771309,3.987791948020458,4.351666895672679,1CM42_21_R_#153.avi,False,960
True,False,False,no_hand,upscale1920,False,0.9786250302568078,2099,960,,,1280,True,3.7719999672845006,,no_hand,True,False,2.0156250102445483,4.755584057420492,7.000416982918978,1CM42_21_R_#153.avi,False,1280
True,False,False,no_hand,upscale1920,False,1.48658303078264,2099,1440,,,1920,True,4.746791906654835,,no_hand,True,False,0.3362080315127969,6.241750088520348,6.866500014439225,1CM42_21_R_#153.avi,False,1920
True,False,False,no_hand,upscale1920,False,1.469041919335723,2100,1440,,,1920,True,4.472667002119124,,no_hand,True,False,0.10774994734674692,5.948999896645546,6.341874948702753,1CM42_21_R_#153.avi,False,1920
True,False,False,no_hand,upscale1920,False,0.9732920443639159,2100,960,,,1280,True,3.8945419946685433,,no_hand,True,False,2.1641249768435955,4.878083011135459,7.349541992880404,1CM42_21_R_#153.avi,False,1280
True,False,False,no_hand,upscale1920,False,0.5964590236544609,2100,720,,,960,True,3.6112910602241755,,no_hand,True,False,0.3537499578669667,4.2128750355914235,4.80191595852375,1CM42_21_R_#153.avi,False,960
True,False,False,no_hand,upscale1920,False,0.28491602279245853,2100,480,,,640,True,3.2088750740513206,,no_hand,True,False,0.8270420366898179,3.49854095838964,4.574583028443158,1CM42_21_R_#153.avi,False,640
True,False,False,no_hand,upscale1920,False,0.2680419711396098,2101,480,,,640,True,3.1675000209361315,,no_hand,True,False,0.595040968619287,3.440125030465424,4.1085409466177225,1CM42_21_R_#153.avi,False,640
True,False,False,no_hand,upscale1920,False,0.5939999828115106,2101,720,,,960,True,3.579332958906889,,no_hand,True,False,0.27895800303667784,4.178666975349188,4.645208013243973,1CM42_21_R_#153.avi,False,960
True,False,False,no_hand,upscale1920,False,1.0130000300705433,2101,960,,,1280,True,3.7762500578537583,,no_hand,True,False,2.046832931227982,4.795041983015835,7.108708028681576,1CM42_21_R_#153.avi,False,1280
True,False,False,no_hand,upscale1920,False,1.583541976287961,2101,1440,,,1920,True,4.701249999925494,,no_hand,True,False,0.08220900781452656,6.29116699565202,6.670624949038029,1CM42_21_R_#153.avi,False,1920
True,False,False,no_hand,upscale1920,False,1.4748749090358615,2102,1440,,,1920,True,4.431874956935644,,no_hand,True,False,0.11016707867383957,5.915042012929916,6.306125083938241,1CM42_21_R_#153.avi,False,1920
True,False,False,no_hand,upscale1920,False,0.9550409158691764,2102,960,,,1280,True,4.032625001855195,,no_hand,True,False,2.030208008363843,4.994750022888184,7.30837497394532,1CM42_21_R_#153.avi,False,1280
True,False,False,no_hand,upscale1920,False,0.5457500228658319,2102,720,,,960,True,3.489083028398454,,no_hand,True,False,0.29325007926672697,4.04062494635582,4.467291058972478,1CM42_21_R_#153.avi,False,960
True,False,False,no_hand,upscale1920,False,0.30091707594692707,2102,480,,,640,True,3.6287499824538827,,no_hand,True,False,0.6402500439435244,3.9343340322375298,4.6709999442100525,1CM42_21_R_#153.avi,False,640
True,False,False,no_hand,upscale1920,False,0.23149990011006594,2103,480,,,640,True,3.15295800101012,,no_hand,True,False,0.6324999267235398,3.3896249951794744,4.093415918760002,1CM42_21_R_#153.avi,False,640
True,False,False,no_hand,upscale1920,False,0.625707907602191,2103,720,,,960,True,3.5043329698964953,,no_hand,True,False,0.27016596868634224,4.135541967116296,4.547958029434085,1CM42_21_R_#153.avi,False,960
True,False,False,no_hand,upscale1920,False,0.9842920117080212,2103,960,,,1280,True,3.6735000321641564,,no_hand,True,False,1.8963329493999481,4.662416991777718,7.07808299921453,1CM42_21_R_#153.avi,False,1280
True,False,False,no_hand,upscale1920,False,1.6537910560145974,2103,1440,,,1920,True,4.7543339896947145,,no_hand,True,False,0.04212500061839819,6.4197080209851265,6.744916085153818,1CM42_21_R_#153.avi,False,1920
True,False,False,no_hand,upscale1920,False,1.5168329700827599,2104,1440,,,1920,True,4.3828749330714345,,no_hand,True,False,0.2922080457210541,5.906707956455648,6.47583301179111,1CM42_21_R_#153.avi,False,1920
True,False,False,no_hand,upscale1920,False,0.9524999186396599,2104,960,,,1280,True,3.828417044132948,,no_hand,True,False,1.9518749322742224,4.786707926541567,6.9542499259114265,1CM42_21_R_#153.avi,False,1280
True,False,False,no_hand,upscale1920,False,0.6314169149845839,2104,720,,,960,True,3.3324999967589974,,no_hand,True,False,0.39958395063877106,3.9724999805912375,4.79020900093019,1CM42_21_R_#153.avi,False,960
True,False,False,no_hand,upscale1920,False,0.279792002402246,2104,480,,,640,True,3.3862090203911066,,no_hand,True,False,0.6592919817194343,3.670874983072281,4.444416961632669,1CM42_21_R_#153.avi,False,640
True,False,False,no_hand,upscale1920,False,0.22504199296236038,2105,480,,,640,True,3.337666974402964,,no_hand,True,False,0.6232080049812794,3.5672920057550073,4.433040972799063,1CM42_21_R_#153.avi,False,640
True,False,False,no_hand,upscale1920,False,0.5605419864878058,2105,720,,,960,True,3.77204199321568,,no_hand,True,False,0.27125002816319466,4.337582970038056,4.955417010933161,1CM42_21_R_#153.avi,False,960
True,False,False,no_hand,upscale1920,False,1.0354999685660005,2105,960,,,1280,True,3.8777909940108657,,no_hand,True,False,1.9410829991102219,4.918833961710334,7.225917070172727,1CM42_21_R_#153.avi,False,1280
True,False,False,no_hand,upscale1920,False,1.4616670086979866,2105,1440,,,1920,True,4.939167061820626,,no_hand,True,False,0.03275007475167513,6.411458016373217,6.7585420329123735,1CM42_21_R_#153.avi,False,1920
True,False,False,no_hand,upscale1920,False,1.6561670927330852,2106,1440,,,1920,True,4.7850830014795065,,no_hand,True,False,0.5111249629408121,6.450542015954852,7.244791951961815,1CM42_21_R_#153.avi,False,1920
True,False,False,no_hand,upscale1920,False,1.0796660790219903,2106,960,,,1280,True,4.042541026137769,,no_hand,True,False,1.6181659884750843,5.128375021740794,7.0650409907102585,1CM42_21_R_#153.avi,False,1280
True,False,False,no_hand,upscale1920,False,0.6094579584896564,2106,720,,,960,True,3.6474999506026506,,no_hand,True,False,0.3351670457050204,4.262790898792446,5.1915840012952685,1CM42_21_R_#153.avi,False,960
True,False,False,no_hand,upscale1920,False,0.32595801167190075,2106,480,,,640,True,3.24083399027586,,no_hand,True,False,0.7195840589702129,3.571624984033406,4.356375080533326,1CM42_21_R_#153.avi,False,640
True,False,False,no_hand,upscale1920,False,0.31691696494817734,2107,480,,,640,True,3.2429590355604887,,no_hand,True,False,0.8593749953433871,3.5650000208988786,4.536166088655591,1CM42_21_R_#153.avi,False,640
True,False,False,no_hand,upscale1920,False,0.5797920748591423,2107,720,,,960,True,3.6533749662339687,,no_hand,True,False,0.490125035867095,4.238042049109936,4.959624959155917,1CM42_21_R_#153.avi,False,960
True,False,False,no_hand,upscale1920,False,0.9961669566109776,2107,960,,,1280,True,3.702165908180177,,no_hand,True,False,1.749749993905425,4.704291932284832,6.947791902348399,1CM42_21_R_#153.avi,False,1280
True,False,False,no_hand,upscale1920,False,1.6039588954299688,2107,1440,,,1920,True,4.802374984137714,,no_hand,True,False,0.140791991725564,6.413833936676383,6.8519170163199306,1CM42_21_R_#153.avi,False,1920
True,False,False,no_hand,upscale1920,False,1.7226249910891056,2108,1440,,,1920,True,4.496416077017784,,no_hand,True,False,0.18500001169741154,6.225415971130133,6.666541914455593,1CM42_21_R_#153.avi,False,1920
True,False,False,no_hand,upscale1920,False,1.0022500064224005,2108,960,,,1280,True,3.8923330139368773,,no_hand,True,False,2.0772499265149236,4.899917053990066,7.189416908659041,1CM42_21_R_#153.avi,False,1280
True,False,False,no_hand,upscale1920,False,0.6044999463483691,2108,720,,,960,True,3.5670839715749025,,no_hand,True,False,0.34308305475860834,4.177415976300836,4.668083041906357,1CM42_21_R_#153.avi,False,960
True,False,False,no_hand,upscale1920,False,0.28137490153312683,2108,480,,,640,True,3.4330839989706874,,no_hand,True,False,0.6547500379383564,3.719999920576811,4.479708033613861,1CM42_21_R_#153.avi,False,640
True,False,False,no_hand,upscale1920,False,0.24145899806171656,2109,480,,,640,True,3.2914159819483757,,no_hand,True,False,0.6150000263005495,3.5391250858083367,4.233250045217574,1CM42_21_R_#153.avi,False,640
True,False,False,no_hand,upscale1920,False,0.6367090390995145,2109,720,,,960,True,3.574125003069639,,no_hand,True,False,0.24508300703018904,4.219833994284272,5.082207964733243,1CM42_21_R_#153.avi,False,960
True,False,False,no_hand,upscale1920,False,0.9314999915659428,2109,960,,,1280,True,3.760166931897402,,no_hand,True,False,2.032749936915934,4.697583033703268,7.065874990075827,1CM42_21_R_#153.avi,False,1280
True,False,False,no_hand,upscale1920,False,1.457874896004796,2109,1440,,,1920,True,5.584249971434474,,no_hand,True,False,0.05337502807378769,7.050457992590964,7.380250026471913,1CM42_21_R_#153.avi,False,1920
True,False,False,no_hand,upscale1920,False,1.6724159941077232,2110,1440,,,1920,True,4.852999933063984,,no_hand,True,False,0.20162493456155062,6.534624961204827,7.026207982562482,1CM42_21_R_#153.avi,False,1920
True,False,False,no_hand,upscale1920,False,1.010625041089952,2110,960,,,1280,True,3.8733750116080046,,no_hand,True,False,2.2249999456107616,4.891082993708551,7.315624970942736,1CM42_21_R_#153.avi,False,1280
True,False,False,no_hand,upscale1920,False,0.6041669985279441,2110,720,,,960,True,3.648624988272786,,no_hand,True,False,0.36874995566904545,4.257583990693092,4.804166965186596,1CM42_21_R_#153.avi,False,960
True,False,False,no_hand,upscale1920,False,0.31462509650737047,2110,480,,,640,True,3.2314580166712403,,no_hand,True,False,0.6774590583518147,3.5505410050973296,4.31316695176065,1CM42_21_R_#153.avi,False,640
True,False,False,no_hand,upscale1920,False,0.27570908423513174,2111,480,,,640,True,3.2107089646160603,,no_hand,True,False,0.5950829945504665,3.4927090164273977,4.174917005002499,1CM42_21_R_#153.avi,False,640
True,False,False,no_hand,upscale1920,False,0.6214160239323974,2111,720,,,960,True,3.5741670290008187,,no_hand,True,False,0.27916603721678257,4.2006660951301455,4.625207977369428,1CM42_21_R_#153.avi,False,960
True,False,False,no_hand,upscale1920,False,1.0976250050589442,2111,960,,,1280,True,3.886958002112806,,no_hand,True,False,1.9399999873712659,4.990875022485852,7.244665990583599,1CM42_21_R_#153.avi,False,1280
True,False,False,no_hand,upscale1920,False,1.6203749692067504,2111,1440,,,1920,True,4.892500001005828,,no_hand,True,False,0.058125006034970284,6.5229160245507956,6.877374951727688,1CM42_21_R_#153.avi,False,1920
True,False,False,no_hand,upscale1920,False,1.5814159996807575,2112,1440,,,1920,True,5.10829093400389,,no_hand,True,False,0.4681249847635627,6.697333068586886,7.430332945659757,1CM42_21_R_#153.avi,False,1920
True,False,False,no_hand,upscale1920,False,0.9486250346526504,2112,960,,,1280,True,3.996332990936935,,no_hand,True,False,2.1835409570485353,4.952792078256607,7.318249903619289,1CM42_21_R_#153.avi,False,1280
True,False,False,no_hand,upscale1920,False,0.5725829396396875,2112,720,,,960,True,3.956749918870628,,no_hand,True,False,0.3217090852558613,4.535290994681418,4.9764170544222,1CM42_21_R_#153.avi,False,960
True,False,False,no_hand,upscale1920,False,0.3061669413000345,2112,480,,,640,True,3.182374988682568,,no_hand,True,False,0.6637501064687967,3.4938750322908163,4.217291017994285,1CM42_21_R_#153.avi,False,640
True,False,False,no_hand,upscale1920,False,0.24287495762109756,2113,480,,,640,True,3.333500004373491,,no_hand,True,False,0.5866669816896319,3.5816249437630177,4.241791903041303,1CM42_21_R_#153.avi,False,640
True,False,False,no_hand,upscale1920,False,0.5936669185757637,2113,720,,,960,True,3.4432909451425076,,no_hand,True,False,0.2620839513838291,4.041083971969783,4.4277089182287455,1CM42_21_R_#153.avi,False,960
True,False,False,no_hand,upscale1920,False,1.0294170351698995,2113,960,,,1280,True,3.710541990585625,,no_hand,True,False,1.884083030745387,4.747125087305903,7.137999986298382,1CM42_21_R_#153.avi,False,1280
True,False,False,no_hand,upscale1920,False,1.5792910708114505,2113,1440,,,1920,True,4.925749963149428,,no_hand,True,False,0.13833295088261366,6.513540982268751,6.957040983252227,1CM42_21_R_#153.avi,False,1920
True,True,True,victory,native640,True,0.2876250073313713,2177,480,0.0,21,640,False,7.389499922282994,0.0,victory,True,True,0.12754194904118776,7.806333946064115,8.265124983154237,1CV12_12_R_#89.avi,True,640
True,True,True,victory,native640,True,0.20287500228732824,2177,360,0.48917609535380213,21,480,False,6.410584086552262,0.2460262239069447,victory,True,True,0.6127089727669954,6.735124974511564,7.832125062122941,1CV12_12_R_#89.avi,True,480
True,True,True,victory,native640,True,0.09958306327462196,2177,240,0.9632030170455065,21,320,False,6.083667045459151,0.616774048348969,victory,True,True,0.025041052140295506,6.2998749781399965,6.593208061531186,1CV12_12_R_#89.avi,True,320
True,True,True,victory,native640,True,0.10624993592500687,2178,240,0.9174725074188702,21,320,False,5.92120795045048,0.4425406379888268,victory,True,True,0.029999995604157448,6.138999946415424,6.740249926224351,1CV12_12_R_#89.avi,True,320
True,True,True,victory,native640,True,0.19345793407410383,2178,360,0.639869792346092,21,480,False,6.0429590521380305,0.22361871611033712,victory,True,True,0.6086659850552678,6.342125008814037,7.204750087112188,1CV12_12_R_#89.avi,True,480
True,True,True,victory,native640,True,0.2883749548345804,2178,480,0.0,21,640,False,6.2824999913573265,0.0,victory,True,True,0.001125037670135498,6.681166007183492,6.9333750288933516,1CV12_12_R_#89.avi,True,640
True,True,True,victory,native640,True,0.2859579399228096,2179,480,0.0,21,640,False,6.278624990954995,0.0,victory,True,True,0.0009579816833138466,6.671166978776455,6.914458004757762,1CV12_12_R_#89.avi,True,640
True,True,True,victory,native640,True,0.15020801220089197,2179,360,0.5013810256240101,21,480,False,5.956583074294031,0.5222587220751865,victory,True,True,0.6209580460563302,6.216416950337589,7.091250037774444,1CV12_12_R_#89.avi,True,480
True,True,True,victory,native640,True,0.0956669682636857,2179,240,0.8992479487654147,21,320,False,5.904583027586341,1.0765501594499038,victory,True,True,0.022875028662383556,6.105709006078541,6.359125021845102,1CV12_12_R_#89.avi,True,320
True,True,True,victory,native640,True,0.10491698049008846,2180,240,2.2869127148636235,21,320,False,6.263875053264201,1.8409328863919028,victory,True,True,0.04595797508955002,6.489041959866881,6.814875057898462,1CV12_12_R_#89.avi,True,320
True,True,True,victory,native640,True,0.17224997282028198,2180,360,0.6458986412074476,21,480,False,6.062583066523075,0.6046032442588366,victory,True,True,0.7063749944791198,6.337250000797212,7.286582957021892,1CV12_12_R_#89.avi,True,480
True,True,True,victory,native640,True,0.2975419629365206,2180,480,0.0,21,640,False,5.969707970507443,0.0,victory,True,True,0.0010830117389559746,6.367624970152974,6.596249993890524,1CV12_12_R_#89.avi,True,640
True,True,True,victory,native640,True,0.27716602198779583,2181,480,0.0,21,640,False,6.187083083204925,0.0,victory,True,True,0.0008329516276717186,6.571833044290543,6.85112492647022,1CV12_12_R_#89.avi,True,640
True,True,True,victory,native640,True,0.15933311078697443,2181,360,1.2879693277387727,21,480,False,6.278290995396674,0.9234737387919327,victory,True,True,0.5989579949527979,6.544833071529865,7.41229101549834,1CV12_12_R_#89.avi,True,480
True,True,True,victory,native640,True,0.07825007196515799,2181,240,1.765828202013691,21,320,False,6.097082979977131,2.481290734627015,victory,True,True,0.02062495332211256,6.277250009588897,6.516541936434805,1CV12_12_R_#89.avi,True,320
True,True,True,victory,native640,True,0.0760830007493496,2182,240,1.3604932149344175,21,320,False,5.769958021119237,0.8365966303211565,victory,True,True,0.023667002096772194,5.947332945652306,6.189832929521799,1CV12_12_R_#89.avi,False,320
True,True,True,victory,native640,True,0.18954090774059296,2182,360,0.5980580393895437,21,480,False,5.611125030554831,0.4260340887154567,victory,True,True,0.5854590563103557,5.90083294082433,6.7451250506564975,1CV12_12_R_#89.avi,False,480
True,True,True,victory,native640,True,0.39891700726002455,2182,480,0.0,21,640,False,6.2645000871270895,0.0,victory,True,True,0.000875093974173069,6.759542040526867,6.996167008765042,1CV12_12_R_#89.avi,False,640
True,True,True,victory,native640,True,0.27966697234660387,2183,480,0.0,21,640,False,6.386292050592601,0.0,victory,True,True,0.0007920898497104645,6.797624984756112,7.065667072311044,1CV12_12_R_#89.avi,False,640
True,True,True,victory,native640,True,0.16316701658070087,2183,360,0.6636754746834601,21,480,False,5.942917079664767,0.48611327771206836,victory,True,True,0.5961250280961394,6.211582920514047,7.046583108603954,1CV12_12_R_#89.avi,False,480
True,True,True,victory,native640,True,0.11383404489606619,2183,240,1.2860428847846128,21,320,False,5.927874939516187,0.2512547727832654,victory,True,True,0.020458013750612736,6.141292047686875,6.391000002622604,1CV12_12_R_#89.avi,False,320
True,True,True,victory,native640,True,0.10320800356566906,2184,240,1.7966503565994811,21,320,False,6.0131249483674765,0.5862412212678707,victory,True,True,0.027916976250708103,6.215290981344879,6.462499964982271,1CV12_12_R_#89.avi,False,320
True,True,True,victory,native640,True,0.23966701701283455,2184,360,1.1924144385845779,21,480,False,5.898708943277597,0.3482744785677653,victory,True,True,0.810708967037499,6.252542021684349,7.311584078706801,1CV12_12_R_#89.avi,False,480
True,True,True,victory,native640,True,0.29454194009304047,2184,480,0.0,21,640,False,5.912167020142078,0.0,victory,True,True,0.0010830117389559746,6.320166983641684,6.875415914691985,1CV12_12_R_#89.avi,False,640
True,True,True,victory,native640,True,0.2465000143274665,2185,480,0.0,21,640,False,6.201999960467219,0.0,victory,True,True,0.0007499475032091141,6.564500043168664,6.8276249803602695,1CV12_12_R_#89.avi,False,640
True,True,True,victory,native640,True,0.18995790742337704,2185,360,4.66435081060221,21,480,False,6.0986659955233335,1.3606984638659663,point,False,True,0.5952079081907868,6.399207981303334,7.244290900416672,1CV12_12_R_#89.avi,False,480
True,True,True,victory,native640,True,0.09433308150619268,2185,240,5.563584784399369,21,320,False,5.974750034511089,0.9536571367623758,victory,True,True,0.023709028027951717,6.183416000567377,6.4942920580506325,1CV12_12_R_#89.avi,False,320
True,True,True,victory,native640,True,0.11866702698171139,2186,240,4.885991538025102,21,320,False,5.754666985012591,1.9174154417006124,victory,True,True,0.03825000021606684,5.971500067971647,6.2158339424058795,1CV12_12_R_#89.avi,False,320
True,True,True,victory,native640,True,0.20295893773436546,2186,360,8.429406586835496,21,480,False,6.446334067732096,2.2805786140788498,victory,True,True,0.646167085506022,6.761166965588927,7.864792016334832,1CV12_12_R_#89.avi,False,480
True,True,True,victory,native640,True,0.21883402951061726,2186,480,0.0,21,640,False,6.29420904442668,0.0,victory,True,True,0.00100000761449337,6.610584096051753,6.863333052024245,1CV12_12_R_#89.avi,False,640
True,True,True,victory,native640,True,0.28316699899733067,2187,480,0.0,21,640,False,6.089958944357932,0.0,victory,True,True,0.0007919734343886375,6.480291951447725,6.747166975401342,1CV12_12_R_#89.avi,False,640
True,True,True,victory,native640,True,0.22779195569455624,2187,360,9.988780249140314,20,480,False,6.094207987189293,2.1860461727102902,victory,True,True,0.5958330584689975,6.430167006328702,7.234874996356666,1CV12_12_R_#89.avi,False,480
True,True,True,victory,native640,True,0.08754199370741844,2187,240,14.501756600483716,20,320,False,5.927709047682583,4.153982865863883,navigation,False,True,0.01920794602483511,6.107499939389527,6.3201249577105045,1CV12_12_R_#89.avi,False,320
True,True,True,victory,native640,True,0.0725829740986228,2188,240,7.926853780367021,21,320,False,6.2252499628812075,1.873916772080714,victory,True,True,0.021125073544681072,6.415124982595444,6.688333000056446,1CV12_12_R_#89.avi,False,320
True,True,True,victory,native640,True,0.1806250074878335,2188,360,5.197906659956989,21,480,False,6.053749937564135,1.7399831385778997,victory,True,True,0.590750016272068,6.3350420678034425,7.152874954044819,1CV12_12_R_#89.avi,False,480
True,True,True,victory,native640,True,0.3099170280620456,2188,480,0.0,21,640,False,6.261542090214789,0.0,victory,True,True,0.001125037670135498,6.6842499654740095,6.9702500477433205,1CV12_12_R_#89.avi,False,640
True,True,True,victory,native640,True,0.29170792549848557,2189,480,0.0,21,640,False,6.243207957595587,0.0,victory,True,True,0.0009170034900307655,6.6542079439386725,6.93775003310293,1CV12_12_R_#89.avi,False,640
True,True,True,victory,native640,True,0.17925002612173557,2189,360,5.930826581678804,21,480,False,5.827334010973573,1.0231133562754606,navigation,False,True,0.5958339897915721,6.108416942879558,6.924583925865591,1CV12_12_R_#89.avi,False,480
True,True,True,victory,native640,True,0.08479098323732615,2189,240,10.050111181847038,21,320,False,6.059334031306207,1.600488649008734,victory,True,True,0.022582942619919777,6.281290901824832,6.607957999221981,1CV12_12_R_#89.avi,False,320
True,True,True,victory,native640,True,0.13624993152916431,2190,240,12.557741089867978,21,320,False,6.105084088630974,0.8701802447656183,victory,True,True,0.04254200030118227,6.34683296084404,6.605500006116927,1CV12_12_R_#89.avi,False,320
True,True,True,victory,native640,True,0.16254105139523745,2190,360,4.822989939062733,21,480,False,6.575749954208732,0.10300659292326243,victory,True,True,0.586083042435348,6.852000020444393,7.676874985918403,1CV12_12_R_#89.avi,False,480
True,True,True,victory,native640,True,0.2589999930933118,2190,480,0.0,21,640,False,6.127291009761393,0.0,victory,True,True,0.001166015863418579,6.4838750986382365,6.705790990963578,1CV12_12_R_#89.avi,False,640
True,True,True,victory,native640,True,0.242499983869493,2191,480,0.0,21,640,False,5.996499909088016,0.0,victory,True,True,0.000833999365568161,6.346042035147548,6.68737490195781,1CV12_12_R_#89.avi,False,640
True,True,True,victory,native640,True,0.2550829667598009,2191,360,12.717251861626572,21,480,False,6.113584036938846,2.8548497000862825,victory,True,True,0.6373339565470815,6.466957973316312,7.947459002025425,1CV12_12_R_#89.avi,False,480
True,True,True,victory,native640,True,0.10587507858872414,2191,240,15.31119025498963,21,320,False,6.5723329316824675,4.171460177427018,victory,True,True,0.35816605668514967,6.779208080843091,7.376458030194044,1CV12_12_R_#89.avi,False,320
True,True,True,victory,native640,False,0.07754191756248474,2192,240,10.467861592314758,21,320,False,5.928833037614822,0.9480074652005913,uncertain,False,True,0.024292035959661007,6.11824996303767,6.398792029358447,1CV12_12_R_#89.avi,False,320
True,True,True,victory,native640,False,0.19708299078047276,2192,360,7.782450053397324,21,480,False,5.760625004768372,0.28155938925413354,uncertain,False,True,0.5920830881223083,6.055917008779943,6.935124984011054,1CV12_12_R_#89.avi,False,480
True,True,True,victory,native640,True,0.26333401910960674,2192,480,0.0,21,640,False,6.204333971254528,0.0,victory,True,True,0.001583946868777275,6.571959005668759,6.809583981521428,1CV12_12_R_#89.avi,False,640
True,True,True,victory,native640,True,0.29562506824731827,2193,480,0.0,21,640,False,6.0454580234363675,0.0,victory,True,True,0.0017499551177024841,6.447458057664335,6.683332961983979,1CV12_12_R_#89.avi,False,640
True,True,True,victory,native640,True,0.19991700537502766,2193,360,6.438790697022599,21,480,False,5.819125100970268,0.5070724953502077,victory,True,True,0.5977080436423421,6.178166950121522,7.195791113190353,1CV12_12_R_#89.avi,False,480
True,True,True,victory,native640,True,0.13620802201330662,2193,240,12.612917793576436,21,320,False,6.186209036968648,1.20106637184903,victory,True,True,0.04358298610895872,6.4399580005556345,6.791958003304899,1CV12_12_R_#89.avi,False,320
True,True,True,victory,native640,True,0.11595897376537323,2194,240,11.581060973318964,21,320,False,6.044209003448486,0.613440230564441,victory,True,True,0.026124995201826096,6.275792024098337,6.567958043888211,1CV12_12_R_#89.avi,False,320
True,True,True,victory,native640,True,0.1741249579936266,2194,360,8.399489187931845,21,480,False,5.981541937217116,0.814170472451928,victory,True,True,0.5954579683020711,6.258792011067271,7.1150410221889615,1CV12_12_R_#89.avi,False,480
True,True,True,victory,native640,True,0.2668329980224371,2194,480,0.0,21,640,False,6.224249955266714,0.0,victory,True,True,0.0009170034900307655,6.590415956452489,6.824375013820827,1CV12_12_R_#89.avi,False,640
True,True,True,victory,native640,True,0.21549989469349384,2195,480,0.0,21,640,False,6.191833992488682,0.0,victory,True,True,0.0007920898497104645,6.544582895003259,6.8460420006886125,1CV12_12_R_#89.avi,False,640
True,True,True,victory,native640,True,0.2002499531954527,2195,360,2.021677160525646,21,480,False,6.031750002875924,1.006482228143421,victory,True,True,0.6770830368623137,6.3313329592347145,7.252208073623478,1CV12_12_R_#89.avi,False,480
True,True,True,victory,native640,True,0.11983304284512997,2195,240,12.945380882261935,21,320,False,5.605290993116796,2.2175634625226115,victory,True,True,0.04408403765410185,5.832750000990927,6.12291693687439,1CV12_12_R_#89.avi,False,320
True,True,True,victory,native640,True,0.07966696284711361,2196,240,13.265667783790517,21,320,False,5.950542050413787,3.709853990013278,victory,True,True,0.024249893613159657,6.12887495663017,6.648999988101423,1CV12_12_R_#89.avi,False,320
True,True,True,victory,native640,True,0.17529097385704517,2196,360,9.351227790659259,21,480,False,6.45529106259346,2.1743151140691377,victory,True,True,0.5896659567952156,6.744124926626682,7.5953330378979445,1CV12_12_R_#89.avi,False,480
True,True,True,victory,native640,True,0.3261250676587224,2196,480,0.0,21,640,False,6.426417035982013,0.0,victory,True,True,0.00108394306153059,6.867125048302114,7.1613750187680125,1CV12_12_R_#89.avi,False,640
True,True,True,victory,native640,True,0.287041999399662,2197,480,0.0,21,640,False,6.231458042748272,0.0,victory,True,True,0.0009170034900307655,6.630874937400222,6.944291992112994,1CV12_12_R_#89.avi,False,640
True,True,True,victory,native640,True,0.18812506459653378,2197,360,11.07554338029684,21,480,False,6.498540984466672,1.8214068622571324,victory,True,True,0.608040951192379,6.809000042267144,7.714499952271581,1CV12_12_R_#89.avi,False,480
True,True,True,victory,native640,True,0.08566700853407383,2197,240,18.018597670303734,21,320,False,5.582583020441234,5.093628753592338,victory,True,True,0.0238749198615551,5.769499926827848,6.0223329346627,1CV12_12_R_#89.avi,False,320
True,True,True,victory,native640,True,0.09912496898323298,2198,240,27.21261647214312,20,320,False,6.2014160212129354,5.423956220995262,point,False,True,0.02462498378008604,6.410458008758724,6.714249961078167,1CV12_12_R_#89.avi,False,320
True,True,True,victory,native640,False,0.16525003593415022,2198,360,13.472747350390065,20,480,False,5.913916975259781,1.3933835082824342,uncertain,False,True,0.5885830614715815,6.183583056554198,7.211167016066611,1CV12_12_R_#89.avi,False,480
True,True,True,victory,native640,True,0.2796250628307462,2198,480,0.0,21,640,False,6.3104580622166395,0.0,victory,True,True,0.001125037670135498,6.696750060655177,7.115249987691641,1CV12_12_R_#89.avi,False,640
True,True,True,victory,native640,True,0.27662503998726606,2199,480,0.0,21,640,False,6.1283750692382455,0.0,victory,True,True,0.0008749775588512421,6.547917029820383,6.8746249889954925,1CV12_12_R_#89.avi,False,640
True,True,True,victory,native640,True,0.1776249846443534,2199,360,5.166040900791185,21,480,False,5.863333004526794,2.087661086922558,victory,True,True,0.622207997366786,6.16270792670548,7.075999979861081,1CV12_12_R_#89.avi,False,480
True,True,True,victory,native640,False,0.1342919422313571,2199,240,7.569608048789413,21,320,False,5.942165968008339,2.5597495965981247,uncertain,False,True,0.04179193638265133,6.188499974086881,6.452917004935443,1CV12_12_R_#89.avi,False,320
True,True,True,pinch,native640,True,0.10620790999382734,2200,240,7.110114248872557,21,320,False,5.925375036895275,0.9431836609893128,victory,False,True,0.03812497016042471,6.131582893431187,6.382000050507486,1CV12_12_R_#89.avi,False,320
True,True,True,pinch,native640,True,0.18529093358665705,2200,360,6.561048917384547,21,480,False,6.243000039830804,2.238987488147564,pinch,True,True,0.5939999828115106,6.536250002682209,7.391125080175698,1CV12_12_R_#89.avi,False,480
True,True,True,pinch,native640,True,0.3153750440105796,2200,480,0.0,21,640,False,6.3559579430148005,0.0,pinch,True,True,0.001209089532494545,6.77645904943347,7.071000058203936,1CV12_12_R_#89.avi,False,640
True,True,True,navigation,native640,True,0.27587509248405695,2201,480,0.0,18,640,False,6.243000039830804,0.0,navigation,True,True,0.0008749775588512421,6.630583084188402,6.924540968611836,1CV12_12_R_#89.avi,False,640
True,True,True,navigation,native640,True,0.24558301083743572,2201,360,10.305084728526351,18,480,False,6.2592909671366215,1.5101521432120835,navigation,True,True,0.603291904553771,6.62854197435081,7.507500005885959,1CV12_12_R_#89.avi,False,480
True,True,True,navigation,native640,True,0.1676669344305992,2201,240,10.5031220130373,17,320,False,6.325416034087539,2.6270284075374026,victory,False,True,0.024667009711265564,6.603416986763477,7.121957954950631,1CV12_12_R_#89.avi,False,320
True,True,True,navigation,native640,True,0.10950001887977123,2202,240,31.119653724409083,20,320,False,6.203250028192997,9.410045500364847,victory,False,True,0.023499946109950542,6.442666985094547,6.77495903801173,1CV12_12_R_#89.avi,False,320
True,True,True,navigation,native640,False,0.2191669773310423,2202,360,13.940126911975932,20,480,False,5.983458016999066,3.126301728971797,uncertain,False,True,0.6114590214565396,6.301208981312811,7.162292022258043,1CV12_12_R_#89.avi,False,480
True,True,True,navigation,native640,True,0.28929102700203657,2202,480,0.0,20,640,False,6.900249980390072,0.0,navigation,True,True,0.0010409858077764511,7.302916026674211,7.551082991994917,1CV12_12_R_#89.avi,False,640
True,True,True,palm,native640,True,0.19595795311033726,2203,480,0.0,21,640,False,6.51212502270937,0.0,palm,True,True,0.000750063918530941,6.8254159996286035,7.0977091090753675,1CV12_12_R_#89.avi,False,640
True,True,True,palm,native640,True,0.22312509827315807,2203,360,5.917211452368699,19,480,False,5.953458021394908,1.492960689457676,palm,True,True,0.6155420560389757,6.27979205455631,7.122792070731521,1CV12_12_R_#89.avi,False,480
True,True,True,palm,native640,True,0.128875020891428,2203,240,7.609918555287088,19,320,False,6.042042048648,3.203740777238473,palm,True,True,0.05725002847611904,6.280041998252273,6.654291064478457,1CV12_12_R_#89.avi,False,320
True,True,True,palm,native640,True,0.07579196244478226,2204,240,4.146178417310172,21,320,False,6.158917094580829,1.7928402255169722,navigation,False,True,0.03020802978426218,6.349625065922737,7.019832963123918,1CV12_12_R_#89.avi,False,320
True,True,True,palm,native640,True,0.21720898803323507,2204,360,3.608536216392019,20,480,False,6.038959021680057,1.8509484863833483,navigation,False,True,0.6801659474149346,6.3599999994039536,7.277707918547094,1CV12_12_R_#89.avi,False,480
True,True,True,palm,native640,True,0.29933301266282797,2204,480,0.0,21,640,False,6.017416017130017,0.0,palm,True,True,0.0010420335456728935,6.4319579396396875,6.7212500143796206,1CV12_12_R_#89.avi,False,640
True,True,True,navigation,native640,True,0.27412502095103264,2205,480,0.0,21,640,False,6.649583927355707,0.0,navigation,True,True,0.0009579816833138466,7.031457964330912,7.293000002391636,1CV12_12_R_#89.avi,False,640
True,True,True,navigation,native640,True,0.1823339844122529,2205,360,4.685436433672052,21,480,False,6.138875032775104,7.663462432950533,navigation,True,True,0.5882090190425515,6.435916991904378,7.296124938875437,1CV12_12_R_#89.avi,False,480
True,True,True,navigation,native640,False,0.11112494394183159,2205,240,10.040539417584322,21,320,False,5.906958947889507,20.404309882249343,uncertain,False,True,0.03854196984320879,6.13041699398309,6.429166998714209,1CV12_12_R_#89.avi,False,320
True,True,True,pinch,native640,True,0.09545800276100636,2206,240,12.368873972229153,20,320,False,5.9763750759884715,12.328475003001907,pinch,True,True,0.024416018277406693,6.199166993610561,6.479665986262262,1CV12_12_R_#89.avi,False,320
True,True,True,pinch,native640,True,0.22204197011888027,2206,360,7.539436262774087,20,480,False,6.062957923859358,2.763778300019076,pinch,True,True,0.9014160605147481,6.404042011126876,7.582457968965173,1CV12_12_R_#89.avi,False,480
True,True,True,pinch,native640,True,0.28658402152359486,2206,480,0.0,21,640,False,6.197416922077537,0.0,pinch,True,True,0.0012919772416353226,6.624375004321337,6.950541981495917,1CV12_12_R_#89.avi,False,640
True,True,True,pinch,native640,True,0.303708016872406,2207,480,0.0,19,640,False,6.746749975718558,0.0,pinch,True,True,0.001208973117172718,7.162082940340042,7.402583956718445,1CV12_12_R_#89.avi,False,640
True,True,True,pinch,native640,True,0.1805420033633709,2207,360,7.014559412059261,15,480,False,5.908999941311777,2.5550130391818158,victory,False,True,0.6030419608578086,6.202499964274466,7.08579202182591,1CV12_12_R_#89.avi,False,480
True,True,True,pinch,native640,False,0.08741708006709814,2207,240,19.144970616177613,19,320,False,5.866999970749021,2.84989623258224,uncertain,False,True,0.02291705459356308,6.0765830567106605,6.4197080209851265,1CV12_12_R_#89.avi,False,320
True,True,True,victory,native640,False,0.09379198309034109,2208,240,19.712437896546206,18,320,False,6.322166998870671,18.046840588898284,uncertain,False,True,0.05712499842047691,6.55149994418025,6.930708070285618,1CV12_12_R_#89.avi,False,320
False,False,True,victory,native640,False,0.20162505097687244,2208,360,,,480,False,6.344167049974203,,no_hand,False,True,0.6036669947206974,6.730625056661665,7.52504204865545,1CV12_12_R_#89.avi,False,480
True,True,True,victory,native640,True,0.337334000505507,2208,480,0.0,21,640,False,6.110624992288649,0.0,victory,True,True,0.0009170034900307655,6.581166991963983,6.917541963048279,1CV12_12_R_#89.avi,False,640
True,True,True,victory,native640,True,0.258374959230423,2209,480,0.0,20,640,False,6.561500020325184,0.0,victory,True,True,0.0012080417945981026,6.946249981410801,7.73383304476738,1CV12_12_R_#89.avi,False,640
True,True,True,victory,native640,True,0.23095798678696156,2209,360,4.068962205430024,20,480,False,5.983749986626208,3.4409034777134417,victory,True,True,0.6022918969392776,6.341333035379648,7.247957983054221,1CV12_12_R_#89.avi,False,480
True,True,True,victory,native640,True,0.1377089647576213,2209,240,10.997862799169411,18,320,False,6.324375048279762,13.371942605228421,point,False,True,0.04466704558581114,6.564958952367306,6.830709055066109,1CV12_12_R_#89.avi,False,320
True,True,True,victory,native640,True,0.09275006595999002,2210,240,8.866370963329405,16,320,False,6.169250002130866,6.301982753239634,victory,True,True,0.02304092049598694,6.412166985683143,6.65862497407943,1CV12_12_R_#89.avi,False,320
True,True,True,victory,native640,True,0.1651250058785081,2210,360,8.168194136629296,16,480,False,6.333207944408059,1.3687648302367597,victory,True,True,0.6025000475347042,6.612459081225097,7.484083995223045,1CV12_12_R_#89.avi,False,480
True,True,True,victory,native640,True,0.28074998408555984,2210,480,0.0,16,640,False,6.043665925972164,0.0,victory,True,True,0.0012079253792762756,6.442083977162838,6.879166001453996,1CV12_12_R_#89.avi,False,640
True,True,True,pinch,native640,True,0.3167499089613557,2211,480,0.0,20,640,False,5.978750064969063,0.0,pinch,True,True,0.001208973117172718,6.397040910087526,6.6382919903844595,1CV12_12_R_#89.avi,False,640
True,True,True,pinch,native640,True,0.18858397379517555,2211,360,2.061600106623058,20,480,False,5.967291072010994,1.297438754580225,pinch,True,True,0.5844580009579659,6.265334086492658,7.118582958355546,1CV12_12_R_#89.avi,False,480
True,True,True,pinch,native640,True,0.0873330282047391,2211,240,3.4366537521581244,20,320,False,5.847499938681722,2.0569416464176777,victory,False,True,0.05229189991950989,6.030041957274079,6.3048748997971416,1CV12_12_R_#89.avi,False,320
False,False,True,pinch,native640,False,0.07275003008544445,2212,240,,,320,False,5.898999981582165,,no_hand,False,True,0.023041036911308765,6.117874989286065,6.243625073693693,1CV12_12_R_#89.avi,False,320
True,True,True,pinch,native640,True,0.16858300659805536,2212,360,2.353280727085411,19,480,False,5.826917011290789,2.2928972385018564,pinch,True,True,0.7463749498128891,6.104500032961369,7.087041973136365,1CV12_12_R_#89.avi,False,480
True,True,True,pinch,native640,True,0.3612079890444875,2212,480,0.0,19,640,False,6.633416982367635,0.0,pinch,True,True,0.0011249212548136711,7.107958081178367,7.35433294903487,1CV12_12_R_#89.avi,False,640
True,True,True,pinch,native640,True,0.23137498646974564,2213,480,0.0,20,640,False,6.0049580642953515,0.0,pinch,True,True,0.000833999365568161,6.35149993468076,6.596334045752883,1CV12_12_R_#89.avi,False,640
True,True,True,pinch,native640,True,0.17975002992898226,2213,360,1.787255055442413,20,480,False,6.079833023250103,2.582179526960823,pinch,True,True,0.584208988584578,6.367375026457012,7.398542016744614,1CV12_12_R_#89.avi,False,480
True,True,True,pinch,native640,True,0.091583002358675,2213,240,2.850741442293978,20,320,False,5.84504206199199,3.703426868152247,pinch,True,True,0.02775003667920828,6.049249903298914,6.391708040609956,1CV12_12_R_#89.avi,False,320
True,True,True,point,native640,False,0.12033293023705482,2214,240,5.5014738486530375,21,320,False,6.279708002693951,1.135337834819284,uncertain,False,True,0.03904104232788086,6.550541031174362,6.963208084926009,1CV12_12_R_#89.avi,False,320
True,True,True,point,native640,False,0.17666700296103954,2214,360,3.5581969153987054,21,480,False,6.290625082328916,3.1848565013227503,uncertain,False,True,0.7340830052271485,6.5799589501693845,7.674208027310669,1CV12_12_R_#89.avi,False,480
True,True,True,point,native640,True,0.34245895221829414,2214,480,0.0,21,640,False,6.170584005303681,0.0,point,True,True,0.0013329554349184036,6.631124997511506,6.924291956238449,1CV12_12_R_#89.avi,False,640
True,True,True,pinch,native640,True,0.24874997325241566,2215,480,0.0,21,640,False,6.001458968967199,0.0,pinch,True,True,0.0009579816833138466,6.348500028252602,6.5815410343930125,1CV12_12_R_#89.avi,False,640
True,True,True,pinch,native640,False,0.16099994536489248,2215,360,2.7620918626340316,21,480,False,6.476334063336253,1.2867576552209188,uncertain,False,True,0.6563749630004168,6.74533296842128,7.655958994291723,1CV12_12_R_#89.avi,False,480
True,True,True,pinch,native640,False,0.1188330352306366,2215,240,5.165121466624599,21,320,False,5.988707998767495,1.7715817570140713,uncertain,False,True,0.02337503246963024,6.209625047631562,6.459582946263254,1CV12_12_R_#89.avi,False,320
True,True,True,pinch,native640,False,0.08379097562283278,2216,240,4.472871287720292,21,320,False,5.869083106517792,2.613906141515377,uncertain,False,True,0.0238749198615551,6.059207953512669,6.304082926362753,1CV12_12_R_#89.avi,False,320
True,True,True,pinch,native640,True,0.16412499826401472,2216,360,2.469391531103029,21,480,False,5.959750036709011,1.121556480650815,pinch,True,True,0.6205830723047256,6.256458000279963,7.1995829930529,1CV12_12_R_#89.avi,False,480
True,True,True,pinch,native640,True,0.23975002113729715,2216,480,0.0,21,640,False,6.3082079868763685,0.0,pinch,True,True,0.001541106030344963,6.673833937384188,6.972125032916665,1CV12_12_R_#89.avi,False,640
True,True,True,victory,upscale1920,True,1.8282500095665455,2177,1440,0.0,21,1920,False,8.614166988991201,0.0,victory,True,True,0.0020420411601662636,10.557333007454872,11.04270899668336,1CV12_12_R_#89.avi,True,1920
True,True,True,victory,upscale1920,True,1.0854169959202409,2177,960,1.091462870496617,21,1280,False,6.860917084850371,0.4773096479776208,victory,True,True,1.9884590292349458,8.064375026151538,10.55208407342434,1CV12_12_R_#89.avi,True,1280
True,True,True,victory,upscale1920,True,0.7207500748336315,2177,720,0.32458255196317315,21,960,False,6.9112920900806785,0.2797399405814176,victory,True,True,0.357207958586514,7.754083024337888,8.471249951981008,1CV12_12_R_#89.avi,True,960
True,True,True,victory,upscale1920,True,0.4126249114051461,2177,480,0.5160920607915868,21,640,False,6.5851249964907765,0.13474940671515453,victory,True,True,1.0562920942902565,7.116833934560418,8.504750090651214,1CV12_12_R_#89.avi,True,640
True,True,True,victory,upscale1920,True,0.3053750842809677,2178,480,0.6490250082191972,21,640,False,6.696083000861108,0.5030871501302591,victory,True,True,0.7585829589515924,7.123416988179088,8.188457926735282,1CV12_12_R_#89.avi,True,640
True,True,True,victory,upscale1920,True,0.6507079815492034,2178,720,0.49850575878475323,21,960,False,6.579375010915101,0.49667074501893327,victory,True,True,0.2934579970315099,7.35716603230685,8.069582981988788,1CV12_12_R_#89.avi,True,960
True,True,True,victory,upscale1920,True,1.0796249844133854,2178,960,0.2705305166000168,21,1280,False,6.492250016890466,0.38758658260379664,victory,True,True,2.1833330392837524,7.714499952271581,10.520708048716187,1CV12_12_R_#89.avi,True,1280
True,True,True,victory,upscale1920,True,1.6318749403581023,2178,1440,0.0,21,1920,False,8.157790987752378,0.0,victory,True,True,0.001500011421740055,9.89999994635582,10.36783296149224,1CV12_12_R_#89.avi,True,1920
True,True,True,victory,upscale1920,True,1.4936670195311308,2179,1440,0.0,21,1920,False,8.331165998242795,0.0,victory,True,True,0.10979198850691319,9.946917067281902,10.578833054751158,1CV12_12_R_#89.avi,True,1920
True,True,True,victory,upscale1920,True,1.0447499807924032,2179,960,0.24606560025833046,21,1280,False,6.116500007919967,0.12200644767062313,victory,True,True,1.9469999242573977,7.290665991604328,9.692499996162951,1CV12_12_R_#89.avi,True,1280
True,True,True,victory,upscale1920,True,0.665708095766604,2179,720,0.40581007930092267,21,960,False,5.772292031906545,0.32401146302715894,victory,True,True,0.36275002639740705,6.5689170733094215,7.325834012590349,1CV12_12_R_#89.avi,True,960
True,True,True,victory,upscale1920,True,0.3399999113753438,2179,480,1.456092520870989,21,640,False,6.289875018410385,0.4151709295378505,victory,True,True,0.7345830090343952,6.74854195676744,7.783040986396372,1CV12_12_R_#89.avi,True,640
True,True,True,victory,upscale1920,True,0.3701669629663229,2180,480,0.6183154823698086,21,640,False,5.8184589724987745,0.6609366739693112,victory,True,True,0.6352500058710575,6.3052920158952475,7.4873329140245914,1CV12_12_R_#89.avi,True,640
True,True,True,victory,upscale1920,True,0.6394580705091357,2180,720,0.2085761919680108,21,960,False,6.272000027820468,0.19993160200831642,victory,True,True,0.19304209854453802,7.036750088445842,7.523000007495284,1CV12_12_R_#89.avi,True,960
True,True,True,victory,upscale1920,True,1.0083329398185015,2180,960,0.1433055437733628,21,1280,False,6.592207937501371,0.17620077378872828,victory,True,True,1.8722920212894678,7.730457931756973,10.115292039699852,1CV12_12_R_#89.avi,True,1280
True,True,True,victory,upscale1920,True,1.5250829746946692,2180,1440,0.0,21,1920,False,7.279291050508618,0.0,victory,True,True,0.05495792720466852,8.939832914620638,9.619417018257082,1CV12_12_R_#89.avi,True,1920
True,True,True,victory,upscale1920,True,1.6304999589920044,2181,1440,0.0,21,1920,False,7.878375006839633,0.0,victory,True,True,0.08395896293222904,9.633832960389555,10.246874997392297,1CV12_12_R_#89.avi,True,1920
True,True,True,victory,upscale1920,True,1.062750001437962,2181,960,0.18521628914004154,21,1280,False,6.54033396858722,0.1617190156309767,victory,True,True,1.9477909663692117,7.718416978605092,10.239832918159664,1CV12_12_R_#89.avi,True,1280
True,True,True,victory,upscale1920,True,0.6294590421020985,2181,720,0.36200154987158945,21,960,False,6.133666029199958,0.5409813274412719,victory,True,True,0.37191598676145077,6.873875041492283,7.669207989238203,1CV12_12_R_#89.avi,True,960
True,True,True,victory,upscale1920,True,0.3321249969303608,2181,480,0.7153546248393663,21,640,False,6.406000000424683,0.255777901083748,victory,True,True,0.7131249876692891,6.841124966740608,7.8200000571087,1CV12_12_R_#89.avi,True,640
True,True,True,victory,upscale1920,True,0.2733749570325017,2182,480,0.5590624563414147,21,640,False,5.924791912548244,0.2287800761351864,victory,True,True,0.6328749004751444,6.305999937467277,7.202457985840738,1CV12_12_R_#89.avi,False,640
True,True,True,victory,upscale1920,True,0.614625052548945,2182,720,0.29947944974706076,21,960,False,6.30758295301348,0.20985538475631557,victory,True,True,0.27541699819266796,7.0320829981938004,7.608207990415394,1CV12_12_R_#89.avi,False,960
True,True,True,victory,upscale1920,True,1.0427089873701334,2182,960,0.2214380568581335,21,1280,False,6.3122499268502,0.12795979114288566,victory,True,True,1.9183330005034804,7.467583985999227,9.827542002312839,1CV12_12_R_#89.avi,False,1280
True,True,True,victory,upscale1920,True,1.5880409628152847,2182,1440,0.0,21,1920,False,7.58687499910593,0.0,victory,True,True,0.06275007035583258,9.287249995395541,9.933292050845921,1CV12_12_R_#89.avi,False,1920
True,True,True,victory,upscale1920,True,1.6141249798238277,2183,1440,0.0,21,1920,False,7.735625025816262,0.0,victory,True,True,0.0914999982342124,9.481707937084138,10.139541933313012,1CV12_12_R_#89.avi,False,1920
True,True,True,victory,upscale1920,True,1.1878750519827008,2183,960,0.18696669860567242,21,1280,False,6.8598330253735185,0.06978424408615887,victory,True,True,2.420750097371638,8.167000021785498,11.0121660400182,1CV12_12_R_#89.avi,False,1280
True,True,True,victory,upscale1920,True,0.677166972309351,2183,720,1.516579348681642,21,960,False,5.846375017426908,1.2865956684985285,victory,True,True,0.4084160318598151,6.633874960243702,7.316208095289767,1CV12_12_R_#89.avi,False,960
True,True,True,victory,upscale1920,True,0.2910830080509186,2183,480,1.462980463797307,21,640,False,5.284875049255788,1.0559168224210318,victory,True,True,0.7922090590000153,5.67658303771168,6.709084031172097,1CV12_12_R_#89.avi,False,640
True,True,True,victory,upscale1920,True,0.31104194931685925,2184,480,1.6497314282559519,21,640,False,5.572958965785801,1.336468098273101,victory,True,True,0.6156660383567214,5.99837489426136,6.889541051350534,1CV12_12_R_#89.avi,False,640
True,True,True,victory,upscale1920,True,0.588166993111372,2184,720,0.38055900317321434,21,960,False,5.7496249210089445,0.1981885962128005,victory,True,True,0.29283296316862106,6.447167019359767,7.117958040907979,1CV12_12_R_#89.avi,False,960
True,True,True,victory,upscale1920,True,0.9850839851424098,2184,960,0.2746174485828326,21,1280,False,5.869666929356754,0.1747284137091868,victory,True,True,1.9944999366998672,6.947833928279579,9.393292013555765,1CV12_12_R_#89.avi,False,1280
True,True,True,victory,upscale1920,True,1.5242500230669975,2184,1440,0.0,21,1920,False,6.6096669761464,0.0,victory,True,True,0.0011670636013150215,8.253167034126818,8.741667028516531,1CV12_12_R_#89.avi,False,1920
True,True,True,victory,upscale1920,True,1.4975829981267452,2185,1440,0.0,21,1920,False,7.27962504606694,0.0,victory,True,True,0.11283298954367638,8.89545795507729,9.640167001634836,1CV12_12_R_#89.avi,False,1920
True,True,True,victory,upscale1920,True,1.189708011224866,2185,960,0.7788554315939082,21,1280,False,6.250542006455362,0.28954532101602587,victory,True,True,1.985332928597927,7.553583011031151,10.088040959089994,1CV12_12_R_#89.avi,False,1280
True,True,True,victory,upscale1920,True,0.6826670141890645,2185,720,0.7099662226116464,21,960,False,5.623084027320147,0.3579631149619945,victory,True,True,0.24395796936005354,6.410250090993941,6.987083004787564,1CV12_12_R_#89.avi,False,960
True,True,True,victory,upscale1920,False,0.30295795295387506,2185,480,1.8174373535541322,21,640,False,5.39299997035414,0.4434131069888064,uncertain,False,True,0.7410410325974226,5.795166012831032,6.7752080503851175,1CV12_12_R_#89.avi,False,640
True,True,True,victory,upscale1920,True,0.3225419204682112,2186,480,2.8924041320310825,21,640,False,5.552625050768256,0.8951860643730896,victory,True,True,0.5841670790687203,5.979500012472272,6.827417062595487,1CV12_12_R_#89.avi,False,640
True,True,True,victory,upscale1920,True,0.5373749881982803,2186,720,1.8416809789015438,21,960,False,5.558457924053073,0.8912631092198604,victory,True,True,0.3107920056208968,6.207540980540216,6.853249971754849,1CV12_12_R_#89.avi,False,960
True,True,True,victory,upscale1920,True,0.9382499847561121,2186,960,0.45098413494171874,21,1280,False,6.13541598431766,0.08934128192190097,victory,True,True,1.9222500268369913,7.183459005318582,9.596250019967556,1CV12_12_R_#89.avi,False,1280
True,True,True,victory,upscale1920,True,1.5545000787824392,2186,1440,0.0,21,1920,False,7.003834005445242,0.0,victory,True,True,0.049458001740276814,8.656291058287024,9.144874988123775,1CV12_12_R_#89.avi,False,1920
True,True,True,victory,upscale1920,True,1.6321250004693866,2187,1440,0.0,21,1920,False,6.887124967761338,0.0,victory,True,True,0.10958302300423384,8.641000022180378,9.210625081323087,1CV12_12_R_#89.avi,False,1920
True,True,True,victory,upscale1920,True,0.9518750011920929,2187,960,2.2423582695745052,21,1280,False,5.627500009723008,0.21307838777556865,victory,True,True,1.978041953407228,6.68270792812109,9.072292014025152,1CV12_12_R_#89.avi,False,1280
True,True,True,victory,upscale1920,True,0.6668750429525971,2187,720,3.127336387066878,21,960,False,5.452708923257887,0.618891178128107,victory,True,True,0.2519580302760005,6.224167067557573,6.815582979470491,1CV12_12_R_#89.avi,False,960
True,True,True,victory,upscale1920,True,0.2904580906033516,2187,480,10.882726218431223,21,640,False,5.2096250001341105,2.8112420100790465,victory,True,True,0.5976659012958407,5.601542070508003,6.465124897658825,1CV12_12_R_#89.avi,False,640
True,True,True,victory,upscale1920,True,0.3546250518411398,2188,480,2.7891461240654274,21,640,False,5.297333002090454,1.3705460214905618,victory,True,True,0.6104999920353293,5.754915997385979,6.635333062149584,1CV12_12_R_#89.avi,False,640
True,True,True,victory,upscale1920,True,0.6814589723944664,2188,720,1.166819575050027,21,960,False,5.532999988645315,0.6717893282630907,victory,True,True,0.4195829387754202,6.314291968010366,7.133666891604662,1CV12_12_R_#89.avi,False,960
True,True,True,victory,upscale1920,True,1.0764579055830836,2188,960,0.4110710806880609,21,1280,False,5.618875031359494,0.2661351243963579,victory,True,True,2.1552499383687973,6.802165997214615,9.295083000324667,1CV12_12_R_#89.avi,False,1280
True,True,True,victory,upscale1920,True,1.8009160412475467,2188,1440,0.0,21,1920,False,6.949207978323102,0.0,victory,True,True,0.09704101830720901,8.849999983794987,9.367833030410111,1CV12_12_R_#89.avi,False,1920
True,True,True,victory,upscale1920,True,1.6270419582724571,2189,1440,0.0,21,1920,False,6.856583058834076,0.0,victory,True,True,0.08408294524997473,8.597709005698562,9.151707985438406,1CV12_12_R_#89.avi,False,1920
True,True,True,victory,upscale1920,True,0.9705830598250031,2189,960,1.2337109625590261,21,1280,False,5.969708086922765,0.6426432098542447,victory,True,True,1.9380840240046382,7.052832981571555,9.404542041011155,1CV12_12_R_#89.avi,False,1280
True,True,True,victory,upscale1920,True,0.7066669641062617,2189,720,1.1641682306107413,21,960,False,5.658540991134942,0.42296009393401707,victory,True,True,0.3768329042941332,6.467208033427596,7.128165918402374,1CV12_12_R_#89.avi,False,960
True,True,True,victory,upscale1920,True,0.30033395159989595,2189,480,3.3108021767678717,21,640,False,5.206583999097347,0.5193759895736791,victory,True,True,0.7505000103265047,5.60383393894881,6.566750002093613,1CV12_12_R_#89.avi,False,640
True,True,True,victory,upscale1920,True,0.22783305030316114,2190,480,3.891341966539772,21,640,False,5.336957983672619,1.110137952276226,victory,True,True,0.5893339402973652,5.663707968778908,6.480999989435077,1CV12_12_R_#89.avi,False,640
True,True,True,victory,upscale1920,True,0.5997909465804696,2190,720,1.376981815769217,21,960,False,5.40420797187835,0.22304504900788652,victory,True,True,0.17137499526143074,6.1087500071153045,6.524208001792431,1CV12_12_R_#89.avi,False,960
True,True,True,victory,upscale1920,True,1.1910829925909638,2190,960,1.6257220441083842,21,1280,False,5.848417058587074,0.3034885005392705,victory,True,True,2.061208011582494,7.138208020478487,9.600999997928739,1CV12_12_R_#89.avi,False,1280
True,True,True,victory,upscale1920,True,1.8172500422224402,2190,1440,0.0,21,1920,False,6.893333978950977,0.0,victory,True,True,0.06004096940159798,8.824250078760087,9.340499993413687,1CV12_12_R_#89.avi,False,1920
True,True,True,victory,upscale1920,True,1.7426250269636512,2191,1440,0.0,21,1920,False,6.854208069853485,0.0,victory,True,True,0.08645805064588785,8.714249939657748,9.315833100117743,1CV12_12_R_#89.avi,False,1920
True,True,True,victory,upscale1920,True,0.983749981969595,2191,960,1.936649683678454,21,1280,False,5.5047080386430025,0.2307705331784793,victory,True,True,1.9515830790624022,6.591457989998162,8.93908308353275,1CV12_12_R_#89.avi,False,1280
True,True,True,victory,upscale1920,True,0.545332906767726,2191,720,2.9062256336001937,21,960,False,5.247583030723035,0.03976639507877216,victory,True,True,0.305499997921288,5.899582989513874,6.469417014159262,1CV12_12_R_#89.avi,False,960
True,True,True,victory,upscale1920,True,0.29083306435495615,2191,480,8.312350735390527,21,640,False,4.854834056459367,1.2127237242741622,victory,True,True,0.6300419336184859,5.246832966804504,6.131249945610762,1CV12_12_R_#89.avi,False,640
True,True,True,victory,upscale1920,True,0.2809589495882392,2192,480,5.48968629876386,21,640,False,5.388541962020099,2.3111496132521148,victory,True,True,0.5904589779675007,5.768375005573034,6.585499970242381,1CV12_12_R_#89.avi,False,640
True,True,True,victory,upscale1920,True,0.5854580085724592,2192,720,2.1863685809247007,21,960,False,5.425917101092637,0.05612341508799329,victory,True,True,0.18462503794580698,6.12795795314014,6.631999975070357,1CV12_12_R_#89.avi,False,960
True,True,True,victory,upscale1920,True,1.000917050987482,2192,960,3.297075855760813,21,1280,False,5.791040952317417,1.4595256636432734,victory,True,True,1.7832079902291298,6.898542051203549,9.067249950021505,1CV12_12_R_#89.avi,False,1280
True,True,True,victory,upscale1920,True,1.6924170777201653,2192,1440,0.0,21,1920,False,6.964332889765501,0.0,victory,True,True,0.0641250517219305,8.77108401618898,9.31645801756531,1CV12_12_R_#89.avi,False,1920
True,True,True,victory,upscale1920,True,1.5672080917283893,2193,1440,0.0,21,1920,False,6.861167028546333,0.0,victory,True,True,0.08699996396899223,8.538041030988097,9.074416942894459,1CV12_12_R_#89.avi,False,1920
True,True,True,victory,upscale1920,True,1.0127919958904386,2193,960,1.610141706520038,21,1280,False,5.709249991923571,0.25686862086965534,victory,True,True,1.971124904230237,6.837042048573494,9.235708974301815,1CV12_12_R_#89.avi,False,1280
True,True,True,victory,upscale1920,True,0.6219169590622187,2193,720,2.9006327738210995,21,960,False,5.405165953561664,0.4915904568629553,victory,True,True,0.37391704972833395,6.129749934189022,6.847499986179173,1CV12_12_R_#89.avi,False,960
True,True,True,victory,upscale1920,True,0.2897500526160002,2193,480,7.292083117586923,21,640,False,5.250624963082373,1.3020113509430191,victory,True,True,0.6859170971438289,5.651833023875952,6.590042030438781,1CV12_12_R_#89.avi,False,640
True,True,True,victory,upscale1920,True,0.31395803671330214,2194,480,5.2879173447000865,21,640,False,5.5448750499635935,1.0052036215506717,victory,True,True,0.6026659393683076,5.963000003248453,6.810707971453667,1CV12_12_R_#89.avi,False,640
True,True,True,victory,upscale1920,True,0.5919999675825238,2194,720,2.8573812732446435,21,960,False,5.328916013240814,0.34799255229532366,victory,True,True,0.21229207050055265,6.036208942532539,6.543875089846551,1CV12_12_R_#89.avi,False,960
True,True,True,victory,upscale1920,True,0.9682909585535526,2194,960,1.2725377759840169,21,1280,False,5.552874994464219,0.5212112626764153,victory,True,True,1.7271250253543258,6.642124964855611,8.751125074923038,1CV12_12_R_#89.avi,False,1280
True,True,True,victory,upscale1920,True,1.529750064946711,2194,1440,0.0,21,1920,False,7.239667000249028,0.0,victory,True,True,0.13758393470197916,8.884583017788827,9.483124944381416,1CV12_12_R_#89.avi,False,1920
True,True,True,victory,upscale1920,True,1.4838339993730187,2195,1440,0.0,20,1920,False,6.893542013131082,0.0,victory,True,True,0.08170807268470526,8.485917001962662,8.994500036351383,1CV12_12_R_#89.avi,False,1920
True,True,True,victory,upscale1920,True,0.8089159382507205,2195,960,1.4188556168424333,20,1280,False,6.187499966472387,0.1198170409486703,victory,True,True,2.0172499353066087,7.107082987204194,9.598082979209721,1CV12_12_R_#89.avi,False,1280
True,True,True,victory,upscale1920,True,0.6341669941321015,2195,720,0.601833250466838,20,960,False,5.301124998368323,0.31071078592169193,victory,True,True,0.23029197473078966,6.043208995833993,6.518749985843897,1CV12_12_R_#89.avi,False,960
True,True,True,victory,upscale1920,True,0.2994999522343278,2195,480,1.5947655853446299,20,640,False,5.483541055582464,1.0359889632996153,victory,True,True,0.6496250862255692,5.888542043976486,6.777875008992851,1CV12_12_R_#89.avi,False,640
True,True,True,victory,upscale1920,True,0.2489580074325204,2196,480,3.6220710535573892,21,640,False,5.37541601806879,1.4515655088075907,victory,True,True,0.5894160130992532,5.730791017413139,6.575749954208732,1CV12_12_R_#89.avi,False,640
True,True,True,victory,upscale1920,True,0.6182079669088125,2196,720,1.7388749345829781,21,960,False,5.342832999303937,0.8033080164584055,victory,True,True,0.33995904959738255,6.087832967750728,6.847375072538853,1CV12_12_R_#89.avi,False,960
True,True,True,victory,upscale1920,True,1.0057920590043068,2196,960,1.3171199832888336,21,1280,False,5.769750103354454,0.44015028576151877,victory,True,True,2.1583749912679195,6.902084103785455,9.566333028487861,1CV12_12_R_#89.avi,False,1280
True,True,True,victory,upscale1920,True,1.5752919716760516,2196,1440,0.0,21,1920,False,6.683791987597942,0.0,victory,True,True,0.053458032198250294,8.392208022996783,9.003791026771069,1CV12_12_R_#89.avi,False,1920
True,True,True,victory,upscale1920,True,1.587208011187613,2197,1440,0.0,21,1920,False,7.033333065919578,0.0,victory,True,True,0.08937495294958353,8.734332979656756,9.273208910599351,1CV12_12_R_#89.avi,False,1920
True,True,True,victory,upscale1920,True,0.975916045717895,2197,960,5.962590440407056,21,1280,False,5.538791068829596,0.6687997713289999,victory,True,True,1.9372919341549277,6.624625064432621,8.941582986153662,1CV12_12_R_#89.avi,False,1280
True,True,True,victory,upscale1920,True,0.5755830788984895,2197,720,3.3463705254683354,21,960,False,5.673582898452878,2.280838198171233,victory,True,True,0.728958984836936,6.3505410216748714,7.387958932667971,1CV12_12_R_#89.avi,False,960
True,True,True,victory,upscale1920,True,0.2907499438151717,2197,480,17.610650456600357,21,640,False,5.430124932900071,1.959316390211902,victory,True,True,0.7842909544706345,5.823040963150561,6.857165950350463,1CV12_12_R_#89.avi,False,640
True,True,True,victory,upscale1920,True,0.29624998569488525,2198,480,11.883364355714317,20,640,False,5.171458004042506,1.846678349035807,victory,True,True,0.6060419837012887,5.586749990470707,6.440583034418523,1CV12_12_R_#89.avi,False,640
True,True,True,victory,upscale1920,True,0.5872499896213412,2198,720,3.711542372707126,21,960,False,5.367584060877562,0.9205123885954696,victory,True,True,0.4593329504132271,6.060166982933879,6.839292007498443,1CV12_12_R_#89.avi,False,960
True,True,True,victory,upscale1920,True,1.003667013719678,2198,960,3.3568994040996807,21,1280,False,5.779500002972782,0.6861612530294791,victory,True,True,2.2510410053655505,6.8908329121768475,9.536750032566488,1CV12_12_R_#89.avi,False,1280
True,True,True,victory,upscale1920,True,1.6222080448642373,2198,1440,0.0,21,1920,False,6.647333037108183,0.0,victory,True,True,0.2488340251147747,8.372666081413627,9.072417044080794,1CV12_12_R_#89.avi,False,1920
True,True,True,victory,upscale1920,True,1.4725408982485533,2199,1440,0.0,21,1920,False,6.717875017784536,0.0,victory,True,True,0.08366699330508709,8.30458290874958,8.810499915853143,1CV12_12_R_#89.avi,False,1920
True,True,True,victory,upscale1920,True,0.9963749907910824,2199,960,2.140950375488001,21,1280,False,5.6194160133600235,0.2928571997804574,victory,True,True,1.9594170153141022,6.71695894561708,9.105750010348856,1CV12_12_R_#89.avi,False,1280
True,True,True,victory,upscale1920,True,0.6524999625980854,2199,720,1.9195480679993857,21,960,False,5.434082937426865,0.633672440658413,victory,True,True,0.3267920110374689,6.192917004227638,6.8519170163199306,1CV12_12_R_#89.avi,False,960
True,True,True,victory,upscale1920,True,0.28545898385345936,2199,480,7.684639270392426,21,640,False,5.373790976591408,2.5551078930874054,victory,True,True,0.6558750756084919,5.786666995845735,6.785542005673051,1CV12_12_R_#89.avi,False,640
True,True,True,uncertain,upscale1920,False,0.3063339972868562,2200,480,6.644447495658005,21,640,False,5.273291026242077,1.1569437809308525,pinch,False,True,0.6114159477874637,5.691833910532296,6.556082982569933,1CV12_12_R_#89.avi,False,640
True,True,True,uncertain,upscale1920,False,0.6905830232426524,2200,720,1.1156760611360772,21,960,False,5.919917020946741,0.5829613528748757,uncertain,True,True,0.2975420793518424,6.724582985043526,7.370209088549018,1CV12_12_R_#89.avi,False,960
True,True,True,uncertain,upscale1920,False,0.9672080632299185,2200,960,1.2864649298169826,21,1280,False,5.835709045641124,0.3669076421607681,uncertain,True,True,2.0449169678613544,6.910333060659468,9.304000064730644,1CV12_12_R_#89.avi,False,1280
True,True,True,uncertain,upscale1920,False,1.6967080300673842,2200,1440,0.0,21,1920,False,6.6076250514015555,0.0,uncertain,True,True,0.048915972001850605,8.417333010584116,8.927291026338935,1CV12_12_R_#89.avi,False,1920
True,True,True,navigation,upscale1920,True,1.5476669650524855,2201,1440,0.0,19,1920,False,7.4841659516096115,0.0,navigation,True,True,0.13045803643763065,9.149999939836562,9.738416993059218,1CV12_12_R_#89.avi,False,1920
True,True,True,navigation,upscale1920,True,1.0249170009046793,2201,960,0.8848311726680996,19,1280,False,5.540415993891656,0.077458386108815,navigation,True,True,1.69029098469764,6.675124983303249,8.969999966211617,1CV12_12_R_#89.avi,False,1280
True,True,True,navigation,upscale1920,True,0.5852909525856376,2201,720,3.203890013321091,18,960,False,5.091667058877647,0.7671000469084343,navigation,True,True,0.38933404721319675,5.789458053186536,6.471000029705465,1CV12_12_R_#89.avi,False,960
True,True,True,navigation,upscale1920,True,0.327541958540678,2201,480,9.250722448875713,18,640,False,5.5060419254004955,0.8395310438173559,navigation,True,True,0.8342500077560544,5.936624947935343,6.993832997977734,1CV12_12_R_#89.avi,False,640
True,True,True,palm,upscale1920,True,0.2739580813795328,2202,480,8.323140301974501,20,640,False,5.331041058525443,2.792312997129055,navigation,False,True,0.5967500619590282,5.715792067348957,6.546541000716388,1CV12_12_R_#89.avi,False,640
True,True,True,palm,upscale1920,True,0.673583010211587,2202,720,1.8530528456617064,20,960,False,5.440790904685855,0.3127132868129784,palm,True,True,0.361250014975667,6.223249947652221,6.937667028978467,1CV12_12_R_#89.avi,False,960
True,True,True,palm,upscale1920,True,0.9384170407429338,2202,960,2.1048699392563366,20,1280,False,5.684833973646164,0.38615349266805826,palm,True,True,1.6289999475702643,6.741874967701733,8.734000031836331,1CV12_12_R_#89.avi,False,1280
True,True,True,palm,upscale1920,True,1.5241249930113554,2202,1440,0.0,20,1920,False,6.877708015963435,0.0,palm,True,True,0.0463749747723341,8.51066701579839,9.02750005479902,1CV12_12_R_#89.avi,False,1920
True,True,True,palm,upscale1920,True,1.746875001117587,2203,1440,0.0,21,1920,False,7.314500049687922,0.0,palm,True,True,0.14387501869350672,9.190249955281615,9.7882499685511,1CV12_12_R_#89.avi,False,1920
True,True,True,palm,upscale1920,True,1.089082914404571,2203,960,1.0395255419755647,20,1280,False,5.494832992553711,0.38939853162443927,palm,True,True,1.9564579706639051,6.690582958981395,8.99137498345226,1CV12_12_R_#89.avi,False,1280
True,True,True,palm,upscale1920,True,0.6499160081148148,2203,720,3.2281642918850744,21,960,False,5.852208007127047,1.2142320402409141,palm,True,True,0.6809169426560402,6.611791090108454,7.60633300524205,1CV12_12_R_#89.avi,False,960
True,True,True,palm,upscale1920,True,0.31766598112881184,2203,480,3.1362254994215184,20,640,False,4.975500050932169,1.7787893218752533,palm,True,True,0.7148749427869916,5.393040948547423,6.333000026643276,1CV12_12_R_#89.avi,False,640
True,True,True,palm,upscale1920,True,0.316707999445498,2204,480,6.121752775062194,21,640,False,5.225833039730787,1.5089642268144974,palm,True,True,0.6477499846369028,5.645666969940066,6.515749963000417,1CV12_12_R_#89.avi,False,640
True,True,True,palm,upscale1920,True,0.5724589573219419,2204,720,2.829196934648078,21,960,False,5.1603339379653335,0.44853498748628806,palm,True,True,0.532749923877418,5.836999975144863,6.699749967083335,1CV12_12_R_#89.avi,False,960
True,True,True,palm,upscale1920,True,1.1367080733180046,2204,960,4.1982444048564025,21,1280,False,5.784999928437173,0.4863355629901358,palm,True,True,2.003166009671986,7.051500026136637,9.489082964137197,1CV12_12_R_#89.avi,False,1280
True,True,True,palm,upscale1920,True,1.5287499409168959,2204,1440,0.0,21,1920,False,7.053749985061586,0.0,palm,True,True,0.28808298520743847,8.706416934728622,9.48804197832942,1CV12_12_R_#89.avi,False,1920
True,True,True,uncertain,upscale1920,False,1.5824580332264304,2205,1440,0.0,20,1920,False,6.996541982516646,0.0,uncertain,True,True,0.07983297109603882,8.702624938450754,9.266415960155427,1CV12_12_R_#89.avi,False,1920
True,True,True,uncertain,upscale1920,False,1.0067920666188002,2205,960,6.192281204087327,20,1280,False,5.811250070109963,3.4268231419588107,uncertain,True,True,2.1011250792071223,6.93566701374948,9.438333101570606,1CV12_12_R_#89.avi,False,1280
True,True,True,uncertain,upscale1920,False,0.5990420468151569,2205,720,1.987396712507256,20,960,False,6.088415975682437,2.9257094235822794,uncertain,True,True,0.32824999652802944,6.812375038862228,7.596459006890655,1CV12_12_R_#89.avi,False,960
True,True,True,uncertain,upscale1920,False,0.30874996446073055,2205,480,7.470709283204331,20,640,False,5.404833005741239,5.849022295582524,navigation,False,True,0.6894159596413374,5.83299994468689,6.83508301153779,1CV12_12_R_#89.avi,False,640
True,True,True,pinch,upscale1920,True,0.31666597351431847,2206,480,5.456617015976382,21,640,False,5.596542032435536,2.8705471072127025,pinch,True,True,0.6107080262154341,6.035832921043038,6.936125108040869,1CV12_12_R_#89.avi,False,640
True,True,True,pinch,upscale1920,True,0.6600000197067857,2206,720,2.349595843331105,21,960,False,5.742624984122813,1.9027374708385332,pinch,True,True,0.32899994403123856,6.512332940474153,7.264832966029644,1CV12_12_R_#89.avi,False,960
True,True,True,pinch,upscale1920,True,1.031958032399416,2206,960,1.1718419764410763,21,1280,False,5.7503749849274755,1.199622802255731,pinch,True,True,1.9805829506367445,6.912500015459955,9.540500002913177,1CV12_12_R_#89.avi,False,1280
True,True,True,pinch,upscale1920,True,1.7194579122588038,2206,1440,0.0,21,1920,False,6.951292045414448,0.0,pinch,True,True,0.12608303222805262,8.78833292517811,9.395708097144961,1CV12_12_R_#89.avi,False,1920
True,True,True,pinch,upscale1920,True,1.687374897301197,2207,1440,0.0,19,1920,False,6.911750067956746,0.0,pinch,True,True,0.1230000052601099,8.722250000573695,9.337167022749782,1CV12_12_R_#89.avi,False,1920
True,True,True,pinch,upscale1920,True,1.1022500693798065,2207,960,2.52000373362626,18,1280,False,5.565459025092423,2.191666828952703,point,False,True,2.0060419337823987,6.778249982744455,9.292708011344075,1CV12_12_R_#89.avi,False,1280
True,True,True,pinch,upscale1920,True,0.747084035538137,2207,720,3.7698674735991387,18,960,False,5.617625080049038,2.546221669182533,pinch,True,True,0.41516602504998446,6.4805420115590096,7.488457951694727,1CV12_12_R_#89.avi,False,960
True,True,True,pinch,upscale1920,True,0.3120830515399575,2207,480,4.252611569590336,17,640,False,5.049208062700927,1.2324293967927507,victory,False,True,0.7431660778820515,5.462958011776209,6.47737504914403,1CV12_12_R_#89.avi,False,640
True,True,True,palm,upscale1920,True,0.3136249724775553,2208,480,8.913104493882074,21,640,False,5.193499964661896,16.141289882150154,victory,False,True,0.5960830021649599,5.617541028186679,6.474833004176617,1CV12_12_R_#89.avi,False,640
False,False,True,palm,upscale1920,False,0.6049999501556158,2208,720,,,960,False,5.718500004149973,,no_hand,False,True,0.26479095686227083,6.427875021472573,7.162207970395684,1CV12_12_R_#89.avi,False,960
False,False,True,palm,upscale1920,False,0.9612080175429583,2208,960,,,1280,False,5.483791930601001,,no_hand,False,True,1.6760829603299499,6.552333012223244,8.449250017292798,1CV12_12_R_#89.avi,False,1280
True,True,True,palm,upscale1920,True,1.6585839912295341,2208,1440,0.0,21,1920,False,6.932041025720537,0.0,palm,True,True,0.19820791203528643,8.70395905803889,9.394999942742288,1CV12_12_R_#89.avi,False,1920
True,True,True,victory,upscale1920,True,1.6502500511705875,2209,1440,0.0,20,1920,False,7.317041978240013,0.0,victory,True,True,0.07595808710902929,9.100790950469673,9.682375006377697,1CV12_12_R_#89.avi,False,1920
True,True,True,victory,upscale1920,True,1.09083391726017,2209,960,4.753375632988107,19,1280,False,5.695917061530054,4.5475250738999655,victory,True,True,1.955958898179233,6.906458991579711,9.249791968613863,1CV12_12_R_#89.avi,False,1280
True,True,True,victory,upscale1920,True,0.7082909578457475,2209,720,4.1331437605635335,20,960,False,5.113666993565857,3.4554489836816695,victory,True,True,0.419583055190742,5.929249920882285,6.7480410216376185,1CV12_12_R_#89.avi,False,960
True,True,True,victory,upscale1920,True,0.3194159362465143,2209,480,6.500237068544658,19,640,False,5.495833000168204,3.217183131583696,victory,True,True,0.8192920358851552,5.924999946728349,6.985708954744041,1CV12_12_R_#89.avi,False,640
True,True,True,victory,upscale1920,True,0.3224170068278909,2210,480,3.890540057791998,14,640,False,5.033790948800743,4.191951885759023,victory,True,True,0.6187920225784183,5.462458007968962,6.562959053553641,1CV12_12_R_#89.avi,False,640
True,True,True,victory,upscale1920,True,0.6056251004338264,2210,720,2.9499997777814895,14,960,False,5.479958024807274,3.117361249494797,victory,True,True,0.2696249866858125,6.196584086865187,6.752000073902309,1CV12_12_R_#89.avi,False,960
True,True,True,victory,upscale1920,True,1.1132500367239118,2210,960,2.8101271498178213,14,1280,False,5.5690419394522905,1.1305623713036173,victory,True,True,1.977332984097302,6.783292046748102,9.248542017303407,1CV12_12_R_#89.avi,False,1280
True,True,True,victory,upscale1920,True,1.5332909533753991,2210,1440,0.0,14,1920,False,6.749666994437575,0.0,victory,True,True,0.062290928326547146,8.394832955673337,8.892332902178168,1CV12_12_R_#89.avi,False,1920
True,True,True,pinch,upscale1920,True,1.6431249678134918,2211,1440,0.0,20,1920,False,7.350750034675002,0.0,pinch,True,True,0.1004580408334732,9.116999921388924,9.717042092233896,1CV12_12_R_#89.avi,False,1920
True,True,True,pinch,upscale1920,True,1.0162499966099858,2211,960,1.8283143733266118,20,1280,False,5.57395804207772,0.5290348812999196,pinch,True,True,1.9925000378862023,6.709582987241447,9.201292064972222,1CV12_12_R_#89.avi,False,1280
True,True,True,pinch,upscale1920,True,0.7055830210447311,2211,720,0.8712908091494838,20,960,False,5.486749927513301,0.6453939534191537,pinch,True,True,0.3725410206243396,6.304458016529679,7.287458050996065,1CV12_12_R_#89.avi,False,960
True,True,True,pinch,upscale1920,True,0.3137500025331974,2211,480,1.5138943151202024,19,640,False,5.080583970993757,1.0146278558260586,pinch,True,True,0.7557920180261135,5.504917004145682,6.690209032967687,1CV12_12_R_#89.avi,False,640
True,False,False,no_hand,upscale1920,False,0.3334579523652792,2212,480,,,640,False,5.118208006024361,,no_hand,True,True,0.627583940513432,5.558124976232648,6.284791976213455,1CV12_12_R_#89.avi,False,640
False,True,False,no_hand,upscale1920,False,0.5727079696953297,2212,720,,,960,False,5.310124950483441,,pinch,False,True,0.24141697213053703,5.994207924231887,6.58008293248713,1CV12_12_R_#89.avi,False,960
False,True,False,no_hand,upscale1920,False,1.007750048302114,2212,960,,,1280,False,5.620791926048696,,pinch,False,True,1.9016660517081618,6.733959075063467,9.032500092871487,1CV12_12_R_#89.avi,False,1280
True,False,False,no_hand,upscale1920,False,1.7236670246347785,2212,1440,,,1920,False,7.070749998092651,,no_hand,True,True,0.05354091990739107,8.90150002669543,9.265874978154898,1CV12_12_R_#89.avi,False,1920
True,True,True,point,upscale1920,True,1.7025830456987023,2213,1440,0.0,19,1920,False,7.136833039112389,0.0,point,True,True,0.09637500625103712,8.958332939073443,9.542542044073343,1CV12_12_R_#89.avi,False,1920
True,True,True,point,upscale1920,True,1.1229170486330986,2213,960,1.3586999905546495,19,1280,False,5.487499991431832,0.21066476662177955,point,True,True,2.01595900580287,6.725209066644311,9.093375061638653,1CV12_12_R_#89.avi,False,1280
True,True,True,point,upscale1920,True,0.7511660223826766,2213,720,1.9226639450006966,19,960,False,5.799375008791685,0.45414086391377545,point,True,True,0.37579203490167856,6.653083022683859,7.548207999207079,1CV12_12_R_#89.avi,False,960
True,True,True,point,upscale1920,True,0.2922919811680913,2213,480,2.9779286507225065,19,640,False,5.27287507429719,0.768695932047765,pinch,False,True,0.7446249946951866,5.6747919879853725,6.713457987643778,1CV12_12_R_#89.avi,False,640
True,True,True,point,upscale1920,True,0.34629099536687136,2214,480,1.6339402847382505,21,640,False,5.198167054913938,1.300556298868812,point,True,True,0.6009169155731797,5.650916020385921,6.6969170002266765,1CV12_12_R_#89.avi,False,640
True,True,True,point,upscale1920,True,0.5812080344185233,2214,720,1.4181810972335984,21,960,False,5.3798750741407275,0.25323343081194427,point,True,True,0.29645801987499,6.071666022762656,6.673582945950329,1CV12_12_R_#89.avi,False,960
True,True,True,point,upscale1920,True,0.9996249573305249,2214,960,0.7679233028588066,21,1280,False,5.441874964162707,0.23449761088815096,point,True,True,2.0064159762114286,6.540499976836145,8.949457900598645,1CV12_12_R_#89.avi,False,1280
True,True,True,point,upscale1920,True,1.5416659880429506,2214,1440,0.0,21,1920,False,6.577000021934509,0.0,point,True,True,0.04924996756017208,8.228249964304268,8.713915944099426,1CV12_12_R_#89.avi,False,1920
True,True,True,pinch,upscale1920,True,1.6298330156132579,2215,1440,0.0,21,1920,False,6.853790953755379,0.0,pinch,True,True,0.12054108083248138,8.592416066676378,9.182625100947917,1CV12_12_R_#89.avi,False,1920
True,True,True,pinch,upscale1920,True,0.9430419886484742,2215,960,0.8615329756104926,21,1280,False,5.6682920549064875,0.5221759189168507,pinch,True,True,1.8813329515978694,6.719124969094992,8.96799995098263,1CV12_12_R_#89.avi,False,1280
True,True,True,pinch,upscale1920,True,0.6618750048801303,2215,720,0.909482512704785,21,960,False,5.148874945007265,0.6288840119404877,pinch,True,True,0.39845798164606094,5.910375039093196,6.611792021431029,1CV12_12_R_#89.avi,False,960
True,True,True,pinch,upscale1920,True,0.2846249844878912,2215,480,2.650184590840125,21,640,False,5.424916977062821,1.189666203788747,pinch,True,True,0.8951249765232205,5.810874979943037,6.932415999472141,1CV12_12_R_#89.avi,False,640
True,True,True,point,upscale1920,True,0.32279209699481726,2216,480,2.7196669011354517,21,640,False,5.032666958868504,1.5268602994455405,pinch,False,True,0.6097919540479779,5.463000037707388,6.301583023741841,1CV12_12_R_#89.avi,False,640
True,True,True,point,upscale1920,True,0.6286249263212085,2216,720,1.0998870334667934,21,960,False,5.496582947671413,1.0029949048457159,point,True,True,0.2162919845432043,6.228458951227367,6.738625001162291,1CV12_12_R_#89.avi,False,960
True,True,True,point,upscale1920,True,1.009250059723854,2216,960,2.9993435725823403,21,1280,False,5.684125004336238,0.49526015240655047,point,True,True,2.2210419410839677,6.789416074752808,9.334583999589086,1CV12_12_R_#89.avi,False,1280
True,True,True,point,upscale1920,True,1.480791950598359,2216,1440,0.0,21,1920,False,6.86666602268815,0.0,point,True,True,0.05479203537106514,8.462792029604316,8.98541696369648,1CV12_12_R_#89.avi,False,1920
True,True,True,victory,native640,True,0.3097499720752239,2177,480,0.0,21,640,True,4.9762079725041986,0.0,victory,True,True,0.08958310354501009,5.388416931964457,5.706833093427122,1CV12_12_R_#89.avi,True,640
True,True,True,victory,native640,True,0.16754190437495708,2177,360,0.40793931250364984,21,480,True,4.831125028431416,0.31920984427600374,victory,True,True,0.6033750250935555,5.104499985463917,5.984499934129417,1CV12_12_R_#89.avi,True,480
True,True,True,victory,native640,True,0.10974996257573366,2177,240,0.7137606864448468,21,320,True,5.108333076350391,1.1139127180632338,victory,True,True,0.033250078558921814,5.316208000294864,5.5582079803571105,1CV12_12_R_#89.avi,True,320
True,True,True,victory,native640,True,0.10262499563395977,2178,240,0.8499667684769043,21,320,True,4.646125016734004,1.2341801887495871,victory,True,True,0.03933301195502281,4.8577499110251665,5.111083039082587,1CV12_12_R_#89.avi,True,320
True,True,True,victory,native640,True,0.15329092275351286,2178,360,0.7752702434636112,21,480,True,5.040375050157309,0.8550094806079934,victory,True,True,0.5875830538570881,5.289915949106216,6.401458056643605,1CV12_12_R_#89.avi,True,480
True,True,True,victory,native640,True,0.36100007127970457,2178,480,0.0,21,640,True,4.957334022037685,0.0,victory,True,True,0.022541964426636696,5.424250033684075,5.715042003430426,1CV12_12_R_#89.avi,True,640
True,True,True,victory,native640,True,0.29141607228666544,2179,480,0.0,21,640,True,5.014499998651445,0.0,victory,True,True,0.001125037670135498,5.402666050940752,5.937749985605478,1CV12_12_R_#89.avi,True,640
True,True,True,victory,native640,True,0.17054099589586258,2179,360,0.4725031867106524,21,480,True,5.063000018708408,0.37174600645292444,victory,True,True,0.5845410050824285,5.335708032362163,6.496125017292798,1CV12_12_R_#89.avi,True,480
True,True,True,victory,native640,True,0.07358298171311617,2179,240,0.9446355283184017,21,320,True,4.906624904833734,0.16875571075442589,victory,True,True,0.021916930563747883,5.079332971945405,5.329458974301815,1CV12_12_R_#89.avi,True,320
True,True,True,victory,native640,True,0.09175005834549665,2180,240,0.8470837652104951,21,320,True,4.972791066393256,0.1493616692069849,victory,True,True,0.0177919864654541,5.16725005581975,5.410624900832772,1CV12_12_R_#89.avi,True,320
True,True,True,victory,native640,True,0.1724159810692072,2180,360,0.7347496652288139,21,480,True,4.969500005245209,0.4012150624824489,victory,True,True,0.5864999257028103,5.24479104205966,6.2469159020110965,1CV12_12_R_#89.avi,True,480
True,True,True,victory,native640,True,0.25920895859599113,2180,480,0.0,21,640,True,4.990875022485852,0.0,victory,True,True,0.00100000761449337,5.346292047761381,5.593917099758983,1CV12_12_R_#89.avi,True,640
True,True,True,victory,native640,True,0.23320794571191072,2181,480,0.0,21,640,True,5.154874990694225,0.0,victory,True,True,0.31287502497434616,5.4980829590931535,6.079375045374036,1CV12_12_R_#89.avi,True,640
True,True,True,victory,native640,True,0.17370795831084251,2181,360,0.9584000044329115,21,480,True,5.368500016629696,0.45348019647908033,victory,True,True,0.5948339821770787,5.640082992613316,6.455791997723281,1CV12_12_R_#89.avi,True,480
True,True,True,victory,native640,True,0.10495795868337154,2181,240,1.46503884588889,21,320,True,4.965332918800414,0.8833833581262394,victory,True,True,0.0337500823661685,5.168540985323489,5.417791078798473,1CV12_12_R_#89.avi,True,320
True,True,True,victory,native640,True,0.10908301919698715,2182,240,1.963978999087733,21,320,True,4.92029101587832,2.002796393827044,victory,True,True,0.0177919864654541,5.132041987963021,5.630624946206808,1CV12_12_R_#89.avi,False,320
True,True,True,victory,native640,True,0.17004203982651234,2182,360,1.3687395208082012,21,480,True,4.848457989282906,1.4288384030602095,victory,True,True,0.5859999218955636,5.116624990478158,5.9189999010413885,1CV12_12_R_#89.avi,False,480
True,True,True,victory,native640,True,0.330875045619905,2182,480,0.0,21,640,True,5.4992500226944685,0.0,victory,True,True,0.0009170034900307655,5.936624947935343,6.197041948325932,1CV12_12_R_#89.avi,False,640
True,True,True,victory,native640,True,0.23162493016570807,2183,480,0.0,21,640,True,5.304708029143512,0.0,victory,True,True,0.22412498947232962,5.640582996420562,6.138417054899037,1CV12_12_R_#89.avi,False,640
True,True,True,victory,native640,True,0.18974998965859413,2183,360,0.8111994366823192,21,480,True,5.109750083647668,0.7074689605268236,victory,True,True,0.5742079811170697,5.400916910730302,6.189582985825837,1CV12_12_R_#89.avi,False,480
True,True,True,victory,native640,True,0.1112079480662942,2183,240,1.2573258623428172,21,320,True,4.719458986073732,0.3025053416344358,victory,True,True,0.04291604273021221,4.92195796687156,5.159666063264012,1CV12_12_R_#89.avi,False,320
True,True,True,point,native640,False,0.0742500415071845,2184,240,3.0594958479941687,21,320,True,5.004250095225871,2.1907546061817733,uncertain,False,True,0.03958295565098524,5.197709077037871,5.49095799215138,1CV12_12_R_#89.avi,False,320
True,True,True,point,native640,True,0.13733305968344212,2184,360,1.7290854820026214,21,480,True,5.076166940853,1.633556568079766,point,True,True,0.5889589665457606,5.321625038050115,6.154916947707534,1CV12_12_R_#89.avi,False,480
True,True,True,point,native640,True,0.2751660067588091,2184,480,0.0,21,640,True,5.5480829905718565,0.0,point,True,True,0.0008330680429935455,5.937833106145263,6.214041030034423,1CV12_12_R_#89.avi,False,640
True,True,True,point,native640,True,0.292791984975338,2185,480,0.0,21,640,True,5.470708012580872,0.0,point,True,True,0.45950000640004873,5.878333002328873,6.613167002797127,1CV12_12_R_#89.avi,False,640
True,True,True,point,native640,True,0.2049580216407776,2185,360,3.830453979097072,21,480,True,5.667500081472099,2.1231575398458724,point,True,True,0.6082919426262379,6.0102499555796385,6.961707957088947,1CV12_12_R_#89.avi,False,480
True,True,True,point,native640,True,0.12016703840345144,2185,240,4.537873800903024,21,320,True,5.15974999871105,1.9724363903172708,point,True,True,0.04337495192885399,5.384250078350306,5.652708932757378,1CV12_12_R_#89.avi,False,320
True,True,True,point,native640,True,0.15458301641047,2186,240,6.025595291397943,21,320,True,5.409999983385205,0.7778514762646189,victory,False,True,0.018208054825663567,5.679875030182302,6.281708017922938,1CV12_12_R_#89.avi,False,320
True,True,True,point,native640,True,0.20291691180318594,2186,360,5.506952914555542,21,480,True,5.1087080501019955,1.2112450149496845,victory,False,True,0.5933329230174422,5.409832927398384,6.233957945369184,1CV12_12_R_#89.avi,False,480
True,True,True,point,native640,True,0.29741693288087845,2186,480,0.0,21,640,True,5.20854105707258,0.0,point,True,True,0.0010420335456728935,5.612708977423608,5.868292064405978,1CV12_12_R_#89.avi,False,640
True,True,True,point,native640,True,0.36683306097984314,2187,480,0.0,21,640,True,5.4116250248625875,0.0,point,True,True,0.0301670515909791,5.890708067454398,6.594749982468784,1CV12_12_R_#89.avi,False,640
True,True,True,point,native640,True,0.18916605040431023,2187,360,4.868542121745282,21,480,True,5.020749988034368,1.7762354861725542,victory,False,True,0.6391669157892466,5.307040992192924,6.160791963338852,1CV12_12_R_#89.avi,False,480
True,True,True,point,native640,True,0.0741670373827219,2187,240,13.238151167050665,21,320,True,4.906832939013839,2.5668105113881783,victory,False,True,0.3410830395296216,5.087458994239569,5.691167083568871,1CV12_12_R_#89.avi,False,320
True,True,True,point,native640,True,0.11020805686712265,2188,240,4.112566989075945,21,320,True,5.05562499165535,2.4214447671397417,point,True,True,0.020417035557329655,5.280875018797815,5.570292007178068,1CV12_12_R_#89.avi,False,320
True,True,True,point,native640,True,0.2108750632032752,2188,360,1.9490567154945682,21,480,True,5.128624965436757,1.9369245047037527,victory,False,True,0.6743330741301179,5.463250097818673,6.424958002753556,1CV12_12_R_#89.avi,False,480
True,True,True,point,native640,True,0.2850419841706753,2188,480,0.0,21,640,True,5.7743750512599945,0.0,point,True,True,0.3913750406354666,6.184166995808482,6.841333000920713,1CV12_12_R_#89.avi,False,640
True,True,True,victory,native640,True,0.32954197376966476,2189,480,0.0,21,640,True,5.426291027106345,0.0,victory,True,True,0.0012920936569571495,5.87524997536093,6.133625051006675,1CV12_12_R_#89.avi,False,640
True,True,True,victory,native640,True,0.22016593720763922,2189,360,2.9688940872633642,21,480,True,5.436540930531919,1.152526694310822,victory,True,True,0.5978749832138419,5.757790990173817,6.650208029896021,1CV12_12_R_#89.avi,False,480
True,True,True,victory,native640,True,0.0825000461190939,2189,240,6.941057403940476,21,320,True,4.942124942317605,3.5956140134969385,point,False,True,0.028250040486454964,5.123708047904074,5.376082961447537,1CV12_12_R_#89.avi,False,320
True,True,True,victory,native640,True,0.10987499263137579,2190,240,3.953413721615231,21,320,True,4.989625071175396,2.131222790078732,victory,True,True,0.045791035518050194,5.204833927564323,5.486125010065734,1CV12_12_R_#89.avi,False,320
True,True,True,victory,native640,True,0.16158400103449821,2190,360,2.574260423499156,21,480,True,4.854791914112866,1.7357029803318338,victory,True,True,0.9398330003023148,5.120666930451989,6.295791012234986,1CV12_12_R_#89.avi,False,480
True,True,True,victory,native640,True,0.21595903672277927,2190,480,0.0,21,640,True,5.764749948866665,0.0,victory,True,True,0.44495798647403717,6.09100004658103,6.821040995419025,1CV12_12_R_#89.avi,False,640
True,True,True,victory,native640,True,0.3535000141710043,2191,480,0.0,21,640,True,5.295167095027864,0.0,victory,True,True,0.3082089824602008,5.756499944254756,6.383834057487547,1CV12_12_R_#89.avi,False,640
True,True,True,victory,native640,True,0.22454105783253908,2191,360,3.551243960444786,21,480,True,4.754041088744998,2.4221163209950274,victory,True,True,0.6186659447848797,5.077625042758882,5.9646249283105135,1CV12_12_R_#89.avi,False,480
True,True,True,victory,native640,True,0.09237497579306364,2191,240,5.99013041528368,21,320,True,4.985582898370922,2.485525281206712,victory,True,True,0.17775001469999552,5.190582945942879,5.627875099889934,1CV12_12_R_#89.avi,False,320
True,True,True,victory,native640,True,0.09450002107769251,2192,240,4.364071807212105,21,320,True,5.003792000934482,5.567208171628345,victory,True,True,0.018874998204410076,5.233915988355875,5.514957942068577,1CV12_12_R_#89.avi,False,320
True,True,True,victory,native640,True,0.15929096844047308,2192,360,2.0854675696984764,21,480,True,5.130832898430526,1.1089618076666596,victory,True,True,0.605916022323072,5.394082982093096,6.225625053048134,1CV12_12_R_#89.avi,False,480
True,True,True,victory,native640,True,0.30812504701316357,2192,480,0.0,21,640,True,5.928041064180434,0.0,victory,True,True,0.00100000761449337,6.350083043798804,6.631791940890253,1CV12_12_R_#89.avi,False,640
True,True,True,victory,native640,True,0.26404194068163633,2193,480,0.0,21,640,True,5.556000047363341,0.0,victory,True,True,0.0011669471859931946,5.922958953306079,6.155874929390848,1CV12_12_R_#89.avi,False,640
True,True,True,victory,native640,True,0.16108306590467691,2193,360,3.937774319588774,21,480,True,5.138166947290301,1.7268487537087753,victory,True,True,0.5952080246061087,5.407291115261614,6.2492500292137265,1CV12_12_R_#89.avi,False,480
True,True,True,victory,native640,True,0.07729197386652231,2193,240,7.8041166554129875,21,320,True,4.831667058169842,2.6631246295900595,victory,True,True,0.020542065612971783,5.015959031879902,5.2810420747846365,1CV12_12_R_#89.avi,False,320
True,True,True,victory,native640,True,0.10662502609193325,2194,240,5.417761755612003,21,320,True,5.168125033378601,2.4062071599904793,victory,True,True,0.04991702735424042,5.386834032833576,5.676125059835613,1CV12_12_R_#89.avi,False,320
True,True,True,victory,native640,True,0.1961250090971589,2194,360,3.9577928631223336,21,480,True,5.920458002947271,2.0570279603574875,victory,True,True,0.620416016317904,6.214291090145707,7.068541017360985,1CV12_12_R_#89.avi,False,480
True,True,True,victory,native640,True,0.23999996483325958,2194,480,0.0,21,640,True,5.497375037521124,0.0,victory,True,True,0.016874982975423336,5.846749991178513,6.125292042270303,1CV12_12_R_#89.avi,False,640
True,True,True,victory,native640,True,0.25558401830494404,2195,480,0.0,21,640,True,5.218708072789013,0.0,victory,True,True,0.020915991626679897,5.584875005297363,5.858707940205932,1CV12_12_R_#89.avi,False,640
True,True,True,victory,native640,True,0.22041704505681992,2195,360,5.750467632018806,21,480,True,5.4417080245912075,2.0552002421703772,victory,True,True,0.5885829450562596,5.769292009063065,6.620666012167931,1CV12_12_R_#89.avi,False,480
True,True,True,victory,native640,True,0.12941693421453238,2195,240,9.84944328097669,21,320,True,4.949042107909918,3.18796968191736,victory,True,True,0.03970798570662737,5.175082944333553,5.419707973487675,1CV12_12_R_#89.avi,False,320
True,True,True,victory,native640,True,0.08954200893640518,2196,240,8.856645361138717,21,320,True,4.94312506634742,3.322602433328737,victory,True,True,0.017124926671385765,5.134833976626396,5.372541956603527,1CV12_12_R_#89.avi,False,320
True,True,True,victory,native640,True,0.13516703620553017,2196,360,4.58973486657418,21,480,True,5.027665989473462,0.8696125449474001,victory,True,True,0.6328749004751444,5.271750036627054,6.152749992907047,1CV12_12_R_#89.avi,False,480
True,True,True,victory,native640,True,0.29862497467547655,2196,480,0.0,21,640,True,5.29637502040714,0.0,victory,True,True,0.018666964024305344,5.70533296559006,6.341874948702753,1CV12_12_R_#89.avi,False,640
True,True,True,victory,native640,True,0.35737501457333565,2197,480,0.0,21,640,True,5.469124997034669,0.0,victory,True,True,0.001249951310455799,5.93187496997416,6.469915970228612,1CV12_12_R_#89.avi,False,640
True,True,True,victory,native640,True,0.17150002531707287,2197,360,4.644376351753285,21,480,True,5.20812498871237,0.3933274046015972,victory,True,True,0.6205419776961207,5.508917034603655,6.700792000629008,1CV12_12_R_#89.avi,False,480
True,True,True,victory,native640,True,0.10904204100370407,2197,240,6.336286582037908,21,320,True,5.161375040188432,0.8142141932859901,victory,True,True,0.052875024266541004,5.390416947193444,5.72870799805969,1CV12_12_R_#89.avi,False,320
True,True,True,victory,native640,True,0.137584051117301,2198,240,12.942837231472554,21,320,True,5.508833099156618,0.8075955090128057,victory,True,True,0.049708993174135685,5.754375015385449,6.0429590521380305,1CV12_12_R_#89.avi,False,320
True,True,True,victory,native640,True,0.15275005716830492,2198,360,7.4803425650057775,21,480,True,5.270582973025739,0.5253514683993968,victory,True,True,0.6018331041559577,5.531625007279217,6.396417040377855,1CV12_12_R_#89.avi,False,480
True,True,True,victory,native640,True,0.32483297400176525,2198,480,0.0,21,640,True,5.424292059615254,0.0,victory,True,True,0.001166015863418579,5.862332996912301,6.45175005774945,1CV12_12_R_#89.avi,False,640
True,True,True,navigation,native640,True,0.31216698698699474,2199,480,0.0,21,640,True,5.29025006107986,0.0,navigation,True,True,0.001374981366097927,5.717957974411547,6.0016249772161245,1CV12_12_R_#89.avi,False,640
True,True,True,navigation,native640,True,0.1795829739421606,2199,360,6.08316100428837,21,480,True,5.198415950872004,1.0459043000261306,navigation,True,True,0.6216670153662562,5.486916983500123,6.349583971314132,1CV12_12_R_#89.avi,False,480
True,True,True,navigation,native640,True,0.07766601629555225,2199,240,6.58149637968931,18,320,True,5.034624948166311,2.0546499137044902,navigation,True,True,0.020124949514865875,5.2191250724717975,5.485959001816809,1CV12_12_R_#89.avi,False,320
True,True,True,palm,native640,True,0.14033308252692223,2200,240,6.788730020315925,21,320,True,5.2882920717820525,3.806342577265434,navigation,False,True,0.029415939934551716,5.542291095480323,6.2328329076990485,1CV12_12_R_#89.avi,False,320
True,True,True,palm,native640,True,0.1617909874767065,2200,360,2.5873150685478774,21,480,True,5.211750045418739,1.2114857344233612,palm,True,True,0.5961658898741007,5.471125012263656,6.297957967035472,1CV12_12_R_#89.avi,False,480
True,True,True,palm,native640,True,0.22325001191347837,2200,480,0.0,21,640,True,5.149499978870153,0.0,palm,True,True,0.001084059476852417,5.478458944708109,5.724249989725649,1CV12_12_R_#89.avi,False,640
True,True,True,palm,native640,True,0.25299994740635157,2201,480,0.0,21,640,True,5.6725830072537065,0.0,palm,True,True,0.30629197135567665,6.031750002875924,6.922208936884999,1CV12_12_R_#89.avi,False,640
True,True,True,palm,native640,True,0.1694160746410489,2201,360,5.122999873826838,21,480,True,5.54708403069526,0.4497249634489871,navigation,False,True,0.6583330687135458,5.82816603127867,6.760791991837323,1CV12_12_R_#89.avi,False,480
True,True,True,palm,native640,True,0.07687497418373823,2201,240,7.440804206914257,21,320,True,5.181915941648185,1.0381403240240128,navigation,False,True,0.04791689570993185,5.35524997394532,5.6106249103322625,1CV12_12_R_#89.avi,False,320
True,True,True,palm,native640,True,0.07933401502668858,2202,240,3.984245369515329,21,320,True,5.150292068719864,2.723403354789111,navigation,False,True,0.020582927390933037,5.327917053364217,5.563374958001077,1CV12_12_R_#89.avi,False,320
True,True,True,palm,native640,True,0.175457913428545,2202,360,2.222925829133545,21,480,True,5.3443750366568565,2.021539139264958,palm,True,True,0.6044170586392283,5.620415904559195,6.464209058322012,1CV12_12_R_#89.avi,False,480
True,True,True,palm,native640,True,0.28562499210238457,2202,480,0.0,21,640,True,5.255541997030377,0.0,palm,True,True,0.36562501918524504,5.671959021128714,6.338290986604989,1CV12_12_R_#89.avi,False,640
True,True,True,palm,native640,True,0.27083291206508875,2203,480,0.0,20,640,True,5.524915992282331,0.0,palm,True,True,0.041458988562226295,5.919624934904277,6.46558403968811,1CV12_12_R_#89.avi,False,640
True,True,True,palm,native640,True,0.1779590966179967,2203,360,3.1984630693883394,19,480,True,6.084250053390861,1.4780306841464712,palm,True,True,0.5869580199941993,6.376792094670236,7.237249985337257,1CV12_12_R_#89.avi,False,480
True,True,True,palm,native640,True,0.12558395974338055,2203,240,5.364555274053245,19,320,True,5.295541021041572,2.627577101294015,palm,True,True,0.39004208520054817,5.515291937626898,6.111792055889964,1CV12_12_R_#89.avi,False,320
True,True,True,palm,native640,True,0.07083301898092031,2204,240,7.930808932169479,21,320,True,4.979292047210038,12.816023094909099,palm,True,True,0.016832957044243813,5.1571669755503535,5.776625010184944,1CV12_12_R_#89.avi,False,320
False,False,True,palm,native640,False,0.18354190979152918,2204,360,,,480,True,5.510000046342611,,no_hand,False,True,0.6096250144764781,5.796041921712458,6.510957959108055,1CV12_12_R_#89.avi,False,480
True,True,True,palm,native640,True,0.2377500059083104,2204,480,0.0,21,640,True,5.277791991829872,0.0,palm,True,True,0.2280001062899828,5.615500034764409,6.117250071838498,1CV12_12_R_#89.avi,False,640
True,True,True,uncertain,native640,False,0.2673750277608633,2205,480,0.0,21,640,True,5.541000049561262,0.0,uncertain,True,True,0.003834022209048271,5.912917084060609,6.3845840049907565,1CV12_12_R_#89.avi,False,640
True,True,True,uncertain,native640,False,0.1901249634101987,2205,360,5.5604561455698285,21,480,True,5.17337501514703,5.291885915580843,pinch,False,True,0.5981670692563057,5.461999913677573,6.3017080537974834,1CV12_12_R_#89.avi,False,480
True,True,True,uncertain,native640,False,0.07833295967429876,2205,240,7.2139801645221056,21,320,True,5.105291958898306,8.500177567445954,pinch,False,True,0.031250063329935074,5.287791951559484,5.54537505377084,1CV12_12_R_#89.avi,False,320
False,True,False,no_hand,native640,False,0.07641699630767107,2206,240,,,320,True,5.305833998136222,,uncertain,False,True,0.018916907720267773,5.498833023011684,5.750541924498975,1CV12_12_R_#89.avi,False,320
False,True,False,no_hand,native640,False,0.16479205805808306,2206,360,,,480,True,5.1092499634251,,uncertain,False,True,0.5953750805929303,5.382459028623998,6.229209015145898,1CV12_12_R_#89.avi,False,480
True,False,False,no_hand,native640,False,0.32579200342297554,2206,480,,,640,True,5.29341702349484,,no_hand,True,True,0.32670795917510986,5.715042003430426,6.133457995019853,1CV12_12_R_#89.avi,False,640
True,True,True,navigation,native640,True,0.3092079423367977,2207,480,0.0,20,640,True,5.5021250154823065,0.0,navigation,True,True,0.0010830117389559746,5.921415984630585,6.531291990540922,1CV12_12_R_#89.avi,False,640
True,True,True,navigation,native640,True,0.25625003036111593,2207,360,7.290087982410826,20,480,True,5.217250087298453,2.2047113601337713,pinch,False,True,0.5840410012751818,5.574250011704862,6.390915950760245,1CV12_12_R_#89.avi,False,480
True,True,True,navigation,native640,False,0.10991597082465887,2207,240,9.558326750101168,19,320,True,5.0600419053807855,2.0356766532964254,uncertain,False,True,0.44450000859797,5.270124995149672,5.956375040113926,1CV12_12_R_#89.avi,False,320
True,True,True,palm,native640,True,0.08899997919797897,2208,240,8.314804727166353,19,320,True,5.177541985176504,8.970253995292305,palm,True,True,0.018000020645558834,5.389207974076271,6.000541034154594,1CV12_12_R_#89.avi,False,320
True,True,True,palm,native640,True,0.22200006060302258,2208,360,4.406314625245206,18,480,True,5.2150830160826445,4.61296707113811,navigation,False,True,0.6866669282317162,5.539667094126344,6.450582994148135,1CV12_12_R_#89.avi,False,480
True,True,True,palm,native640,True,0.22704200819134712,2208,480,0.0,19,640,True,5.437582964077592,0.0,palm,True,True,0.0009580980986356735,5.766083020716906,6.047208094969392,1CV12_12_R_#89.avi,False,640
True,True,True,palm,native640,True,0.29150000773370266,2209,480,0.0,21,640,True,5.700750043615699,0.0,palm,True,True,0.021124957129359245,6.102457991801202,6.395541015081108,1CV12_12_R_#89.avi,False,640
True,True,True,palm,native640,True,0.21900003775954247,2209,360,2.8936534012113135,21,480,True,5.01183292362839,1.0948564881568128,palm,True,True,0.6179169286042452,5.329250008799136,6.189042003825307,1CV12_12_R_#89.avi,False,480
True,True,True,palm,native640,True,0.10054092854261398,2209,240,4.474782969334116,21,320,True,5.243250052444637,0.819332835104335,palm,True,True,0.023333006538450718,5.445707938633859,5.705708055756986,1CV12_12_R_#89.avi,False,320
True,True,True,uncertain,native640,False,0.09458302520215511,2210,240,10.052776543249527,15,320,True,4.87858394626528,0.6811667753583823,uncertain,True,True,0.017708982340991497,5.084290984086692,5.303083918988705,1CV12_12_R_#89.avi,False,320
True,True,True,uncertain,native640,False,0.1633750507608056,2210,360,9.388854297954571,15,480,True,5.333708017133176,0.9679604285587667,uncertain,True,True,0.5912500200793147,5.591583088971674,6.425249972380698,1CV12_12_R_#89.avi,False,480
True,True,True,uncertain,native640,False,0.29387499671429396,2210,480,0.0,15,640,True,5.311917047947645,0.0,uncertain,True,True,0.0009159557521343231,5.728584015741944,5.997707950882614,1CV12_12_R_#89.avi,False,640
True,True,True,uncertain,native640,False,0.2762089716270566,2211,480,0.0,20,640,True,5.412208964116871,0.0,uncertain,True,True,0.001500011421740055,5.82479196600616,6.111708004027605,1CV12_12_R_#89.avi,False,640
True,True,True,uncertain,native640,False,0.18204201478511095,2211,360,1.5506735734177945,20,480,True,5.0890829879790545,0.9408412750158657,navigation,False,True,0.5898750387132168,5.38779201451689,6.24683394562453,1CV12_12_R_#89.avi,False,480
True,True,True,uncertain,native640,False,0.12400001287460327,2211,240,4.41331420945615,20,320,True,5.491500021889806,2.263576307348865,navigation,False,True,0.4867080133408308,5.709041957743466,6.400458049029112,1CV12_12_R_#89.avi,False,320
True,True,True,navigation,native640,False,0.10237493552267551,2212,240,6.576414348305162,21,320,True,5.215208046138287,13.88655133209029,uncertain,False,True,0.029542017728090286,5.429583950899541,5.692166974768043,1CV12_12_R_#89.avi,False,320
True,True,True,navigation,native640,True,0.17987505998462439,2212,360,3.1543170855231217,21,480,True,5.264707957394421,7.499375071092859,navigation,True,True,0.6027909694239497,5.549458088353276,6.753250025212765,1CV12_12_R_#89.avi,False,480
True,True,True,navigation,native640,True,0.32704195473343134,2212,480,0.0,21,640,True,5.337415961548686,0.0,navigation,True,True,0.018666964024305344,5.7757089380174875,6.064792047254741,1CV12_12_R_#89.avi,False,640
True,True,True,uncertain,native640,False,0.2674580318853259,2213,480,0.0,21,640,True,5.4424169939011335,0.0,uncertain,True,True,0.0012080417945981026,5.828915978781879,6.105291075073183,1CV12_12_R_#89.avi,False,640
False,False,True,uncertain,native640,False,0.1699579879641533,2213,360,,,480,True,5.646415986120701,,no_hand,False,True,0.6139590404927731,5.931499996222556,6.668625050224364,1CV12_12_R_#89.avi,False,480
True,True,True,uncertain,native640,False,0.10279100388288498,2213,240,4.184888358469111,21,320,True,5.269041983410716,0.18699809804795775,uncertain,True,True,0.3637499175965786,5.474083009175956,6.094040931202471,1CV12_12_R_#89.avi,False,320
True,True,True,uncertain,native640,False,0.09204098023474216,2214,240,8.538515865093757,21,320,True,5.24341594427824,5.80832460589831,palm,False,True,0.018916907720267773,5.451916018500924,5.752333905547857,1CV12_12_R_#89.avi,False,320
True,True,True,uncertain,native640,False,0.15183305367827415,2214,360,4.375824916463514,21,480,True,5.917624919675291,6.649947839985431,palm,False,True,0.5862090038135648,6.181375007145107,7.258292054757476,1CV12_12_R_#89.avi,False,480
True,True,True,uncertain,native640,False,0.29370898846536875,2214,480,0.0,21,640,True,5.449665943160653,0.0,uncertain,True,True,0.3375000087544322,5.842500017024577,6.429458037018776,1CV12_12_R_#89.avi,False,640
True,True,True,uncertain,native640,False,0.2869999734684825,2215,480,0.0,21,640,True,5.443749949336052,0.0,uncertain,True,True,0.3697499632835388,5.859249969944358,6.8226250587031245,1CV12_12_R_#89.avi,False,640
True,True,True,uncertain,native640,False,0.19112497102469206,2215,360,2.271070889334033,21,480,True,5.305416998453438,1.724259309460997,palm,False,True,0.6494169356301427,5.609084037132561,6.55304198153317,1CV12_12_R_#89.avi,False,480
True,True,True,uncertain,native640,False,0.127083039842546,2215,240,4.685728809083562,21,320,True,5.889417021535337,4.378568467526345,palm,False,True,0.03587501123547554,6.150208064354956,6.471333093941212,1CV12_12_R_#89.avi,False,320
True,True,True,palm,native640,True,0.10312499944120646,2216,240,2.9969060642283805,21,320,True,5.165875074453652,3.9994097233621915,palm,True,True,0.02033403143286705,5.3934999741613865,5.702333990484476,1CV12_12_R_#89.avi,False,320
True,True,True,palm,native640,True,0.21366693545132875,2216,360,2.3120625886753183,21,480,True,5.51145791541785,2.5862518876695164,palm,True,True,0.6403749575838447,5.838333978317678,6.7833749344572425,1CV12_12_R_#89.avi,False,480
True,True,True,palm,native640,True,0.29912497848272324,2216,480,0.0,21,640,True,5.36304188426584,0.0,palm,True,True,0.001375097781419754,5.80904190428555,6.1501250602304935,1CV12_12_R_#89.avi,False,640
True,True,True,victory,upscale1920,True,1.6199579695239663,2177,1440,0.0,21,1920,True,8.361124899238348,0.0,victory,True,True,0.0031669624149799347,10.138416895642877,10.71908394806087,1CV12_12_R_#89.avi,True,1920
True,True,True,victory,upscale1920,True,1.183000043965876,2177,960,0.5134715469968233,21,1280,True,6.791666965000331,0.7057183204467239,victory,True,True,2.089790999889374,8.113541989587247,10.75500005390495,1CV12_12_R_#89.avi,True,1280
True,True,True,victory,upscale1920,True,0.7013749564066529,2177,720,0.32229338931660867,21,960,True,6.128332926891744,0.3970273455912422,victory,True,True,0.4616660298779607,6.96895900182426,7.950916071422398,1CV12_12_R_#89.avi,True,960
True,True,True,victory,upscale1920,True,0.36383396945893764,2177,480,0.5117526966617724,21,640,True,5.855459021404386,0.8546679045743921,victory,True,True,0.8886250434443355,6.350125069729984,8.227459038607776,1CV12_12_R_#89.avi,True,640
True,True,True,victory,upscale1920,True,0.2871250035241246,2178,480,0.4686829154923074,21,640,True,5.196750047616661,0.5917495339984442,victory,True,True,0.7862080819904804,5.609832936897874,6.703083054162562,1CV12_12_R_#89.avi,True,640
True,True,True,victory,upscale1920,True,0.6465839687734842,2178,720,0.2882340283961784,21,960,True,5.482665961608291,0.2026338605794067,victory,True,True,0.3255420597270131,6.2510420102626085,6.985750049352646,1CV12_12_R_#89.avi,True,960
True,True,True,victory,upscale1920,True,1.0941659566015005,2178,960,0.12661425763288411,21,1280,True,6.256625056266785,0.2333426744342925,victory,True,True,2.268292009830475,7.477666018530726,10.212959023192525,1CV12_12_R_#89.avi,True,1280
True,True,True,victory,upscale1920,True,1.5878750709816813,2178,1440,0.0,21,1920,True,6.679416983388364,0.0,victory,True,True,0.036958022974431515,8.390542003326118,8.943958091549575,1CV12_12_R_#89.avi,True,1920
True,True,True,victory,upscale1920,True,1.6072909347712994,2179,1440,0.0,21,1920,True,6.836332962848246,0.0,victory,True,True,0.10020798072218895,8.572124992497265,9.205166948959231,1CV12_12_R_#89.avi,True,1920
True,True,True,victory,upscale1920,True,0.969582935795188,2179,960,0.24944660469944363,21,1280,True,5.478042061440647,0.18622727815354603,victory,True,True,1.8182919593527913,6.560083013027906,8.930541924200952,1CV12_12_R_#89.avi,True,1280
True,True,True,victory,upscale1920,True,0.6545840296894312,2179,720,0.32809313474730256,21,960,True,5.776915932074189,0.21183148216565117,victory,True,True,0.3720830427482724,6.5561250085011125,7.413374958559871,1CV12_12_R_#89.avi,True,960
True,True,True,victory,upscale1920,True,0.3070420352742076,2179,480,0.4432235776379893,21,640,True,5.043667042627931,0.11386986513050543,victory,True,True,0.7075830362737179,5.451916949823499,6.702708080410957,1CV12_12_R_#89.avi,True,640
True,True,True,victory,upscale1920,True,0.25933305732905865,2180,480,0.5928566142523148,21,640,True,5.277582909911871,0.22752837729313494,victory,True,True,0.5937920650467277,5.6744159664958715,6.559375091455877,1CV12_12_R_#89.avi,True,640
True,True,True,victory,upscale1920,True,0.5649999948218465,2180,720,0.462553755600447,21,960,True,5.307000013999641,0.5124827228737441,victory,True,True,0.28483406640589237,5.98570890724659,6.649750052019954,1CV12_12_R_#89.avi,True,960
True,True,True,victory,upscale1920,True,1.0395830031484365,2180,960,0.24393259629188618,21,1280,True,5.55958307813853,0.25568451445375706,victory,True,True,2.312249969691038,6.713249953463674,9.53854201361537,1CV12_12_R_#89.avi,True,1280
True,True,True,victory,upscale1920,True,1.7238750588148832,2180,1440,0.0,21,1920,True,6.628750008530915,0.0,victory,True,True,0.3867499763146043,8.481208002194762,9.408541023731232,1CV12_12_R_#89.avi,True,1920
True,True,True,victory,upscale1920,True,1.585041987709701,2181,1440,0.0,21,1920,True,7.054125075228512,0.0,victory,True,True,0.1860000193119049,8.743542013689876,9.424332994967699,1CV12_12_R_#89.avi,True,1920
True,True,True,victory,upscale1920,True,0.9857909753918648,2181,960,0.23928874461532085,21,1280,True,5.817582947202027,0.23232994673961785,victory,True,True,2.261625020764768,6.91429094877094,9.788791066966951,1CV12_12_R_#89.avi,True,1280
True,True,True,victory,upscale1920,True,0.6097919540479779,2181,720,0.5741343999731677,21,960,True,5.541999940760434,0.28991189312215254,victory,True,True,0.3382079303264618,6.270582904107869,6.986208027228713,1CV12_12_R_#89.avi,True,960
True,True,True,victory,upscale1920,True,0.30929199419915676,2181,480,0.6471733310396472,21,640,True,5.381750059314072,0.38989673514425255,victory,True,True,0.6543750641867518,5.815124954096973,6.740250042639673,1CV12_12_R_#89.avi,True,640
True,True,True,victory,upscale1920,True,0.32237498089671135,2182,480,1.4960090332087332,21,640,True,5.6501670042052865,2.199900259648808,victory,True,True,0.8858749642968178,6.092999945394695,7.522125029936433,1CV12_12_R_#89.avi,False,640
True,True,True,victory,upscale1920,True,0.609540962614119,2182,720,1.0867461208025746,21,960,True,5.59954100754112,1.3006095394830024,victory,True,True,0.4881249042227864,6.324207992292941,7.184582995250821,1CV12_12_R_#89.avi,False,960
True,True,True,victory,upscale1920,True,1.1149169877171516,2182,960,1.2901942224370972,21,1280,True,5.634083994664252,1.443340389006217,victory,True,True,2.2632500622421503,6.868666969239712,9.626417071558535,1CV12_12_R_#89.avi,False,1280
True,True,True,victory,upscale1920,True,1.523084007203579,2182,1440,0.0,21,1920,True,7.51941604539752,0.0,victory,True,True,0.08604105096310377,9.152917074970901,9.797833045013249,1CV12_12_R_#89.avi,False,1920
True,True,True,victory,upscale1920,True,1.832915935665369,2183,1440,0.0,21,1920,True,7.239790982566774,0.0,victory,True,True,0.11720904149115086,9.192332974635065,9.788374998606741,1CV12_12_R_#89.avi,False,1920
True,True,True,victory,upscale1920,True,1.0297499829903245,2183,960,0.3496723721412017,21,1280,True,5.468415911309421,0.22703290235719017,victory,True,True,1.9949170527979732,6.604874972254038,8.998417062684894,1CV12_12_R_#89.avi,False,1280
True,True,True,victory,upscale1920,True,0.6280409870669246,2183,720,0.22032320374322334,21,960,True,5.299040931276977,0.2347315202636085,victory,True,True,0.3150419797748327,6.036582984961569,6.694499985314906,1CV12_12_R_#89.avi,False,960
True,True,True,victory,upscale1920,True,0.3037910209968686,2183,480,0.5090961146682291,21,640,True,5.055125104263425,0.20799128142707893,victory,True,True,0.6448749918490648,5.459874984808266,6.392583018168807,1CV12_12_R_#89.avi,False,640
True,True,True,point,upscale1920,True,0.3000830765813589,2184,480,1.3578411111391384,21,640,True,5.274707917124033,1.0562613164598906,point,True,True,0.6008329801261425,5.6827920489013195,6.910540978424251,1CV12_12_R_#89.avi,False,640
True,True,True,point,upscale1920,True,0.6782920099794865,2184,720,0.65565937199738,21,960,True,5.731125012971461,0.5419280818667913,point,True,True,0.40479202289134264,6.509667029604316,7.239417056553066,1CV12_12_R_#89.avi,False,960
True,True,True,point,upscale1920,True,0.9346669539809227,2184,960,0.5226498811927016,21,1280,True,5.5814170045778155,0.4257018896529005,point,True,True,1.9856670405715704,6.624832982197404,9.24654200207442,1CV12_12_R_#89.avi,False,1280
True,True,True,point,upscale1920,True,1.5642080688849092,2184,1440,0.0,21,1920,True,6.542416987940669,0.0,point,True,True,0.10649999603629112,8.216375019401312,8.771833032369614,1CV12_12_R_#89.avi,False,1920
True,True,True,point,upscale1920,True,1.6806250205263495,2185,1440,0.0,21,1920,True,7.049000007100403,0.0,point,True,True,0.08875003550201654,8.867708966135979,9.420125046744943,1CV12_12_R_#89.avi,False,1920
True,True,True,point,upscale1920,True,1.0059999767690897,2185,960,1.7317919548321175,21,1280,True,5.630458006635308,0.7409484215760423,point,True,True,1.9420830067247152,6.74604088999331,9.082540986128151,1CV12_12_R_#89.avi,False,1280
True,True,True,point,upscale1920,True,0.602582935243845,2185,720,0.79864611131355,21,960,True,5.382374976761639,0.5777557904234967,point,True,True,0.4188340390101075,6.096333032473922,7.026792038232088,1CV12_12_R_#89.avi,False,960
True,True,True,point,upscale1920,True,0.31404104083776474,2185,480,1.6962289591388704,21,640,True,5.283957929350436,0.6727817055605655,point,True,True,0.7764589972794056,5.693375016562641,6.68520899489522,1CV12_12_R_#89.avi,False,640
True,True,True,point,upscale1920,True,0.24733401369303465,2186,480,1.6263367208784802,21,640,True,5.126208998262882,0.86682611950145,point,True,True,0.5873340414837003,5.481958971358836,6.308958982117474,1CV12_12_R_#89.avi,False,640
True,True,True,point,upscale1920,True,0.577957951463759,2186,720,0.591183042568962,21,960,True,5.930540966801345,0.10697075861248817,point,True,True,0.28045906219631433,6.610791897401214,7.216167054139078,1CV12_12_R_#89.avi,False,960
True,True,True,point,upscale1920,True,1.0845409706234932,2186,960,0.6245464334114983,21,1280,True,5.571749992668629,0.150865489593121,point,True,True,1.9989160355180502,6.7602499620988965,9.205125039443374,1CV12_12_R_#89.avi,False,1280
True,True,True,point,upscale1920,True,1.7424169927835464,2186,1440,0.0,21,1920,True,6.748792016878724,0.0,point,True,True,0.2546670148149133,8.603999973274767,9.311874979175627,1CV12_12_R_#89.avi,False,1920
True,True,True,point,upscale1920,True,1.6033330466598272,2187,1440,0.0,21,1920,True,6.95604202337563,0.0,point,True,True,0.19629101734608412,8.690707967616618,9.360916097648442,1CV12_12_R_#89.avi,False,1920
True,True,True,point,upscale1920,True,0.9961669566109776,2187,960,0.7866319168781422,21,1280,True,5.610292078927159,0.4325919230880541,point,True,True,1.8035840475931764,6.718792021274567,8.902166970074177,1CV12_12_R_#89.avi,False,1280
True,True,True,point,upscale1920,True,0.6152080604806542,2187,720,1.7876086472939052,21,960,True,5.238833022303879,1.1542371221671093,point,True,True,0.3604590892791748,5.956250010058284,6.784750032238662,1CV12_12_R_#89.avi,False,960
True,True,True,point,upscale1920,True,0.30149996746331453,2187,480,5.003222507913314,21,640,True,5.40504208765924,2.1303297140572854,victory,False,True,0.7165409624576569,5.810874979943037,6.767165963537991,1CV12_12_R_#89.avi,False,640
True,True,True,point,upscale1920,False,0.3309169551357627,2188,480,2.550710918559469,21,640,True,5.323917022906244,2.7814324962354715,uncertain,False,True,0.5929999751970172,5.761167034506798,6.592708989046514,1CV12_12_R_#89.avi,False,640
True,True,True,point,upscale1920,True,0.6044170586392283,2188,720,1.059836519287777,21,960,True,5.486499983817339,1.151644224960076,point,True,True,0.3231670707464218,6.188625004142523,6.780125084333122,1CV12_12_R_#89.avi,False,960
True,True,True,point,upscale1920,True,0.9182089706882834,2188,960,0.7272251674371298,21,1280,True,5.787292029708624,0.6065432626908679,point,True,True,1.9777920097112656,6.810334045439959,9.188332944177091,1CV12_12_R_#89.avi,False,1280
True,True,True,point,upscale1920,True,1.5877909027040005,2188,1440,0.0,21,1920,True,6.590750068426132,0.0,point,True,True,0.0541249755769968,8.297374937683344,8.819166920147836,1CV12_12_R_#89.avi,False,1920
True,True,True,victory,upscale1920,True,1.5261670341715217,2189,1440,0.0,21,1920,True,7.01175001449883,0.0,victory,True,True,0.08087500464171171,8.658958948217332,9.24400007352233,1CV12_12_R_#89.avi,False,1920
True,True,True,victory,upscale1920,True,1.1078329989686608,2189,960,0.897276569581728,21,1280,True,5.7985830353572965,0.15506380271625064,victory,True,True,1.9313330994918942,7.0229999255388975,9.596375050023198,1CV12_12_R_#89.avi,False,1280
True,True,True,victory,upscale1920,True,0.6053749239072204,2189,720,1.2345105315243918,21,960,True,5.245791980996728,0.4605656367800157,victory,True,True,0.5013329209759831,5.954875028692186,6.812957930378616,1CV12_12_R_#89.avi,False,960
True,True,True,victory,upscale1920,True,0.28658309020102024,2189,480,2.839649767765934,21,640,True,4.988125059753656,0.9893836999752043,victory,True,True,0.6669999565929174,5.3743330063298345,6.324999965727329,1CV12_12_R_#89.avi,False,640
True,True,True,victory,upscale1920,True,0.3072499530389905,2190,480,1.9986118567396922,21,640,True,5.156625062227249,1.084369095655386,victory,True,True,0.6414580857381225,5.576540948823094,6.59066706430167,1CV12_12_R_#89.avi,False,640
True,True,True,victory,upscale1920,True,0.5972080398350954,2190,720,3.317479393460171,21,960,True,5.171625060029328,2.089001095639143,victory,True,True,0.2547920448705554,5.884874961338937,6.476000067777932,1CV12_12_R_#89.avi,False,960
True,True,True,victory,upscale1920,True,1.0117499623447657,2190,960,3.7179535706359226,21,1280,True,6.018499960191548,2.31844136662155,victory,True,True,2.0158750703558326,7.135458989068866,9.512709104456007,1CV12_12_R_#89.avi,False,1280
True,True,True,victory,upscale1920,True,1.4906659489497542,2190,1440,0.0,21,1920,True,7.160375011153519,0.0,victory,True,True,0.07441698107868433,8.760874974541366,9.29558405186981,1CV12_12_R_#89.avi,False,1920
True,True,True,victory,upscale1920,True,1.5700410585850477,2191,1440,0.0,21,1920,True,7.329834043048322,0.0,victory,True,True,0.08500006515532732,9.012666065245867,9.618708048947155,1CV12_12_R_#89.avi,False,1920
True,True,True,victory,upscale1920,True,1.1318749748170376,2191,960,1.2461979811664616,21,1280,True,5.464624962769449,0.5105924908913703,victory,True,True,2.009208081290126,6.709374953061342,9.15212498512119,1CV12_12_R_#89.avi,False,1280
True,True,True,victory,upscale1920,True,0.6134160794317722,2191,720,1.1804198562464465,21,960,True,5.021165939979255,0.40617365319220033,victory,True,True,0.7265409221872687,5.735416081734002,6.773874978534877,1CV12_12_R_#89.avi,False,960
True,True,True,victory,upscale1920,True,0.3012500237673521,2191,480,3.0935026600373448,21,640,True,5.283916951157153,1.3038970216197918,victory,True,True,0.8939160034060478,5.6983750546351075,6.862415932118893,1CV12_12_R_#89.avi,False,640
True,True,True,victory,upscale1920,True,0.3215409815311432,2192,480,2.6778099966890827,21,640,True,5.177958984859288,0.928217052206968,victory,True,True,0.5981670692563057,5.608415929600596,6.462292047217488,1CV12_12_R_#89.avi,False,640
True,True,True,victory,upscale1920,True,0.5898330127820373,2192,720,1.7513830786833182,21,960,True,5.443125031888485,0.9431426326125081,victory,True,True,0.3062499454244971,6.141250021755695,7.039999938569963,1CV12_12_R_#89.avi,False,960
True,True,True,victory,upscale1920,True,1.023666001856327,2192,960,1.2307384751603354,21,1280,True,6.000249995850027,0.3092825217357186,victory,True,True,2.2545839892700315,7.132791099138558,9.816542034968734,1CV12_12_R_#89.avi,False,1280
True,True,True,victory,upscale1920,True,1.5403750585392118,2192,1440,0.0,21,1920,True,6.773000000976026,0.0,victory,True,True,0.0526671065017581,8.416166994720697,8.894167025573552,1CV12_12_R_#89.avi,False,1920
True,True,True,victory,upscale1920,True,1.6094159800559282,2193,1440,0.0,21,1920,True,6.853332975879312,0.0,victory,True,True,0.08245802018791437,8.597790962085128,9.174040984362364,1CV12_12_R_#89.avi,False,1920
True,True,True,victory,upscale1920,True,1.0207908926531672,2193,960,2.177309976568467,21,1280,True,5.617292015813291,0.4939545938794521,victory,True,True,1.9577089697122574,6.74549990799278,9.099874994717538,1CV12_12_R_#89.avi,False,1280
True,True,True,victory,upscale1920,True,0.6783329881727695,2193,720,2.9314143216234823,21,960,True,5.105541902594268,1.6670215043646288,victory,True,True,0.3096669679507613,5.887500010430813,6.552041973918676,1CV12_12_R_#89.avi,False,960
True,True,True,victory,upscale1920,True,0.2770830178633332,2193,480,3.950771695464868,21,640,True,5.241457954980433,1.01224240948907,victory,True,True,0.6921669701114297,5.628250073641539,6.910208030603826,1CV12_12_R_#89.avi,False,640
True,True,True,victory,upscale1920,True,0.2441250253468752,2194,480,3.579711041398878,21,640,True,5.066083045676351,1.2551067482747253,victory,True,True,0.6419579731300473,5.42870897334069,6.31674996111542,1CV12_12_R_#89.avi,False,640
True,True,True,victory,upscale1920,True,0.5948329344391823,2194,720,1.2468023947136597,21,960,True,5.797374993562698,0.09436312001498762,victory,True,True,0.5319169722497463,6.492957938462496,7.3509999783709645,1CV12_12_R_#89.avi,False,960
True,True,True,victory,upscale1920,True,1.0117499623447657,2194,960,1.0987646272457852,21,1280,True,5.355541943572462,0.31754876862046977,victory,True,True,1.9764590542763472,6.477291928604245,8.985334075987339,1CV12_12_R_#89.avi,False,1280
True,True,True,victory,upscale1920,True,1.5523330075666308,2194,1440,0.0,21,1920,True,6.707999971695244,0.0,victory,True,True,0.10825006756931543,8.38429108262062,8.972250041551888,1CV12_12_R_#89.avi,False,1920
True,True,True,victory,upscale1920,True,1.5985409263521433,2195,1440,0.0,21,1920,True,7.438750006258488,0.0,victory,True,True,0.18854206427931786,9.151415899395943,9.812583099119365,1CV12_12_R_#89.avi,False,1920
True,True,True,victory,upscale1920,True,0.9637080365791917,2195,960,1.4082151984334643,21,1280,True,5.481499945744872,0.5534360071564944,victory,True,True,1.9721250282600522,6.545625044964254,8.838542038574815,1CV12_12_R_#89.avi,False,1280
True,True,True,victory,upscale1920,True,0.6354169454425573,2195,720,3.42275896459082,21,960,True,5.5355411022901535,0.6131368623702501,victory,True,True,0.2942910650745034,6.27691694535315,6.889375043101609,1CV12_12_R_#89.avi,False,960
True,True,True,victory,upscale1920,True,0.30700000934302807,2195,480,5.751660913204695,21,640,True,5.010833032429218,1.4015007725093425,victory,True,True,0.9423329029232264,5.4148329654708505,6.790457991883159,1CV12_12_R_#89.avi,False,640
True,True,True,victory,upscale1920,True,0.2300000051036477,2196,480,2.1273556176717876,21,640,True,5.347833037376404,0.1344292659071893,victory,True,True,0.658332952298224,5.696207983419299,6.606625043787062,1CV12_12_R_#89.avi,False,640
True,True,True,victory,upscale1920,True,0.6049590883776546,2196,720,0.9530805390714747,21,960,True,5.123875103890896,0.30315336527603076,victory,True,True,0.2732090651988983,5.836875061504543,6.405333988368511,1CV12_12_R_#89.avi,False,960
True,True,True,victory,upscale1920,True,0.9982909541577101,2196,960,0.7144976102721463,21,1280,True,5.416041938588023,0.18614363254292368,victory,True,True,1.7395419999957085,6.521290983073413,8.763624937273562,1CV12_12_R_#89.avi,False,1280
True,True,True,victory,upscale1920,True,1.5808339230716228,2196,1440,0.0,21,1920,True,6.44629099406302,0.0,victory,True,True,0.10516692418605089,8.131374954245985,8.71125003322959,1CV12_12_R_#89.avi,False,1920
True,True,True,victory,upscale1920,True,1.5523330075666308,2197,1440,0.0,21,1920,True,6.7284159595146775,0.0,victory,True,True,0.09208288975059986,8.40341707225889,8.979082922451198,1CV12_12_R_#89.avi,False,1920
True,True,True,victory,upscale1920,True,1.0324589675292373,2197,960,1.3831231429701805,21,1280,True,5.6870830012485385,0.5941047683030874,victory,True,True,2.0580000709742308,6.824792013503611,9.490582975558937,1CV12_12_R_#89.avi,False,1280
True,True,True,victory,upscale1920,True,0.6473329849541187,2197,720,1.6907916310451614,21,960,True,5.274291965179145,0.04297774546514356,victory,True,True,0.38825010415166616,6.026083021424711,6.690709036774933,1CV12_12_R_#89.avi,False,960
True,True,True,victory,upscale1920,True,0.28887507505714893,2197,480,3.433708567645599,21,640,True,5.231500021182001,0.9732575737606135,victory,True,True,0.669957953505218,5.629042047075927,6.5496249590069056,1CV12_12_R_#89.avi,False,640
True,True,True,victory,upscale1920,True,0.2817499917000532,2198,480,5.270043967289787,21,640,True,4.892707918770611,0.2932396993366316,victory,True,True,0.8378749480471015,5.276332958601415,6.363707943819463,1CV12_12_R_#89.avi,False,640
True,True,True,victory,upscale1920,True,0.617082929238677,2198,720,1.619057734234893,21,960,True,5.769709008745849,0.16369109217503858,victory,True,True,0.2925829030573368,6.489792023785412,7.090249913744628,1CV12_12_R_#89.avi,False,960
True,True,True,victory,upscale1920,True,0.9989169193431735,2198,960,1.3300319816127848,21,1280,True,5.752415978349745,0.8744128254917266,victory,True,True,2.178833936341107,6.848416989669204,9.54991695471108,1CV12_12_R_#89.avi,False,1280
True,True,True,victory,upscale1920,True,1.514500007033348,2198,1440,0.0,21,1920,True,6.975374999456108,0.0,victory,True,True,0.037375022657215595,8.603207999840379,9.103832999244332,1CV12_12_R_#89.avi,False,1920
True,True,True,navigation,upscale1920,True,1.5869169728830457,2199,1440,0.0,20,1920,True,6.986250053159893,0.0,navigation,True,True,0.12174993753433228,8.692792034707963,9.291957947425544,1CV12_12_R_#89.avi,False,1920
True,True,True,navigation,upscale1920,True,1.0198750533163548,2199,960,3.785598978929221,20,1280,True,5.438834079541266,0.8787932027279228,navigation,True,True,1.9742499571293592,6.561542046256363,8.920249994844198,1CV12_12_R_#89.avi,False,1280
True,True,True,navigation,upscale1920,True,0.6469589425250888,2199,720,2.9597800858992143,20,960,True,5.1421660464257,1.5075369271592873,navigation,True,True,0.35562505945563316,5.890458938665688,6.6882920218631625,1CV12_12_R_#89.avi,False,960
True,True,True,navigation,upscale1920,True,0.2763340016826987,2199,480,9.426092792441974,20,640,True,4.942834028042853,3.108606783197481,navigation,True,True,0.6464580073952675,5.320125026628375,6.200291914865375,1CV12_12_R_#89.avi,False,640
True,True,True,palm,upscale1920,True,0.2645410131663084,2200,480,2.087489448527368,21,640,True,5.152249941602349,1.530016468345685,palm,True,True,0.8424579864367843,5.526208085939288,6.763832992874086,1CV12_12_R_#89.avi,False,640
True,True,True,palm,upscale1920,True,0.6108339875936508,2200,720,1.9506904056299006,21,960,True,5.559541983529925,0.12535601499459714,palm,True,True,0.24562503676861525,6.273666978813708,6.798167014494538,1CV12_12_R_#89.avi,False,960
True,True,True,palm,upscale1920,True,0.9767499286681414,2200,960,1.6785743685540142,21,1280,True,5.386792006902397,0.060940944708426883,palm,True,True,1.99691706802696,6.476249895058572,8.825334021821618,1CV12_12_R_#89.avi,False,1280
True,True,True,palm,upscale1920,True,1.6122080851346254,2200,1440,0.0,21,1920,True,6.51058298535645,0.0,palm,True,True,0.08091703057289124,8.222417091019452,8.768208092078567,1CV12_12_R_#89.avi,False,1920
True,True,True,palm,upscale1920,True,1.5904169995337725,2201,1440,0.0,21,1920,True,6.740042008459568,0.0,palm,True,True,0.12812495697289705,8.446833002381027,9.024999919347465,1CV12_12_R_#89.avi,False,1920
True,True,True,palm,upscale1920,True,0.9942080359905958,2201,960,2.0700563270200445,21,1280,True,5.525167100131512,0.31356786477874815,palm,True,True,2.0812919829040766,6.627916009165347,9.058209019713104,1CV12_12_R_#89.avi,False,1280
True,True,True,palm,upscale1920,True,0.6333749042823911,2201,720,2.2325524982007985,21,960,True,5.5047080386430025,0.4919803217403102,palm,True,True,0.3541669575497508,6.250041886232793,6.947417045012116,1CV12_12_R_#89.avi,False,960
True,True,True,palm,upscale1920,True,0.2874999772757292,2201,480,7.759075778075312,21,640,True,5.179082974791527,1.898786422733711,navigation,False,True,0.8006669813767076,5.566542036831379,6.600167020224035,1CV12_12_R_#89.avi,False,640
True,True,True,palm,upscale1920,True,0.3142500063404441,2202,480,6.587367744621087,21,640,True,5.100374924950302,3.6220137995037334,palm,True,True,0.8625419577583671,5.527666071429849,6.6729579120874405,1CV12_12_R_#89.avi,False,640
True,True,True,palm,upscale1920,True,0.626250053755939,2202,720,4.084913475368837,21,960,True,5.292666959576309,2.6180434282040967,palm,True,True,0.30091707594692707,6.0194580582901835,6.841834052465856,1CV12_12_R_#89.avi,False,960
True,True,True,palm,upscale1920,True,0.9794579818844795,2202,960,2.8327175574627006,21,1280,True,5.492749973200262,0.544413874495838,palm,True,True,2.017666003666818,6.577041931450367,8.969624992460012,1CV12_12_R_#89.avi,False,1280
True,True,True,palm,upscale1920,True,1.6298750415444374,2202,1440,0.0,21,1920,True,6.5067081013694406,0.0,palm,True,True,0.05100003909319639,8.24112503323704,8.770709042437375,1CV12_12_R_#89.avi,False,1920
True,True,True,palm,upscale1920,True,1.554209040477872,2203,1440,0.0,20,1920,True,7.201540982350707,0.0,palm,True,True,0.10662502609193325,8.871792000718415,9.455749997869134,1CV12_12_R_#89.avi,False,1920
True,True,True,palm,upscale1920,True,1.0678749531507492,2203,960,1.1556471291297425,20,1280,True,5.701208021491766,0.3609570329593803,palm,True,True,1.967207994312048,6.875833962112665,9.216125006787479,1CV12_12_R_#89.avi,False,1280
True,True,True,palm,upscale1920,True,0.5894169444218278,2203,720,1.7181481761816855,20,960,True,5.250917049124837,0.5460496098276115,palm,True,True,0.3185420064255595,5.9455420123413205,6.578792002983391,1CV12_12_R_#89.avi,False,960
True,True,True,palm,upscale1920,True,0.30845904257148504,2203,480,2.492344739107126,20,640,True,5.048166960477829,0.9399324616886741,palm,True,True,0.6737919757142663,5.474000005051494,6.609249976463616,1CV12_12_R_#89.avi,False,640
True,True,True,palm,upscale1920,True,0.2417500363662839,2204,480,5.622610028002275,20,640,True,5.2336250664666295,4.90622392773914,palm,True,True,0.6345419678837061,5.588082945905626,6.505709025077522,1CV12_12_R_#89.avi,False,640
True,True,True,palm,upscale1920,True,0.6240829825401306,2204,720,4.281293443945809,21,960,True,5.237790988758206,1.6464907975514542,palm,True,True,0.3000830765813589,5.9661249397322536,6.590042030438781,1CV12_12_R_#89.avi,False,960
True,True,True,palm,upscale1920,True,1.0042909998446703,2204,960,3.801504444483148,21,1280,True,5.658291978761554,0.7615305788218384,palm,True,True,1.8855419475585222,6.776166032068431,9.13645897526294,1CV12_12_R_#89.avi,False,1280
True,True,True,palm,upscale1920,True,1.5189999248832464,2204,1440,0.0,21,1920,True,6.457375013269484,0.0,palm,True,True,0.25237491354346275,8.098124992102385,8.854334009811282,1CV12_12_R_#89.avi,False,1920
True,False,False,no_hand,upscale1920,False,1.592292101122439,2205,1440,,,1920,True,6.80254097096622,,no_hand,True,True,0.1861249329522252,8.52037500590086,9.0182910207659,1CV12_12_R_#89.avi,False,1920
True,False,False,no_hand,upscale1920,False,1.005208003334701,2205,960,,,1280,True,5.657125031575561,,no_hand,True,True,2.0581670105457306,6.7806250881403685,9.345959057100117,1CV12_12_R_#89.avi,False,1280
False,True,False,no_hand,upscale1920,False,0.6239580688998103,2205,720,,,960,True,5.743207992054522,,navigation,False,True,0.40658400394022465,6.466957973316312,7.2112089255824685,1CV12_12_R_#89.avi,False,960
False,True,False,no_hand,upscale1920,False,0.27754204347729683,2205,480,,,640,True,5.621915915980935,,pinch,False,True,0.6520419847220182,6.007999996654689,7.211167016066611,1CV12_12_R_#89.avi,False,640
True,True,True,uncertain,upscale1920,False,0.28158409986644983,2206,480,8.212452148114178,20,640,True,5.278915981762111,6.680689586853041,uncertain,True,True,0.6012910744175315,5.6697920663282275,6.588000105693936,1CV12_12_R_#89.avi,False,640
False,False,True,uncertain,upscale1920,False,0.6015000399202108,2206,720,,,960,True,5.272666923701763,,no_hand,False,True,0.5011250032112002,5.980833084322512,6.650249939411879,1CV12_12_R_#89.avi,False,960
False,False,True,uncertain,upscale1920,False,1.038125017657876,2206,960,,,1280,True,5.711582954972982,,no_hand,False,True,2.093082992359996,6.872209021821618,9.207041002810001,1CV12_12_R_#89.avi,False,1280
True,True,True,uncertain,upscale1920,False,1.5437910333275795,2206,1440,0.0,20,1920,True,6.538707995787263,0.0,uncertain,True,True,0.07166701834648848,8.199000032618642,8.81629204377532,1CV12_12_R_#89.avi,False,1920
True,True,True,navigation,upscale1920,True,1.4949589967727661,2207,1440,0.0,19,1920,True,6.827791919931769,0.0,navigation,True,True,0.1785409403964877,8.447958971373737,9.108625003136694,1CV12_12_R_#89.avi,False,1920
True,True,True,navigation,upscale1920,True,0.9952919790521264,2207,960,2.350743068353714,19,1280,True,5.61187497805804,1.7980680469438763,navigation,True,True,1.7231670208275318,6.716375006362796,8.836957975290716,1CV12_12_R_#89.avi,False,1280
True,True,True,navigation,upscale1920,True,0.5857079522684216,2207,720,2.7370071886272584,19,960,True,6.098084035329521,1.1965182302922557,navigation,True,True,0.6654169410467148,6.784750032238662,7.808874943293631,1CV12_12_R_#89.avi,False,960
True,True,True,navigation,upscale1920,True,0.26716594584286213,2207,480,5.16922376770584,18,640,True,5.413166945800185,4.706185691943962,navigation,True,True,0.8735420415177941,5.780624924227595,7.078375085256994,1CV12_12_R_#89.avi,False,640
True,True,True,uncertain,upscale1920,False,0.24445902090519667,2208,480,16.03746321506836,18,640,True,5.598417017608881,2.161001599423212,palm,False,True,0.5942089483141899,5.9632089687511325,7.025791914202273,1CV12_12_R_#89.avi,False,640
True,True,True,uncertain,upscale1920,False,0.6168750114738941,2208,720,13.863708559035391,18,960,True,5.362999974749982,2.505442165362907,uncertain,True,True,0.28508296236395836,6.079500075429678,6.915375008247793,1CV12_12_R_#89.avi,False,960
True,True,True,uncertain,upscale1920,False,1.0274590458720922,2208,960,14.01620129184229,17,1280,True,5.463666981086135,2.358352046073052,navigation,False,True,2.046792069450021,6.600292050279677,9.028667001985013,1CV12_12_R_#89.avi,False,1280
True,True,True,uncertain,upscale1920,False,1.7176249530166388,2208,1440,0.0,18,1920,True,7.455417071469128,0.0,uncertain,True,True,0.17054099589586258,9.28933301474899,9.94058302603662,1CV12_12_R_#89.avi,False,1920
True,True,True,navigation,upscale1920,True,1.5113749541342258,2209,1440,0.0,21,1920,True,6.893457961268723,0.0,navigation,True,True,0.09308394510298967,8.5190839599818,9.06299997586757,1CV12_12_R_#89.avi,False,1920
True,True,True,navigation,upscale1920,True,0.9771670447662473,2209,960,1.6039629348141702,21,1280,True,5.658040987327695,0.418460349488101,navigation,True,True,1.9674579380080104,6.7393749486655,9.297415963374078,1CV12_12_R_#89.avi,False,1280
True,True,True,navigation,upscale1920,True,0.5666249198839068,2209,720,3.5949179795673625,21,960,True,5.201042047701776,0.7498218048025752,navigation,True,True,0.34291704650968313,5.878708907403052,6.5376670099794865,1CV12_12_R_#89.avi,False,960
True,True,True,navigation,upscale1920,True,0.29800005722790956,2209,480,4.543067395302868,21,640,True,5.232666037045419,0.8469963709413102,palm,False,True,0.667041982524097,5.634417058899999,6.541832932271063,1CV12_12_R_#89.avi,False,640
True,True,True,uncertain,upscale1920,False,0.27662503998726606,2210,480,6.906822747403237,14,640,True,5.160665954463184,1.8966144380188052,uncertain,True,True,0.6417909171432257,5.555417039431632,6.449790904298425,1CV12_12_R_#89.avi,False,640
True,True,True,uncertain,upscale1920,False,0.5927500315010548,2210,720,3.587745212973397,13,960,True,5.884667043574154,1.3324117093202492,navigation,False,True,0.3038329305127263,6.587584037333727,7.180957938544452,1CV12_12_R_#89.avi,False,960
True,True,True,uncertain,upscale1920,False,1.002624980174005,2210,960,2.526223553630605,15,1280,True,5.588750005699694,0.47373251698543656,uncertain,True,True,1.9874999998137355,6.7122080363333225,9.240540908649564,1CV12_12_R_#89.avi,False,1280
True,True,True,uncertain,upscale1920,False,1.6206250293180346,2210,1440,0.0,15,1920,True,6.954666925594211,0.0,uncertain,True,True,0.09020802099257708,8.68804205674678,9.202665998600423,1CV12_12_R_#89.avi,False,1920
True,True,True,uncertain,upscale1920,False,1.500000013038516,2211,1440,0.0,21,1920,True,6.617499981075525,0.0,uncertain,True,True,0.11237501166760921,8.24420910794288,8.889458025805652,1CV12_12_R_#89.avi,False,1920
True,True,True,uncertain,upscale1920,False,1.0767499916255474,2211,960,0.9761352529188443,21,1280,True,5.762957967817783,0.6463372506221176,uncertain,True,True,2.300791093148291,6.957291974686086,9.934083092957735,1CV12_12_R_#89.avi,False,1280
True,True,True,uncertain,upscale1920,False,0.621916027739644,2211,720,1.3390188725181746,21,960,True,5.5205830140039325,0.5046132196749492,uncertain,True,True,0.35808293614536524,6.257000030018389,7.006499916315079,1CV12_12_R_#89.avi,False,960
True,True,True,uncertain,upscale1920,False,0.2727080136537552,2211,480,2.878087284135444,21,640,True,4.890125012025237,0.7492934500585761,uncertain,True,True,0.6739579839631915,5.267790984362364,6.191166001372039,1CV12_12_R_#89.avi,False,640
True,True,True,uncertain,upscale1920,False,0.292415963485837,2212,480,3.469437145112587,20,640,True,5.4735420271754265,4.056989045656139,navigation,False,True,0.5837080534547567,5.873415968380868,6.704916013404727,1CV12_12_R_#89.avi,False,640
True,True,True,uncertain,upscale1920,False,0.6642499938607216,2212,720,2.281860650163726,20,960,True,5.364500102587044,2.538417118894324,navigation,False,True,0.2672499977052212,6.170499953441322,6.818208028562367,1CV12_12_R_#89.avi,False,960
True,True,True,uncertain,upscale1920,False,1.1225410271435976,2212,960,0.8849211388273241,20,1280,True,6.339916959404945,0.5315867787041335,navigation,False,True,2.3482079850509763,7.585874991491437,10.403582942672074,1CV12_12_R_#89.avi,False,1280
True,True,True,uncertain,upscale1920,False,1.650791964493692,2212,1440,0.0,20,1920,True,6.851625046692789,0.0,uncertain,True,True,0.1759169390425086,8.628166979178786,9.320624987594783,1CV12_12_R_#89.avi,False,1920
True,True,True,uncertain,upscale1920,False,1.6807079082354903,2213,1440,0.0,21,1920,True,7.236459059640765,0.0,uncertain,True,True,0.13762491289526224,9.050707914866507,9.729875018820167,1CV12_12_R_#89.avi,False,1920
True,True,True,uncertain,upscale1920,False,1.1031670728698373,2213,960,0.831627254512907,21,1280,True,5.557541968300939,0.324926593971118,uncertain,True,True,1.6654579667374492,6.7726250272244215,8.9745830046013,1CV12_12_R_#89.avi,False,1280
True,True,True,uncertain,upscale1920,False,0.6086669163778424,2213,720,1.3136455335090669,21,960,True,5.618166993372142,0.31356006458834934,uncertain,True,True,0.39712502621114254,6.334208999760449,7.245625020004809,1CV12_12_R_#89.avi,False,960
True,True,True,uncertain,upscale1920,False,0.30520791187882423,2213,480,3.575708781649031,21,640,True,4.989459062926471,1.2850925528021557,uncertain,True,True,0.7501249201595783,5.397207918576896,6.391707924194634,1CV12_12_R_#89.avi,False,640
True,True,True,uncertain,upscale1920,False,0.298250000923872,2214,480,4.744948537348936,21,640,True,5.0558330258354545,9.67807021247612,uncertain,True,True,0.602334039285779,5.462707951664925,6.306500057689846,1CV12_12_R_#89.avi,False,640
True,True,True,uncertain,upscale1920,False,0.6083340849727392,2214,720,3.9275923084391384,21,960,True,5.759333027526736,5.350814927124732,uncertain,True,True,0.32416696194559336,6.479709059931338,7.11599993519485,1CV12_12_R_#89.avi,False,960
True,True,True,uncertain,upscale1920,False,0.9359590476378798,2214,960,3.8169552646888434,21,1280,True,5.458332947455347,4.918318893325433,uncertain,True,True,1.9644589629024267,6.496833986602724,8.818416972644627,1CV12_12_R_#89.avi,False,1280
True,True,True,uncertain,upscale1920,False,1.464917091652751,2214,1440,0.0,21,1920,True,6.86000008136034,0.0,uncertain,True,True,0.04458299372345209,8.434583083726466,8.951957919634879,1CV12_12_R_#89.avi,False,1920
True,True,True,victory,upscale1920,True,1.5391659690067172,2215,1440,0.0,21,1920,True,6.965165957808495,0.0,victory,True,True,0.11895806528627872,8.62758292350918,9.22808307223022,1CV12_12_R_#89.avi,False,1920
True,True,True,victory,upscale1920,False,0.9901670273393393,2215,960,0.991079208287439,21,1280,True,5.437624990008771,0.6682166518482519,uncertain,False,True,1.9041249761357903,6.535584107041359,8.838542038574815,1CV12_12_R_#89.avi,False,1280
True,True,True,victory,upscale1920,True,0.6667920388281345,2215,720,0.8025127867372254,21,960,True,5.422582966275513,0.3026003461882087,palm,False,True,0.6627910770475864,6.202875054441392,7.203374989330769,1CV12_12_R_#89.avi,False,960
True,True,True,victory,upscale1920,False,0.30499999411404133,2215,480,3.315997117966237,21,640,True,5.610749940387905,0.5829357112067425,uncertain,False,True,0.6544579518958926,6.021832930855453,6.9177079712972045,1CV12_12_R_#89.avi,False,640
True,True,True,palm,upscale1920,True,0.30304095707833767,2216,480,1.8847843938367066,21,640,True,4.991416004486382,0.20567378623442914,palm,True,True,0.5882909754291177,5.406332900747657,6.4472079975530505,1CV12_12_R_#89.avi,False,640
True,True,True,palm,upscale1920,True,0.616749981418252,2216,720,0.6967104665310513,21,960,True,5.301999975927174,0.47254742873200295,palm,True,True,0.28108409605920315,6.027583032846451,6.919125095009804,1CV12_12_R_#89.avi,False,960
True,True,True,palm,upscale1920,True,1.0250420309603214,2216,960,0.768338133146085,21,1280,True,5.760041065514088,0.5529301709211442,palm,True,True,2.0437920466065407,6.890334072522819,9.312708978541195,1CV12_12_R_#89.avi,False,1280
True,True,True,palm,upscale1920,True,1.5385409351438284,2216,1440,0.0,21,1920,True,7.16016604565084,0.0,palm,True,True,0.2983750309795141,8.808540995232761,9.560207952745259,1CV12_12_R_#89.avi,False,1920
True,False,False,no_hand,native640,False,0.29699993319809437,1891,480,,,640,False,6.00291695445776,,no_hand,True,True,0.08774991147220135,6.426582927815616,6.647083908319473,4CM11_19_R_#17.avi,True,640
False,True,False,no_hand,native640,False,0.19270798657089472,1891,360,,,480,False,5.069958046078682,,uncertain,False,True,0.6129170069471002,5.376292043365538,6.259958958253264,4CM11_19_R_#17.avi,True,480
True,False,False,no_hand,native640,False,0.08050003089010715,1891,240,,,320,False,4.736665985547006,,no_hand,True,True,0.022249994799494743,4.915000055916607,5.0629168981686234,4CM11_19_R_#17.avi,True,320
False,True,False,no_hand,native640,False,0.08170900400727987,1892,240,,,320,False,5.1839579828083515,,uncertain,False,True,0.023000058718025684,5.388666992075741,5.661542061716318,4CM11_19_R_#17.avi,True,320
False,True,False,no_hand,native640,False,0.16758311539888382,1892,360,,,480,False,4.949500085785985,,uncertain,False,True,0.5962499417364597,5.211083102039993,6.073124939575791,4CM11_19_R_#17.avi,True,480
True,False,False,no_hand,native640,False,0.2797080669552088,1892,480,,,640,False,4.808166064321995,,no_hand,True,True,0.000833999365568161,5.188625073060393,5.3367920918390155,4CM11_19_R_#17.avi,True,640
True,False,False,no_hand,native640,False,0.2808331046253443,1893,480,,,640,False,5.36945799831301,,no_hand,True,True,0.0007080379873514175,5.746000097133219,5.831624963320792,4CM11_19_R_#17.avi,True,640
True,False,False,no_hand,native640,False,0.15391700435429811,1893,360,,,480,False,4.982042009942234,,no_hand,True,True,0.602334039285779,5.242332932539284,5.9198340168222785,4CM11_19_R_#17.avi,True,480
False,True,False,no_hand,native640,False,0.07137504871934652,1893,240,,,320,False,5.03825000487268,,uncertain,False,True,0.028208945877850056,5.216042045503855,5.472959019243717,4CM11_19_R_#17.avi,True,320
False,True,False,no_hand,native640,False,0.12141698971390724,1894,240,,,320,False,5.09325007442385,,uncertain,False,True,0.03608304541558027,5.320874974131584,5.589124979451299,4CM11_19_R_#17.avi,True,320
True,False,False,no_hand,native640,False,0.17975002992898226,1894,360,,,480,False,5.160458036698401,,no_hand,True,True,0.6252499297261238,5.445208982564509,6.4189169788733125,4CM11_19_R_#17.avi,True,480
True,False,False,no_hand,native640,False,0.3259159857407212,1894,480,,,640,False,4.792292020283639,,no_hand,True,True,0.001459033228456974,5.214166012592614,5.298000061884522,4CM11_19_R_#17.avi,True,640
True,True,True,victory,native640,True,0.2205410273745656,1895,480,0.0,21,640,False,4.941500024870038,0.0,victory,True,True,0.0009159557521343231,5.266707972623408,5.5183329386636615,4CM11_19_R_#17.avi,True,640
True,True,True,victory,native640,True,0.19062496721744537,1895,360,1.7423366853273534,21,480,False,5.040791002102196,0.5883061500782314,victory,True,True,0.6032079691067338,5.351083003915846,6.2677080277353525,4CM11_19_R_#17.avi,True,480
True,True,True,victory,native640,True,0.10837498120963573,1895,240,6.112803976900738,21,320,False,5.015417002141476,1.9141540427335892,victory,True,True,0.03062502946704626,5.216291057877243,5.457416060380638,4CM11_19_R_#17.avi,True,320
True,True,True,victory,native640,True,0.1079590292647481,1896,240,6.390636565058825,21,320,False,4.769457969814539,1.6932748628985854,victory,True,True,0.03487500362098217,4.981542006134987,5.255916039459407,4CM11_19_R_#17.avi,False,320
True,True,True,victory,native640,True,0.1545419218018651,1896,360,2.1297111897115832,21,480,False,5.300333024933934,0.6265982011070931,victory,True,True,0.5967499455437064,5.580208031460643,6.470041931606829,4CM11_19_R_#17.avi,False,480
True,True,True,victory,native640,True,0.30454201623797417,1896,480,0.0,21,640,False,5.245625041425228,0.0,victory,True,True,0.0010830117389559746,5.656874971464276,6.396458018571138,4CM11_19_R_#17.avi,False,640
True,True,True,victory,native640,True,0.2925840672105551,1897,480,0.0,21,640,False,5.469124997034669,0.0,victory,True,True,0.0009589130058884621,5.86237502284348,6.107749999500811,4CM11_19_R_#17.avi,False,640
True,True,True,victory,native640,True,0.16629102174192667,1897,360,0.7378730311283085,21,480,False,4.995209048502147,0.851451916856425,victory,True,True,0.6258749635890126,5.272125010378659,6.161959026940167,4CM11_19_R_#17.avi,False,480
True,True,True,victory,native640,True,0.10791700333356857,1897,240,1.7745291546218434,21,320,False,5.057250033132732,0.9034459408911125,victory,True,True,0.24233292788267136,5.289291962981224,5.830249981954694,4CM11_19_R_#17.avi,False,320
True,True,True,victory,native640,True,0.13329205103218555,1898,240,1.4174796712415845,21,320,False,5.081624956801534,1.1226487782290833,victory,True,True,0.04583399277180433,5.337458103895187,5.625666934065521,4CM11_19_R_#17.avi,False,320
True,True,True,victory,native640,True,0.1792920520529151,1898,360,0.47917088811061576,21,480,False,4.994667018763721,0.04535333349448348,victory,True,True,0.6182920187711716,5.27079205494374,6.110374932177365,4CM11_19_R_#17.avi,False,480
True,True,True,victory,native640,True,0.23404101375490427,1898,480,0.0,21,640,False,5.231333081610501,0.0,victory,True,True,0.0010409858077764511,5.571790970861912,5.8127500815317035,4CM11_19_R_#17.avi,False,640
True,True,True,victory,native640,True,0.24583295453339815,1899,480,0.0,21,640,False,5.188041948713362,0.0,victory,True,True,0.0009170034900307655,5.541790975257754,5.855916999280453,4CM11_19_R_#17.avi,False,640
True,True,True,victory,native640,True,0.2092079957947135,1899,360,0.38138094355025615,21,480,False,4.873041994869709,0.43684041172684945,victory,True,True,0.6376249948516488,5.1886249566450715,6.092042080126703,4CM11_19_R_#17.avi,False,480
True,True,True,victory,native640,True,0.11100003030151129,1899,240,0.6814965839994835,21,320,False,5.179540952667594,0.8095137389029249,victory,True,True,0.02829195000231266,5.406209034845233,5.678666988387704,4CM11_19_R_#17.avi,False,320
True,True,True,victory,native640,True,0.09099999442696571,1900,240,0.6048434017421017,21,320,False,4.8621660098433495,0.3252519710419548,victory,True,True,0.03329198807477951,5.05658402107656,5.351249943487346,4CM11_19_R_#17.avi,False,320
True,True,True,victory,native640,True,0.15187496319413185,1900,360,0.27737946092931665,21,480,False,4.977707983925939,0.09806800441319584,victory,True,True,0.6069580558687449,5.239584017544985,6.1232500011101365,4CM11_19_R_#17.avi,False,480
True,True,True,victory,native640,True,0.21304201800376177,1900,480,0.0,21,640,False,4.92275005672127,0.0,victory,True,True,0.0014170072972774506,5.261167068965733,5.808166926726699,4CM11_19_R_#17.avi,False,640
True,True,True,victory,native640,True,0.316707999445498,1901,480,0.0,21,640,False,5.587249994277954,0.0,victory,True,True,0.0008329516276717186,6.025083013810217,6.283166003413498,4CM11_19_R_#17.avi,False,640
True,True,True,victory,native640,True,0.18691597506403923,1901,360,0.5155069817272545,21,480,False,4.890250042080879,0.3025258004538751,victory,True,True,0.5970828933641315,5.183540983125567,6.0631249798461795,4CM11_19_R_#17.avi,False,480
True,True,True,victory,native640,True,0.08020794484764338,1901,240,0.7514610123798041,21,320,False,5.206583999097347,0.6144864314011159,victory,True,True,0.039624981582164764,5.3949159337207675,5.694166989997029,4CM11_19_R_#17.avi,False,320
True,True,True,victory,native640,True,0.08391705341637135,1902,240,0.6816510459356206,21,320,False,5.093291983939707,0.36857570397173844,victory,True,True,0.023458036594092846,5.290167056955397,5.82450011279434,4CM11_19_R_#17.avi,False,320
True,True,True,victory,native640,True,0.14758307952433825,1902,360,0.4821923281293122,21,480,False,5.022000055760145,0.23214772282071738,victory,True,True,0.609499984420836,5.296458024531603,6.195707945153117,4CM11_19_R_#17.avi,False,480
True,True,True,victory,native640,True,0.3436249680817127,1902,480,0.0,21,640,False,4.911166965030134,0.0,victory,True,True,0.001249951310455799,5.360667011700571,5.703166942112148,4CM11_19_R_#17.avi,False,640
True,True,True,victory,native640,True,0.3096669679507613,1903,480,0.0,21,640,False,5.3439580369740725,0.0,victory,True,True,0.00100000761449337,5.771249998360872,6.223374977707863,4CM11_19_R_#17.avi,False,640
True,True,True,victory,native640,True,0.20520901307463646,1903,360,0.3699066401696142,21,480,False,5.326333921402693,0.2562189178047224,victory,True,True,0.5938749527558684,5.627124919556081,6.452707923017442,4CM11_19_R_#17.avi,False,480
True,True,True,victory,native640,True,0.08133403025567532,1903,240,0.602371217833525,21,320,False,4.751125001348555,0.21679535218994905,victory,True,True,0.020832987502217293,4.9325000727549195,5.16720802988857,4CM11_19_R_#17.avi,False,320
True,True,True,victory,native640,True,0.07345795165747404,1904,240,0.6264987354266438,21,320,False,4.850542056374252,0.19903155223094113,victory,True,True,0.02287491224706173,5.034541012719274,5.311582935974002,4CM11_19_R_#17.avi,False,320
True,True,True,victory,native640,True,0.1425000373274088,1904,360,0.43173306333090944,21,480,False,5.376374931074679,0.21743628622704006,victory,True,True,0.6085829809308052,5.638499977067113,6.505750003270805,4CM11_19_R_#17.avi,False,480
True,True,True,victory,native640,True,0.29429199639707804,1904,480,0.0,21,640,False,4.935416975058615,0.0,victory,True,True,0.00100000761449337,5.3564999252557755,5.6122500682249665,4CM11_19_R_#17.avi,False,640
True,True,True,victory,native640,True,0.21058297716081142,1905,480,0.0,21,640,False,5.2875831024721265,0.0,victory,True,True,0.0009579816833138466,5.5961249163374305,5.8159580221399665,4CM11_19_R_#17.avi,False,640
True,True,True,victory,native640,True,0.17849996220320463,1905,360,0.3243717617466778,21,480,False,4.932207986712456,0.46795776609457707,victory,True,True,0.6043339380994439,5.216958001255989,6.106958957388997,4CM11_19_R_#17.avi,False,480
True,True,True,victory,native640,True,0.08104194421321154,1905,240,0.5586778020136813,21,320,False,4.907457972876728,0.694444741445737,victory,True,True,0.032542040571570396,5.093666957691312,5.356249981559813,4CM11_19_R_#17.avi,False,320
True,True,True,victory,native640,True,0.0766669400036335,1906,240,0.5877786623201356,21,320,False,5.0637919921427965,0.6625920692133979,victory,True,True,0.021875021047890186,5.2487499779090285,5.494458018802106,4CM11_19_R_#17.avi,False,320
True,True,True,victory,native640,True,0.20370795391499996,1906,360,0.31011451335345624,21,480,False,5.161417066119611,0.22963363855706617,victory,True,True,0.577957951463759,5.473207915201783,6.592166959308088,4CM11_19_R_#17.avi,False,480
True,True,True,victory,native640,True,0.292791984975338,1906,480,0.0,21,640,False,5.298542091622949,0.0,victory,True,True,0.20712497644126415,5.701291956938803,6.187750026583672,4CM11_19_R_#17.avi,False,640
True,True,True,victory,native640,True,0.30499999411404133,1907,480,0.0,21,640,False,5.282958038151264,0.0,victory,True,True,0.0009170034900307655,5.708749988116324,6.0309580294415355,4CM11_19_R_#17.avi,False,640
True,True,True,victory,native640,True,0.18741702660918236,1907,360,0.17734964086940255,21,480,False,5.054167006164789,0.11626920984645253,victory,True,True,0.6212500156834722,5.370125058107078,6.298959022387862,4CM11_19_R_#17.avi,False,480
True,True,True,victory,native640,True,0.08999998681247234,1907,240,0.5132354956018181,21,320,False,4.922791966237128,0.5700635712001831,victory,True,True,0.02437504008412361,5.12950005941093,5.4318750044330955,4CM11_19_R_#17.avi,False,320
True,True,True,victory,native640,True,0.10066595859825611,1908,240,0.5833779874834258,21,320,False,4.976790980435908,0.28202992758101786,victory,True,True,0.03454193938523531,5.179082974791527,5.45429193880409,4CM11_19_R_#17.avi,False,320
True,True,True,victory,native640,True,0.18945802003145218,1908,360,0.23872264491866493,21,480,False,5.035166977904737,0.08554420343523933,victory,True,True,0.6216670153662562,5.3302079904824495,6.442541955038905,4CM11_19_R_#17.avi,False,480
True,True,True,victory,native640,True,0.335542019456625,1908,480,0.0,21,640,False,5.116333020851016,0.0,victory,True,True,0.0010830117389559746,5.558041972108185,5.804333020932972,4CM11_19_R_#17.avi,False,640
True,True,True,victory,native640,True,0.34729193430393934,1909,480,0.0,21,640,False,5.381374969147146,0.0,victory,True,True,0.0009170034900307655,5.83595794159919,6.081792060285807,4CM11_19_R_#17.avi,False,640
True,True,True,victory,native640,True,0.14679203741252422,1909,360,0.5281067289053424,21,480,False,5.082375020720065,0.38258659229424136,victory,True,True,0.6035410333424807,5.334375076927245,6.3983750296756625,4CM11_19_R_#17.avi,False,480
True,True,True,victory,native640,True,0.09033398237079382,1909,240,0.8511399144168809,21,320,False,5.03654102794826,0.6311399533164199,victory,True,True,0.033791991882026196,5.244624917395413,5.5212919833138585,4CM11_19_R_#17.avi,False,320
True,True,True,victory,native640,True,0.07154198829084635,1910,240,0.7336846618561237,21,320,False,4.6790000051259995,0.5093722924272465,victory,True,True,0.02295803278684616,4.872916964814067,5.1220409804955125,4CM11_19_R_#17.avi,False,320
True,True,True,victory,native640,True,0.17754093278199434,1910,360,0.46574227060981765,21,480,False,5.163500085473061,0.2892541164943887,victory,True,True,0.5904169520363212,5.4353749146685,6.2469999538734555,4CM11_19_R_#17.avi,False,480
True,True,True,victory,native640,True,0.22333301603794098,1910,480,0.0,21,640,False,4.811750026419759,0.0,victory,True,True,0.15095795970410109,5.141749978065491,5.545708001591265,4CM11_19_R_#17.avi,False,640
True,True,True,victory,native640,True,0.1917920308187604,1911,480,0.0,21,640,False,5.200332961976528,0.0,victory,True,True,0.0010419171303510666,5.5166250094771385,6.164166959933937,4CM11_19_R_#17.avi,False,640
True,True,True,victory,native640,True,0.2216249704360962,1911,360,0.8808060772815325,21,480,False,5.173709010705352,0.8139042109305901,victory,True,True,0.6005839677527547,5.498833954334259,6.3299169996753335,4CM11_19_R_#17.avi,False,480
True,True,True,victory,native640,True,0.09887502528727055,1911,240,0.6365257408945831,21,320,False,4.988042055629194,0.9659339120612284,victory,True,True,0.04483398515731096,5.179791944101453,5.486042005941272,4CM11_19_R_#17.avi,False,320
True,True,True,victory,native640,True,0.10775006376206875,1912,240,0.5908460125032742,21,320,False,4.906291957013309,0.7596074190293507,victory,True,True,0.037125078961253166,5.121916998177767,5.370666040107608,4CM11_19_R_#17.avi,False,320
True,True,True,victory,native640,True,0.18008402548730373,1912,360,0.8190179764319545,21,480,False,5.076749948784709,0.6673215914071509,victory,True,True,0.5926659796386957,5.378542002290487,6.280540954321623,4CM11_19_R_#17.avi,False,480
True,True,True,victory,native640,True,0.2345839748159051,1912,480,0.0,21,640,False,5.248541943728924,0.0,victory,True,True,0.001125037670135498,5.601166980341077,5.920583033002913,4CM11_19_R_#17.avi,False,640
True,True,True,victory,native640,True,0.3537499578669667,1913,480,0.0,21,640,False,5.465292022563517,0.0,victory,True,True,0.0011249212548136711,5.921332980506122,6.1782499542459846,4CM11_19_R_#17.avi,False,640
True,True,True,victory,native640,True,0.20037498325109482,1913,360,0.34918902617390307,21,480,False,5.006999941542745,0.28929680820649295,victory,True,True,0.6142919883131981,5.313416942954063,6.167084095068276,4CM11_19_R_#17.avi,False,480
True,True,True,victory,native640,True,0.07941597141325474,1913,240,1.4393593187538964,21,320,False,4.947416018694639,0.9450390577100586,victory,True,True,0.02204196061939001,5.135915940627456,5.397249944508076,4CM11_19_R_#17.avi,False,320
True,True,True,victory,native640,True,0.11187500786036253,1914,240,0.993138340050353,21,320,False,5.126375006511807,0.6692238564613084,victory,True,True,0.04195899236947298,5.343500059098005,5.672666942700744,4CM11_19_R_#17.avi,False,320
True,True,True,victory,native640,True,0.1889580162242055,1914,360,0.37077403099906164,21,480,False,5.0061659421771765,0.11911025091275508,victory,True,True,0.6900419248268008,5.292000016197562,6.78929197601974,4CM11_19_R_#17.avi,False,480
True,True,True,victory,native640,True,0.22829207591712475,1914,480,0.0,21,640,False,5.075249937362969,0.0,victory,True,True,0.00100000761449337,5.411416990682483,5.846292013302445,4CM11_19_R_#17.avi,False,640
True,True,True,victory,native640,True,0.28133299201726913,1915,480,0.0,21,640,False,5.468624993227422,0.0,victory,True,True,0.00100000761449337,5.87524997536093,6.156124989502132,4CM11_19_R_#17.avi,False,640
True,True,True,victory,native640,True,0.19758299458771944,1915,360,0.46450829074997707,21,480,False,5.098375026136637,0.33709858876436055,victory,True,True,0.5913339555263519,5.39654097519815,6.21866702567786,4CM11_19_R_#17.avi,False,480
True,True,True,victory,native640,True,0.09062490426003933,1915,240,0.9437899980766143,21,320,False,5.11062506120652,0.8207489119333193,victory,True,True,0.024250010028481483,5.295499926432967,5.537749966606498,4CM11_19_R_#17.avi,False,320
True,True,True,victory,native640,True,0.07095898035913706,1916,240,1.0426234935730943,21,320,False,5.289457971230149,0.9346495604461778,victory,True,True,0.02237502485513687,5.46645896974951,5.721875000745058,4CM11_19_R_#17.avi,False,320
True,True,True,victory,native640,True,0.17554208170622587,1916,360,0.6749650140486975,21,480,False,5.159499938599765,0.7132514957294862,victory,True,True,0.613874988630414,5.445583024993539,6.384791922755539,4CM11_19_R_#17.avi,False,480
True,True,True,victory,native640,True,0.26908295694738626,1916,480,0.0,21,640,False,5.349709070287645,0.0,victory,True,True,0.0012080417945981026,5.735125043429434,5.9816669672727585,4CM11_19_R_#17.avi,False,640
True,True,True,victory,native640,True,0.3950420068576932,1917,480,0.0,21,640,False,5.2461669547483325,0.0,victory,True,True,0.00100000761449337,5.744082969613373,6.0107080498710275,4CM11_19_R_#17.avi,False,640
True,True,True,victory,native640,True,0.18441700376570225,1917,360,0.3540615391018217,21,480,False,5.4562080185860395,0.21736744949052542,victory,True,True,0.5998749984428287,5.75991696678102,6.668707937933505,4CM11_19_R_#17.avi,False,480
True,True,True,victory,native640,True,0.08695898577570915,1917,240,0.5760034503047454,21,320,False,4.954208969138563,0.4761990000042077,victory,True,True,0.023208092898130417,5.161375040188432,5.464042071253061,4CM11_19_R_#17.avi,False,320
True,True,True,victory,native640,True,0.12979202438145876,1918,240,0.5129824834745514,21,320,False,4.9787500174716115,0.40886830196912527,victory,True,True,0.043625012040138245,5.227499990724027,5.534042022190988,4CM11_19_R_#17.avi,False,320
True,True,True,victory,native640,True,0.191875034943223,1918,360,0.25697558231503037,21,480,False,5.575499963015318,0.22079850854562358,victory,True,True,0.6157919997349381,5.873040994629264,6.719582946971059,4CM11_19_R_#17.avi,False,480
True,True,True,victory,native640,True,0.28687494341284037,1918,480,0.0,21,640,False,5.398749955929816,0.0,victory,True,True,0.0010419171303510666,5.801082937978208,6.377166952006519,4CM11_19_R_#17.avi,False,640
True,True,True,victory,native640,True,0.25283300783485174,1919,480,0.0,21,640,False,5.629500024951994,0.0,victory,True,True,0.0009579816833138466,5.998582928441465,6.296125007793307,4CM11_19_R_#17.avi,False,640
True,True,True,victory,native640,True,0.16795797273516655,1919,360,0.24523134256036166,21,480,False,5.12812496162951,0.06322882365999519,victory,True,True,0.6154170259833336,5.41183294262737,6.981041980907321,4CM11_19_R_#17.avi,False,480
True,True,True,victory,native640,True,0.07875007577240467,1919,240,1.2570127083559968,21,320,False,5.028582992963493,1.84506467406,victory,True,True,0.0310409814119339,5.208334070630372,5.450916010886431,4CM11_19_R_#17.avi,False,320
True,True,True,victory,native640,True,0.07316702976822853,1920,240,0.3106879440519893,21,320,False,5.605833022855222,0.15019367729502606,victory,True,True,0.0226249685510993,5.77712501399219,6.028166972100735,4CM11_19_R_#17.avi,False,320
True,True,True,victory,native640,True,0.1722919987514615,1920,360,0.29965997750501366,21,480,False,5.403249990195036,0.1534799487713597,victory,True,True,0.6044169422239065,5.692249978892505,6.571291945874691,4CM11_19_R_#17.avi,False,480
True,True,True,victory,native640,True,0.24587498046457767,1920,480,0.0,21,640,False,5.353249958716333,0.0,victory,True,True,0.02108304761350155,5.739666987210512,6.04350003413856,4CM11_19_R_#17.avi,False,640
True,True,True,victory,native640,True,0.21291605662554502,1921,480,0.0,21,640,False,5.6515829637646675,0.0,victory,True,True,0.0010830117389559746,5.977499997243285,6.229749997146428,4CM11_19_R_#17.avi,False,640
True,True,True,victory,native640,True,0.17795898020267487,1921,360,0.1981007493190298,21,480,False,6.232458050362766,0.15180584293676141,victory,True,True,0.6019170396029949,6.515542045235634,7.391624967567623,4CM11_19_R_#17.avi,False,480
True,True,True,victory,native640,True,0.09845802560448647,1921,240,0.3651369526624064,21,320,False,5.289166001603007,0.46335043649890506,victory,True,True,0.04529207944869995,5.510708084329963,5.806625005789101,4CM11_19_R_#17.avi,False,320
True,True,True,victory,native640,True,0.13774994295090437,1922,240,0.35315420063205105,21,320,False,4.962083068676293,0.40837572694588364,victory,True,True,0.040749902836978436,5.245500011369586,5.571457906626165,4CM11_19_R_#17.avi,False,320
True,True,True,victory,native640,True,0.19200006499886513,1922,360,0.2035757026482369,21,480,False,5.276916897855699,0.027419647506879398,victory,True,True,0.5985830212011933,5.581125034950674,6.431833025999367,4CM11_19_R_#17.avi,False,480
True,True,True,victory,native640,True,0.24899991694837809,1922,480,0.0,21,640,False,5.395375075750053,0.0,victory,True,True,0.23791694547981024,5.76349999755621,6.3027499709278345,4CM11_19_R_#17.avi,False,640
True,True,True,victory,native640,True,0.3403750015422702,1923,480,0.0,21,640,False,5.594708025455475,0.0,victory,True,True,0.001208973117172718,6.06924993917346,6.360667059198022,4CM11_19_R_#17.avi,False,640
True,True,True,victory,native640,True,0.2050419570878148,1923,360,1.294661060188885,21,480,False,5.698499968275428,1.1679572459618999,victory,True,True,0.5998749984428287,6.010917015373707,6.867166957817972,4CM11_19_R_#17.avi,False,480
True,True,True,victory,native640,True,0.11395791079849005,1923,240,1.0549667881156308,21,320,False,5.048791994340718,0.7527648381524271,victory,True,True,0.04445889499038458,5.267790984362364,5.539208999834955,4CM11_19_R_#17.avi,False,320
True,True,True,victory,native640,True,0.07933401502668858,1924,240,1.00469960303544,21,320,False,5.6932499865069985,0.7018482675684027,victory,True,True,0.026667024940252304,5.8865840546786785,6.17716705892235,4CM11_19_R_#17.avi,False,320
True,True,True,victory,native640,True,0.19112497102469206,1924,360,0.1935538928787552,21,480,False,5.494709010235965,0.025437116755887335,victory,True,True,0.6256659980863333,5.804333020932972,6.669415975920856,4CM11_19_R_#17.avi,False,480
True,True,True,victory,native640,True,0.2511669881641865,1924,480,0.0,21,640,False,5.308791995048523,0.0,victory,True,True,0.0010420335456728935,5.67166693508625,6.2223749700933695,4CM11_19_R_#17.avi,False,640
True,True,True,victory,native640,True,0.2519999397918582,1925,480,0.0,21,640,False,5.524249980226159,0.0,victory,True,True,0.0008749775588512421,5.877583986148238,6.139707984402776,4CM11_19_R_#17.avi,False,640
True,True,True,victory,native640,True,0.1862079370766878,1925,360,0.32581461192357536,21,480,False,5.493042059242725,0.31048334084422424,victory,True,True,0.5931250052526593,5.784790962934494,6.808666046708822,4CM11_19_R_#17.avi,False,480
True,True,True,victory,native640,True,0.11866691056638956,1925,240,1.196518146060632,21,320,False,5.636541987769306,1.1208417282136927,victory,True,True,0.022709020413458347,5.872791982255876,6.158917094580829,4CM11_19_R_#17.avi,False,320
True,True,True,victory,native640,True,0.10220799595117569,1926,240,1.1873740649511073,21,320,False,4.952625022269785,1.137470582392451,victory,True,True,0.02504093572497368,5.16587495803833,5.426540970802307,4CM11_19_R_#17.avi,False,320
True,True,True,victory,native640,True,0.19858404994010925,1926,360,0.29901726666809375,21,480,False,5.437875050120056,0.27574907422303335,victory,True,True,0.5987089825794101,5.745084024965763,6.603541900403798,4CM11_19_R_#17.avi,False,480
True,True,True,victory,native640,True,0.2465000143274665,1926,480,0.0,21,640,False,5.636791931465268,0.0,victory,True,True,0.0010830117389559746,5.99454203620553,6.294417078606784,4CM11_19_R_#17.avi,False,640
True,True,True,victory,native640,True,0.2394580515101552,1927,480,0.0,21,640,False,8.450624998658895,0.0,victory,True,True,0.0009160721674561501,8.798792026937008,9.04412497766316,4CM11_19_R_#17.avi,False,640
True,True,True,victory,native640,True,0.18441700376570225,1927,360,0.1991369176674229,21,480,False,5.4442920954898,0.1625793598612694,victory,True,True,0.6081248866394162,5.730791948735714,6.574999890290201,4CM11_19_R_#17.avi,False,480
True,True,True,victory,native640,True,0.08399994112551212,1927,240,0.41890298859495756,21,320,False,5.108042038045824,0.36547885788868545,victory,True,True,0.022000051103532314,5.293832975439727,5.543208098970354,4CM11_19_R_#17.avi,False,320
True,True,True,victory,native640,True,0.07608404848724604,1928,240,0.4687803178089292,21,320,False,4.982791957445443,0.4092551235250998,victory,True,True,0.02308306284248829,5.179709056392312,5.63079200219363,4CM11_19_R_#17.avi,False,320
True,True,True,victory,native640,True,0.20270899403840303,1928,360,0.24536615297525766,21,480,False,5.344167002476752,0.25955677939138444,victory,True,True,0.5988329648971558,5.659334012307227,6.504958029836416,4CM11_19_R_#17.avi,False,480
True,True,True,victory,native640,True,0.337416073307395,1928,480,0.0,21,640,False,5.1905830623582006,0.0,victory,True,True,0.0009579816833138466,5.635500070638955,6.106124958023429,4CM11_19_R_#17.avi,False,640
True,True,True,victory,native640,True,0.45441603288054466,1929,480,0.0,21,640,False,5.385915981605649,0.0,victory,True,True,0.0010830117389559746,5.9524159878492355,6.224541924893856,4CM11_19_R_#17.avi,False,640
True,True,True,victory,native640,True,0.16820791643112898,1929,360,0.2509339459435388,21,480,False,5.53116702940315,0.4897549926782718,victory,True,True,0.6238750647753477,5.83145790733397,7.0052919909358025,4CM11_19_R_#17.avi,False,480
True,True,True,victory,native640,True,0.15658303163945675,1929,240,0.3543772911484286,21,320,False,5.251333932392299,0.5384126485540097,victory,True,True,0.04595797508955002,5.520166014321148,5.824457970447838,4CM11_19_R_#17.avi,False,320
True,True,True,victory,native640,True,0.10241696145385504,1930,240,0.32644446924361165,21,320,False,5.644583026878536,0.31563125716608753,victory,True,True,0.024916022084653378,5.870416993275285,6.179833086207509,4CM11_19_R_#17.avi,False,320
True,True,True,victory,native640,True,0.19362499006092548,1930,360,0.23802663860582193,21,480,False,5.339625058695674,0.25885532851180126,victory,True,True,0.5903330165892839,5.650583072565496,6.594375008717179,4CM11_19_R_#17.avi,False,480
True,True,True,victory,native640,True,0.2668750239536166,1930,480,0.0,21,640,False,5.671833991073072,0.0,victory,True,True,0.0024170149117708206,6.080875056795776,6.425792002119124,4CM11_19_R_#17.avi,False,640
True,False,False,no_hand,upscale1920,False,1.5937909483909607,1891,1440,,,1920,False,7.889042026363313,,no_hand,True,True,0.0025830231606960297,9.610333014279604,10.016250074841082,4CM11_19_R_#17.avi,True,1920
True,False,False,no_hand,upscale1920,False,1.0275410022586584,1891,960,,,1280,False,7.776707992888987,,no_hand,True,True,1.9855410791933537,8.959540980868042,11.273415992036462,4CM11_19_R_#17.avi,True,1280
True,False,False,no_hand,upscale1920,False,0.6567919626832008,1891,720,,,960,False,6.583583075553179,,no_hand,True,True,0.405333936214447,7.36950000282377,8.0238749505952,4CM11_19_R_#17.avi,True,960
True,False,False,no_hand,upscale1920,False,0.3014160320162773,1891,480,,,640,False,7.566208019852638,,no_hand,True,True,0.6578750908374786,7.9902500146999955,8.899500011466444,4CM11_19_R_#17.avi,True,640
True,False,False,no_hand,upscale1920,False,0.3398749977350235,1892,480,,,640,False,7.433583028614521,,no_hand,True,True,0.7579999510198832,7.91358295828104,8.816165965981781,4CM11_19_R_#17.avi,True,640
True,False,False,no_hand,upscale1920,False,0.6645409157499671,1892,720,,,960,False,7.129375007934868,,no_hand,True,True,0.30325003899633884,7.911207969300449,8.658249978907406,4CM11_19_R_#17.avi,True,960
True,False,False,no_hand,upscale1920,False,1.2185419909656048,1892,960,,,1280,False,8.506833924911916,,no_hand,True,True,1.9239169778302312,9.852082934230566,12.069249991327524,4CM11_19_R_#17.avi,True,1280
True,False,False,no_hand,upscale1920,False,1.5489578945562243,1892,1440,,,1920,False,9.63049998972565,,no_hand,True,True,0.012874952517449856,11.298249941319227,11.643833015114069,4CM11_19_R_#17.avi,True,1920
True,False,False,no_hand,upscale1920,False,1.6525420360267162,1893,1440,,,1920,False,9.857499971985817,,no_hand,True,True,0.20554102957248688,11.630000080913305,12.188041000626981,4CM11_19_R_#17.avi,True,1920
True,False,False,no_hand,upscale1920,False,1.0374999837949872,1893,960,,,1280,False,9.423417039215565,,no_hand,True,True,2.30470800306648,10.572833940386772,13.181125046685338,4CM11_19_R_#17.avi,True,1280
True,False,False,no_hand,upscale1920,False,0.6963330088183284,1893,720,,,960,False,9.339125012047589,,no_hand,True,True,0.3547919914126396,10.143582941964269,10.74458402581513,4CM11_19_R_#17.avi,True,960
True,False,False,no_hand,upscale1920,False,0.3237080527469516,1893,480,,,640,False,8.908499963581562,,no_hand,True,True,0.8195830741897225,9.353458066470921,10.459917015396059,4CM11_19_R_#17.avi,True,640
True,False,False,no_hand,upscale1920,False,0.28124998789280653,1894,480,,,640,False,8.843000046908855,,no_hand,True,True,0.600875006057322,9.241790976375341,9.983625030145049,4CM11_19_R_#17.avi,True,640
True,False,False,no_hand,upscale1920,False,0.6461669690907001,1894,720,,,960,False,9.102332987822592,,no_hand,True,True,0.31575001776218414,9.87137493211776,10.399000020697713,4CM11_19_R_#17.avi,True,960
True,False,False,no_hand,upscale1920,False,0.9902080055326223,1894,960,,,1280,False,9.408707963302732,,no_hand,True,True,2.1262499503791332,10.528625105507672,12.984458939172328,4CM11_19_R_#17.avi,True,1280
True,False,False,no_hand,upscale1920,False,1.691834069788456,1894,1440,,,1920,False,10.369875002652407,,no_hand,True,True,0.09095796849578619,12.193125090561807,12.642250047065318,4CM11_19_R_#17.avi,True,1920
True,True,True,victory,upscale1920,True,1.6132090240716934,1895,1440,0.0,21,1920,False,11.058958014473319,0.0,victory,True,True,0.13233302161097527,12.800624943338335,13.490458019077778,4CM11_19_R_#17.avi,True,1920
True,True,True,victory,upscale1920,True,1.0051249992102385,1895,960,1.225371922920134,21,1280,False,9.371457970701158,0.30647958952571447,victory,True,True,1.961749978363514,10.513917077332735,13.016083976253867,4CM11_19_R_#17.avi,True,1280
True,True,True,victory,upscale1920,True,0.6204999517649412,1895,720,2.1333687818525293,21,960,False,9.8288330482319,0.1917699159521463,victory,True,True,0.5278750322759151,10.580457979813218,11.54904195573181,4CM11_19_R_#17.avi,True,960
True,True,True,victory,upscale1920,True,0.40725001599639654,1895,480,1.6202760787127484,21,640,False,9.304750012233853,0.45092593301706035,victory,True,True,0.78541599214077,9.862250066362321,11.064040940254927,4CM11_19_R_#17.avi,True,640
True,True,True,victory,upscale1920,True,0.36691699642688036,1896,480,1.661468090596318,21,640,False,9.280167054384947,0.31750887707772135,victory,True,True,0.6549579557031393,9.778791922144592,10.782041936181486,4CM11_19_R_#17.avi,False,640
True,True,True,victory,upscale1920,True,0.740166986361146,1896,720,1.2852738946911615,21,960,False,9.251167066395283,0.061003825968013355,victory,True,True,0.31016708817332983,10.100875049829483,10.855333996005356,4CM11_19_R_#17.avi,False,960
True,True,True,victory,upscale1920,True,1.065832911990583,1896,960,1.4260418653027256,21,1280,False,9.626833023503423,0.3525650553791451,victory,True,True,2.52995896153152,10.811207932420075,14.368250034749508,4CM11_19_R_#17.avi,False,1280
True,True,True,victory,upscale1920,True,1.59837503451854,1896,1440,0.0,21,1920,False,10.501166922040284,0.0,victory,True,True,0.036375015042722225,12.220208998769522,12.772375019267201,4CM11_19_R_#17.avi,False,1920
True,True,True,victory,upscale1920,True,1.5507920179516077,1897,1440,0.0,21,1920,False,10.753207956440747,0.0,victory,True,True,0.08416594937443733,12.422624975442886,13.028249959461391,4CM11_19_R_#17.avi,False,1920
True,True,True,victory,upscale1920,True,1.0390420211479068,1897,960,0.7246398563348844,21,1280,False,9.678208967670798,0.1428231265783851,victory,True,True,1.9841250032186508,10.842000017873943,13.463708921335638,4CM11_19_R_#17.avi,False,1280
True,True,True,victory,upscale1920,True,0.5946659948676825,1897,720,0.41378095516340674,21,960,False,9.233165998011827,0.2079574683262437,victory,True,True,0.37645804695785046,9.940874995663762,10.732499998994172,4CM11_19_R_#17.avi,False,960
True,True,True,victory,upscale1920,True,0.31945796217769384,1897,480,0.7903888887394098,21,640,False,8.849000092595816,0.3092681537789301,victory,True,True,0.9075839770957828,9.307790896855295,11.257917038165033,4CM11_19_R_#17.avi,False,640
True,True,True,victory,upscale1920,True,0.28129201382398605,1898,480,0.5874930470465619,21,640,False,9.006707929074764,0.5468364498694444,victory,True,True,0.6329169264063239,9.427958051674068,10.450083995237947,4CM11_19_R_#17.avi,False,640
True,True,True,victory,upscale1920,True,0.698584015481174,1898,720,0.24830418798790005,21,960,False,9.070458938367665,0.1063773493007359,victory,True,True,0.3385420423001051,9.896084084175527,10.686249937862158,4CM11_19_R_#17.avi,False,960
True,True,True,victory,upscale1920,True,1.122250105254352,1898,960,0.8935219187091069,21,1280,False,9.59120795596391,0.5538948666780563,victory,True,True,1.9370829686522484,10.829333099536598,13.21145799010992,4CM11_19_R_#17.avi,False,1280
True,True,True,victory,upscale1920,True,1.6487910179421306,1898,1440,0.0,21,1920,False,10.943750035949051,0.0,victory,True,True,0.05112495273351669,12.73075002245605,13.404750032350421,4CM11_19_R_#17.avi,False,1920
True,True,True,victory,upscale1920,True,1.736333011649549,1899,1440,0.0,21,1920,False,11.467500007711351,0.0,victory,True,True,0.15083304606378078,13.347207917831838,14.235750073567033,4CM11_19_R_#17.avi,False,1920
True,True,True,victory,upscale1920,True,1.1094160145148635,1899,960,0.16085139041182586,21,1280,False,9.976291097700596,0.0603508888528396,victory,True,True,1.9436250440776348,11.210166034288704,13.760667061433196,4CM11_19_R_#17.avi,False,1280
True,True,True,victory,upscale1920,True,0.6513750413432717,1899,720,0.19210410579715537,21,960,False,9.543249965645373,0.08411506135409465,victory,True,True,0.39258296601474285,10.323333088308573,11.20325003284961,4CM11_19_R_#17.avi,False,960
True,True,True,victory,upscale1920,True,0.3278750227764249,1899,480,0.44579517729628837,21,640,False,8.819208946079016,0.38647198271401006,victory,True,True,0.7552920142188668,9.259417071007192,10.387167101725936,4CM11_19_R_#17.avi,False,640
True,True,True,victory,upscale1920,True,0.33654109574854374,1900,480,0.37792358718439556,21,640,False,9.122165967710316,0.32992399571014325,victory,True,True,0.6081669125705957,9.586458094418049,10.592582984827459,4CM11_19_R_#17.avi,False,640
True,True,True,victory,upscale1920,True,0.6271250313147902,1900,720,0.1605341707211959,21,960,False,8.847750024870038,0.11365338673953382,victory,True,True,0.34541706554591656,9.593750000931323,10.4344590799883,4CM11_19_R_#17.avi,False,960
True,True,True,victory,upscale1920,True,1.0758329881355166,1900,960,0.1759757094901795,21,1280,False,9.303374914452434,0.08407404383869745,victory,True,True,1.8534580012783408,10.496041970327497,12.95487501192838,4CM11_19_R_#17.avi,False,1280
True,True,True,victory,upscale1920,True,1.6562920063734055,1900,1440,0.0,21,1920,False,10.590125108137727,0.0,victory,True,True,0.1702920999377966,12.381084030494094,13.17375001963228,4CM11_19_R_#17.avi,False,1920
True,True,True,victory,upscale1920,True,1.564042060635984,1901,1440,0.0,21,1920,False,10.56020800024271,0.0,victory,True,True,0.21175004076212645,12.257792055606842,13.053041999228299,4CM11_19_R_#17.avi,False,1920
True,True,True,victory,upscale1920,True,1.0785000631585717,1901,960,0.11338434361222091,21,1280,False,9.457458043470979,0.037541782840299194,victory,True,True,1.99141597840935,10.675458004698157,13.230041018687189,4CM11_19_R_#17.avi,False,1280
True,True,True,victory,upscale1920,True,0.6767919985577464,1901,720,0.22993060379774807,21,960,False,9.090707986615598,0.08379080722111214,victory,True,True,0.34541694913059473,9.897249983623624,10.680249892175198,4CM11_19_R_#17.avi,False,960
True,True,True,victory,upscale1920,True,0.31649996526539326,1901,480,0.2939546742276035,21,640,False,8.876916952431202,0.16585597542624753,victory,True,True,0.7062499644234776,9.307542000897229,10.376791004091501,4CM11_19_R_#17.avi,False,640
True,True,True,victory,upscale1920,True,0.3201250219717622,1902,480,0.5002552253802003,21,640,False,8.946332964114845,0.24314050417890357,victory,True,True,0.6314999191090465,9.39662498421967,10.398416896350682,4CM11_19_R_#17.avi,False,640
True,True,True,victory,upscale1920,True,0.6197500042617321,1902,720,0.26713298162489274,21,960,False,9.373457985930145,0.1180277802316739,victory,True,True,0.7767920615151525,10.12787502259016,11.308000073768198,4CM11_19_R_#17.avi,False,960
True,True,True,victory,upscale1920,True,1.0740419384092093,1902,960,0.17381509061291886,21,1280,False,9.459041990339756,0.010684166210579169,victory,True,True,2.063458086922765,10.656457976438105,13.21808306965977,4CM11_19_R_#17.avi,False,1280
True,True,True,victory,upscale1920,True,1.5953340334817767,1902,1440,0.0,21,1920,False,10.445958003401756,0.0,victory,True,True,0.45312498696148396,12.155249947682023,13.105250080116093,4CM11_19_R_#17.avi,False,1920
True,True,True,victory,upscale1920,True,1.5970419626682997,1903,1440,0.0,21,1920,False,10.712374933063984,0.0,victory,True,True,0.11545803863555193,12.430374976247549,13.06950009893626,4CM11_19_R_#17.avi,False,1920
True,True,True,victory,upscale1920,True,1.0319170542061329,1903,960,0.11814609064381425,21,1280,False,9.334083995781839,0.08669389473779468,victory,True,True,1.9750839564949274,10.48775005619973,12.946458999067545,4CM11_19_R_#17.avi,False,1280
True,True,True,victory,upscale1920,True,0.6882089655846357,1903,720,1.1531973643475777,21,960,False,9.185542003251612,0.8032325561762663,victory,True,True,0.33504096791148186,9.997999994084239,11.26137503888458,4CM11_19_R_#17.avi,False,960
True,True,True,victory,upscale1920,True,0.34158292692154646,1903,480,1.2547299210938996,21,640,False,9.201625012792647,0.7751176025705737,victory,True,True,1.0267500765621662,9.679999900981784,11.025084066204727,4CM11_19_R_#17.avi,False,640
True,True,True,victory,upscale1920,True,0.2923749852925539,1904,480,1.2439146649327988,21,640,False,8.745917002670467,0.8400411321583068,victory,True,True,0.6213330198079348,9.162124944850802,10.108916088938713,4CM11_19_R_#17.avi,False,640
True,True,True,victory,upscale1920,True,0.5932910135015845,1904,720,0.16875663147440292,21,960,False,10.010791011154652,0.16056535695222324,victory,True,True,0.30112499371171,10.729250032454729,11.43108296673745,4CM11_19_R_#17.avi,False,960
True,True,True,victory,upscale1920,True,1.0108749847859144,1904,960,0.14220596770957075,21,1280,False,9.425457916222513,0.1136432184929215,victory,True,True,2.741832984611392,10.552415973506868,13.826207956299186,4CM11_19_R_#17.avi,False,1280
True,True,True,victory,upscale1920,True,1.519541023299098,1904,1440,0.0,21,1920,False,10.436790995299816,0.0,victory,True,True,0.04858302418142557,12.0748330373317,12.691125040873885,4CM11_19_R_#17.avi,False,1920
True,True,True,victory,upscale1920,True,1.6767919296398759,1905,1440,0.0,21,1920,False,10.834707994945347,0.0,victory,True,True,0.07266702596098185,12.629624921828508,13.269208022393286,4CM11_19_R_#17.avi,False,1920
True,True,True,victory,upscale1920,True,1.1769999982789159,1905,960,0.10023297428514935,21,1280,False,9.595041978172958,0.08425994041504367,victory,True,True,2.1319580264389515,10.903208050876856,13.551791082136333,4CM11_19_R_#17.avi,False,1280
True,True,True,victory,upscale1920,True,0.6619590567424893,1905,720,0.17756101270018412,21,960,False,9.464875096455216,0.2407000974343178,victory,True,True,0.39733294397592545,10.247375001199543,11.199624976143241,4CM11_19_R_#17.avi,False,960
True,True,True,victory,upscale1920,True,0.40087499655783176,1905,480,0.28130421813523904,21,640,False,9.233208955265582,0.11992236110753471,victory,True,True,0.681916018947959,9.761332999914885,10.825374978594482,4CM11_19_R_#17.avi,False,640
True,True,True,victory,upscale1920,True,0.33599999733269215,1906,480,0.2291040087359828,21,640,False,9.209666983224452,0.13868082700338863,victory,True,True,0.6358750397339463,9.676583926193416,10.673874989151955,4CM11_19_R_#17.avi,False,640
True,True,True,victory,upscale1920,True,0.7295000832527876,1906,720,0.10745425033177934,21,960,False,9.241749998182058,0.0987001832386431,victory,True,True,0.509583973325789,10.117500089108944,11.169416946358979,4CM11_19_R_#17.avi,False,960
True,True,True,victory,upscale1920,True,1.227458007633686,1906,960,0.061552371263384295,21,1280,False,9.40637500025332,0.03570460864355686,victory,True,True,2.223542076535523,10.760916979052126,13.613083050586283,4CM11_19_R_#17.avi,False,1280
True,True,True,victory,upscale1920,True,1.602665986865759,1906,1440,0.0,21,1920,False,10.386041016317904,0.0,victory,True,True,0.05058397073298693,12.113790959119797,12.686041998676956,4CM11_19_R_#17.avi,False,1920
True,True,True,victory,upscale1920,True,1.663625007495284,1907,1440,0.0,21,1920,False,10.643666959367692,0.0,victory,True,True,0.11333310976624489,12.442040955647826,13.07041710242629,4CM11_19_R_#17.avi,False,1920
True,True,True,victory,upscale1920,True,1.0921669891104102,1907,960,0.10841367486445419,21,1280,False,9.24487505108118,0.1314922955400949,victory,True,True,1.6912909923121333,10.462624952197075,12.778416043147445,4CM11_19_R_#17.avi,False,1280
True,True,True,victory,upscale1920,True,0.7200000109151006,1907,720,0.12023182119434433,21,960,False,9.055458009243011,0.12778293268828242,victory,True,True,0.3692909376695752,9.89624997600913,10.668249917216599,4CM11_19_R_#17.avi,False,960
True,True,True,victory,upscale1920,True,0.3159580519422889,1907,480,0.1544574343351376,21,640,False,8.84245801717043,0.14776106416948165,victory,True,True,0.6511249812319875,9.276499971747398,10.459707933478057,4CM11_19_R_#17.avi,False,640
True,True,True,victory,upscale1920,True,0.3647089470177889,1908,480,0.20511519847039153,21,640,False,8.737124968320131,0.13180629327400353,victory,True,True,0.7488749688491225,9.225292014889419,10.376582969911397,4CM11_19_R_#17.avi,False,640
True,True,True,victory,upscale1920,True,0.6266250275075436,1908,720,0.11950561201080918,21,960,False,9.028875036165118,0.007837346360651492,victory,True,True,0.3052500542253256,9.771291981451213,10.426791035570204,4CM11_19_R_#17.avi,False,960
True,True,True,victory,upscale1920,True,1.0454580187797546,1908,960,0.19246718203236748,21,1280,False,9.437082917429507,0.13760329959690495,victory,True,True,2.0117079839110374,10.645708069205284,13.3004579693079,4CM11_19_R_#17.avi,False,1280
True,True,True,victory,upscale1920,True,1.6207500593736768,1908,1440,0.0,21,1920,False,10.675458004698157,0.0,victory,True,True,0.39095792453736067,12.426125002093613,13.416541973128915,4CM11_19_R_#17.avi,False,1920
True,True,True,victory,upscale1920,True,1.6742500010877848,1909,1440,0.0,21,1920,False,10.778750060126185,0.0,victory,True,True,0.1112079480662942,12.584125041030347,13.255624915473163,4CM11_19_R_#17.avi,False,1920
True,True,True,victory,upscale1920,True,1.007791026495397,1909,960,0.1498453236749982,21,1280,False,9.470166987739503,0.15427557316843554,victory,True,True,1.9162909593433142,10.613291058689356,13.258415972813964,4CM11_19_R_#17.avi,False,1280
True,True,True,victory,upscale1920,True,0.6710829911753535,1909,720,0.17159262041888465,21,960,False,8.991584065370262,0.07736390391905536,victory,True,True,0.5599160213023424,9.787790942937136,10.749332956038415,4CM11_19_R_#17.avi,False,960
True,True,True,victory,upscale1920,True,0.31479191966354847,1909,480,0.3207762975986503,21,640,False,9.03904193546623,0.005717975440231852,victory,True,True,0.8397500496357679,9.487708914093673,10.682792053557932,4CM11_19_R_#17.avi,False,640
True,True,True,victory,upscale1920,True,0.3462500171735883,1910,480,0.3774241909731699,21,640,False,8.858125074766576,0.156064761896522,victory,True,True,0.6197500042617321,9.348917054012418,10.380375082604587,4CM11_19_R_#17.avi,False,640
True,True,True,victory,upscale1920,True,0.6871670484542847,1910,720,0.17613935048029833,21,960,False,9.258167003281415,0.04926526170202005,victory,True,True,0.30729197897017,10.095917037688196,10.964417015202343,4CM11_19_R_#17.avi,False,960
True,True,True,victory,upscale1920,True,1.0407919762656093,1910,960,0.10851152447246955,21,1280,False,9.527791989967227,0.08711228927759149,victory,True,True,2.0565000595524907,10.690958937630057,13.246042071841657,4CM11_19_R_#17.avi,False,1280
True,True,True,victory,upscale1920,True,1.5807909658178687,1910,1440,0.0,21,1920,False,10.53987501654774,0.0,victory,True,True,0.555708073079586,12.253957916982472,13.421333045698702,4CM11_19_R_#17.avi,False,1920
True,True,True,victory,upscale1920,True,1.703375019133091,1911,1440,0.0,21,1920,False,11.528250062838197,0.0,victory,True,True,0.11695793364197016,13.36400001309812,13.974207919090986,4CM11_19_R_#17.avi,False,1920
True,True,True,victory,upscale1920,True,0.9948749793693423,1911,960,0.40341765417287995,21,1280,False,9.354874957352877,0.5130803366896021,victory,True,True,1.9099169876426458,10.477083967998624,12.88549997843802,4CM11_19_R_#17.avi,False,1280
True,True,True,victory,upscale1920,True,0.6782920099794865,1911,720,1.104459332882022,21,960,False,9.844165993854403,0.9113385093221524,victory,True,True,0.31958299223333597,10.650667012669146,11.459333007223904,4CM11_19_R_#17.avi,False,960
True,True,True,victory,upscale1920,True,0.3310000756755471,1911,480,1.0681929201742943,21,640,False,8.878165972419083,1.012118286480884,victory,True,True,0.7941670482978225,9.342000004835427,10.562916984781623,4CM11_19_R_#17.avi,False,640
True,True,True,victory,upscale1920,True,0.3540420439094305,1912,480,0.6204241241842304,21,640,False,9.042958030477166,0.413657399486474,victory,True,True,0.6103339837864041,9.52566706109792,10.52954199258238,4CM11_19_R_#17.avi,False,640
True,True,True,victory,upscale1920,True,0.5709590623155236,1912,720,0.16464548955242292,21,960,False,8.865499985404313,0.1336091866572311,victory,True,True,0.23416592739522457,9.541334002278745,10.101915919221938,4CM11_19_R_#17.avi,False,960
True,True,True,victory,upscale1920,True,0.994333066046238,1912,960,0.1433280895496334,21,1280,False,9.035416995175183,0.06971810896368565,victory,True,True,1.9337910925969481,10.157875018194318,12.969541014172137,4CM11_19_R_#17.avi,False,1280
True,True,True,victory,upscale1920,True,1.6754170646890998,1912,1440,0.0,21,1920,False,10.851957951672375,0.0,victory,True,True,0.21787500008940697,12.646417017094791,13.464999967254698,4CM11_19_R_#17.avi,False,1920
True,True,True,victory,upscale1920,True,1.664124894887209,1913,1440,0.0,21,1920,False,10.54299995303154,0.0,victory,True,True,0.19575003534555435,12.337333988398314,13.009958085604012,4CM11_19_R_#17.avi,False,1920
True,True,True,victory,upscale1920,True,1.0969999711960554,1913,960,0.18531747454770753,21,1280,False,9.149833000265062,0.15541217843810998,victory,True,True,2.06325005274266,10.37008292041719,13.10887502040714,4CM11_19_R_#17.avi,False,1280
True,True,True,victory,upscale1920,True,0.7096249610185623,1913,720,0.1773242420764107,21,960,False,9.110167040489614,0.19793206251394452,victory,True,True,0.4105840343981981,9.944541030563414,10.907083982601762,4CM11_19_R_#17.avi,False,960
True,True,True,victory,upscale1920,True,0.2984580351039767,1913,480,0.32882459328020514,21,640,False,8.829624974168837,0.23136537521714967,victory,True,True,0.774916959926486,9.25591611303389,10.364416986703873,4CM11_19_R_#17.avi,False,640
True,True,True,victory,upscale1920,True,0.3047499340027571,1914,480,0.5276577697071255,21,640,False,8.894499973393977,0.6723456202635241,victory,True,True,0.6064160261303186,9.326458908617496,10.500999982468784,4CM11_19_R_#17.avi,False,640
True,True,True,victory,upscale1920,True,0.6748340092599392,1914,720,0.27217607958630935,21,960,False,9.099874994717538,0.48116647214736,victory,True,True,0.38191606290638447,9.9183339625597,10.962625034153461,4CM11_19_R_#17.avi,False,960
True,True,True,victory,upscale1920,True,1.0208750609308481,1914,960,0.15494134475540072,21,1280,False,9.224375011399388,0.19371169812084277,victory,True,True,2.123667043633759,10.36270905751735,12.967667076736689,4CM11_19_R_#17.avi,False,1280
True,True,True,victory,upscale1920,True,1.6102909576147795,1914,1440,0.0,21,1920,False,11.02074992377311,0.0,victory,True,True,0.22491707932204008,12.760165962390602,13.54420802090317,4CM11_19_R_#17.avi,False,1920
True,True,True,victory,upscale1920,True,1.6460829647257924,1915,1440,0.0,21,1920,False,11.090624961070716,0.0,victory,True,True,0.11200003791600466,12.887249933555722,13.585750013589859,4CM11_19_R_#17.avi,False,1920
True,True,True,victory,upscale1920,True,1.0860830079764128,1915,960,1.3786857648791442,21,1280,False,9.660916053690016,1.7636974821790818,victory,True,True,1.9911250565201044,10.875290958210826,13.313750037923455,4CM11_19_R_#17.avi,False,1280
True,True,True,victory,upscale1920,True,0.6885830080136657,1915,720,0.21220824868383464,21,960,False,9.338416974060237,0.2575233442240795,victory,True,True,0.3607079852372408,10.139791993424296,10.85458300076425,4CM11_19_R_#17.avi,False,960
True,True,True,victory,upscale1920,True,0.28899998869746923,1915,480,0.38752474286739785,21,640,False,9.109542006626725,0.2729955922357392,victory,True,True,1.0405000066384673,9.520124993287027,10.863207979127765,4CM11_19_R_#17.avi,False,640
True,True,True,victory,upscale1920,True,0.3060409799218178,1916,480,1.1795689298060188,21,640,False,8.902667090296745,1.2242365582406105,victory,True,True,0.627333065494895,9.326540981419384,10.383083019405603,4CM11_19_R_#17.avi,False,640
True,True,True,victory,upscale1920,True,0.6500000599771738,1916,720,1.3015428181465345,21,960,False,9.489167015999556,1.3369480033564256,victory,True,True,0.311249983496964,10.242916992865503,10.980374994687736,4CM11_19_R_#17.avi,False,960
True,True,True,victory,upscale1920,True,0.993959023617208,1916,960,0.10346125612467735,21,1280,False,9.48033295571804,0.14367614145762522,victory,True,True,2.153957961127162,10.578333982266486,13.122124946676195,4CM11_19_R_#17.avi,False,1280
True,True,True,victory,upscale1920,True,1.5006250469014049,1916,1440,0.0,21,1920,False,10.586875025182962,0.0,victory,True,True,0.13058306649327278,12.209541047923267,12.878125067800283,4CM11_19_R_#17.avi,False,1920
True,True,True,victory,upscale1920,True,1.6014169668778777,1917,1440,0.0,21,1920,False,10.716999997384846,0.0,victory,True,True,0.09966699872165918,12.481458950787783,13.314124895259738,4CM11_19_R_#17.avi,False,1920
True,True,True,victory,upscale1920,True,1.156457932665944,1917,960,0.0960398354125859,21,1280,False,9.642541990615427,0.10609737481386132,victory,True,True,2.008334035053849,10.934624937362969,13.443000032566488,4CM11_19_R_#17.avi,False,1280
True,True,True,victory,upscale1920,True,0.9000420104712248,1917,720,0.27860348475013563,21,960,False,10.06695895921439,0.3821360490710453,victory,True,True,0.42512500658631325,11.098207905888557,12.090749922208488,4CM11_19_R_#17.avi,False,960
True,True,True,victory,upscale1920,True,0.4033331060782075,1917,480,0.1949514720774125,21,640,False,9.42074996419251,0.1109982729059912,victory,True,True,1.039041904732585,9.95725009124726,11.342083918862045,4CM11_19_R_#17.avi,False,640
True,True,True,victory,upscale1920,True,0.2829580334946513,1918,480,0.15095218414569528,21,640,False,8.955667028203607,0.033613912289983845,victory,True,True,0.6360410479828715,9.368375060148537,10.333333048038185,4CM11_19_R_#17.avi,False,640
True,True,True,victory,upscale1920,True,0.6500420859083533,1918,720,0.17333019889036883,21,960,False,9.066167054697871,0.24776191871503833,victory,True,True,0.36929198540747166,9.837917052209377,10.690791998058558,4CM11_19_R_#17.avi,False,960
True,True,True,victory,upscale1920,True,1.066666911356151,1918,960,0.10488284501340615,21,1280,False,10.914916987530887,0.09610620688817544,victory,True,True,2.2186669521033764,12.124791974201798,14.951749937608838,4CM11_19_R_#17.avi,False,1280
True,True,True,victory,upscale1920,True,1.7945420695468783,1918,1440,0.0,21,1920,False,10.955249890685081,0.0,victory,True,True,0.08674990385770798,12.909375014714897,13.598665944300592,4CM11_19_R_#17.avi,False,1920
True,True,True,victory,upscale1920,True,1.6983329551294446,1919,1440,0.0,21,1920,False,10.951041942462325,0.0,victory,True,True,0.1259580021724105,12.79049995355308,13.48550000693649,4CM11_19_R_#17.avi,False,1920
True,True,True,victory,upscale1920,True,1.1101249838247895,1919,960,0.17025584558686294,21,1280,False,9.736750042065978,0.19956741872012423,victory,True,True,2.6084999553859234,10.997375007718801,14.230291009880602,4CM11_19_R_#17.avi,False,1280
True,True,True,victory,upscale1920,True,0.9731249883770943,1919,720,1.284305383237891,21,960,False,10.047249961644411,2.142624402416459,victory,True,True,1.1751250131055713,11.182124959304929,12.89858401287347,4CM11_19_R_#17.avi,False,960
True,True,True,victory,upscale1920,True,0.3689170116558671,1919,480,0.15059101561250834,21,640,False,9.458709042519331,0.20355549974858017,victory,True,True,0.676250085234642,9.989207959733903,11.10833405982703,4CM11_19_R_#17.avi,False,640
True,True,True,victory,upscale1920,True,0.32716698478907347,1920,480,0.12409346403228556,21,640,False,9.159249952062964,0.1583830721950046,victory,True,True,0.6896670674905181,9.637292008846998,10.737542062997818,4CM11_19_R_#17.avi,False,640
True,True,True,victory,upscale1920,True,0.6700410740450025,1920,720,0.1261177774306336,21,960,False,9.544000029563904,0.1584469779450791,victory,True,True,0.3297089133411646,10.340915992856026,11.069791973568499,4CM11_19_R_#17.avi,False,960
True,True,True,victory,upscale1920,True,1.0859169997274876,1920,960,0.10116622217012279,21,1280,False,9.43587499205023,0.13320388788701532,victory,True,True,2.139582997187972,10.656250058673322,13.29466700553894,4CM11_19_R_#17.avi,False,1280
True,True,True,victory,upscale1920,True,1.5726250130683184,1920,1440,0.0,21,1920,False,10.764957987703383,0.0,victory,True,True,0.04087504930794239,12.482583057135344,13.080375036224723,4CM11_19_R_#17.avi,False,1920
True,True,True,victory,upscale1920,True,1.6564170364290476,1921,1440,0.0,21,1920,False,11.175167048349977,0.0,victory,True,True,0.1688329502940178,12.974833021871746,13.724832911975682,4CM11_19_R_#17.avi,False,1920
True,True,True,victory,upscale1920,True,1.1139579582959414,1921,960,0.12779079416066197,21,1280,False,9.516790974885225,0.12821926754781568,victory,True,True,1.9945410313084722,10.760582983493805,13.454125029966235,4CM11_19_R_#17.avi,False,1280
True,True,True,victory,upscale1920,True,0.6516249850392342,1921,720,0.1587136250895927,21,960,False,9.271957911550999,0.11880109748280394,victory,True,True,0.2851670142263174,10.04729198757559,10.854459018446505,4CM11_19_R_#17.avi,False,960
True,True,True,victory,upscale1920,True,0.3121249610558152,1921,480,1.3457761931085126,21,640,False,9.128291974775493,1.2031351272875637,victory,True,True,1.220499980263412,9.558583027683198,11.087457998655736,4CM11_19_R_#17.avi,False,640
True,True,True,victory,upscale1920,True,0.28787506744265556,1922,480,1.2508092814085758,21,640,False,8.702791994437575,1.0946740791727467,victory,True,True,0.6143329665064812,9.111333056353033,10.054374928586185,4CM11_19_R_#17.avi,False,640
True,True,True,victory,upscale1920,True,0.5990000208839774,1922,720,0.21077249936520948,21,960,False,9.462374961003661,0.14390730556049197,victory,True,True,0.2882919507101178,10.176958050578833,10.90824999846518,4CM11_19_R_#17.avi,False,960
True,True,True,victory,upscale1920,True,1.1301659978926182,1922,960,1.3387673935817195,21,1280,False,9.665332967415452,1.329589603864814,victory,True,True,2.5761660654097795,10.924833011813462,14.03841597493738,4CM11_19_R_#17.avi,False,1280
True,True,True,victory,upscale1920,True,1.5656249597668648,1922,1440,0.0,21,1920,False,11.649040970951319,0.0,victory,True,True,0.050749978981912136,13.336375006474555,13.935290975496173,4CM11_19_R_#17.avi,False,1920
True,True,True,victory,upscale1920,True,1.5988750383257866,1923,1440,0.0,21,1920,False,10.468791937455535,0.0,victory,True,True,0.1056670444086194,12.198542011901736,12.811583001166582,4CM11_19_R_#17.avi,False,1920
True,True,True,victory,upscale1920,True,1.0778330033645034,1923,960,0.15173660315928778,21,1280,False,9.498832980170846,0.06717752557022094,victory,True,True,1.9830409437417984,10.702915955334902,13.346207910217345,4CM11_19_R_#17.avi,False,1280
True,True,True,victory,upscale1920,True,0.6725420244038105,1923,720,1.3216634288264433,21,960,False,9.49387508444488,1.1739641659101223,victory,True,True,0.33295806497335434,10.28266700450331,11.052791029214859,4CM11_19_R_#17.avi,False,960
True,True,True,victory,upscale1920,True,0.32154202926903963,1923,480,0.2407405549843174,21,640,False,9.305540937930346,0.08549556156687711,victory,True,True,0.6670420989394188,9.758625063113868,10.799292009323835,4CM11_19_R_#17.avi,False,640
True,True,True,victory,upscale1920,True,0.37041609175503254,1924,480,0.25673868668848043,21,640,False,8.972125011496246,0.2563761834679882,victory,True,True,0.6188750267028809,9.444333030842245,10.31820906791836,4CM11_19_R_#17.avi,False,640
True,True,True,victory,upscale1920,True,0.5954999942332506,1924,720,0.24885895375450198,21,960,False,9.153583087027073,0.20428365564002882,victory,True,True,0.250041950494051,9.865999920293689,11.1211669864133,4CM11_19_R_#17.avi,False,960
True,True,True,victory,upscale1920,True,0.9843750158324838,1924,960,0.11359470025680193,21,1280,False,10.4523750487715,0.10083321938877735,victory,True,True,2.583749941550195,11.579707963392138,14.767790911719203,4CM11_19_R_#17.avi,False,1280
True,True,True,victory,upscale1920,True,1.609124941751361,1924,1440,0.0,21,1920,False,10.826874990016222,0.0,victory,True,True,0.05237502045929432,12.565042008645833,13.136041932739317,4CM11_19_R_#17.avi,False,1920
True,True,True,victory,upscale1920,True,1.6447920352220535,1925,1440,0.0,21,1920,False,10.719291982240975,0.0,victory,True,True,0.09020802099257708,12.494875001721084,13.144791009835899,4CM11_19_R_#17.avi,False,1920
True,True,True,victory,upscale1920,True,1.0826250072568655,1925,960,0.30555924066784546,21,1280,False,9.630957967601717,0.3724855745223639,victory,True,True,2.031082985922694,10.827208985574543,13.328833039849997,4CM11_19_R_#17.avi,False,1280
True,True,True,victory,upscale1920,True,0.6324999267235398,1925,720,0.2702950287464496,21,960,False,9.374292101711035,0.25278385759771677,victory,True,True,0.3465409390628338,10.134542011655867,10.921624954789877,4CM11_19_R_#17.avi,False,960
True,True,True,victory,upscale1920,True,0.34370901994407177,1925,480,0.32022136619002584,21,640,False,9.232499985955656,0.24836749902929972,victory,True,True,0.676875002682209,9.683000040240586,10.886791977100074,4CM11_19_R_#17.avi,False,640
True,True,True,victory,upscale1920,True,0.3387910546734929,1926,480,0.17818538408244053,21,640,False,8.836374967359006,0.07992855219636072,victory,True,True,0.6374579388648272,9.307791013270617,10.502374963834882,4CM11_19_R_#17.avi,False,640
True,True,True,victory,upscale1920,True,0.5382499657571316,1926,720,0.38166573541131205,21,960,False,9.224834037013352,0.2777505448052009,victory,True,True,0.27733296155929565,9.883290971629322,10.551166953518987,4CM11_19_R_#17.avi,False,960
True,True,True,victory,upscale1920,True,1.1044580023735762,1926,960,0.13612079798507518,21,1280,False,9.664415963925421,0.15811521435393439,victory,True,True,2.1299170330166817,10.892000049352646,13.493584003299475,4CM11_19_R_#17.avi,False,1280
True,True,True,victory,upscale1920,True,1.6545839607715607,1926,1440,0.0,21,1920,False,10.722292005084455,0.0,victory,True,True,0.47754100523889065,12.49708398245275,13.504290953278542,4CM11_19_R_#17.avi,False,1920
True,True,True,victory,upscale1920,True,1.5984169440343976,1927,1440,0.0,21,1920,False,10.627499897964299,0.0,victory,True,True,0.11883396655321121,12.376207974739373,13.153459061868489,4CM11_19_R_#17.avi,False,1920
True,True,True,victory,upscale1920,True,1.1467079166322947,1927,960,0.17813779931435175,21,1280,False,9.48799995239824,0.16246730381551708,victory,True,True,2.0210830261930823,10.752040892839432,13.234207988716662,4CM11_19_R_#17.avi,False,1280
True,True,True,victory,upscale1920,True,0.6448749918490648,1927,720,0.09928208090816458,21,960,False,9.065042017027736,0.042300245536374875,victory,True,True,0.35720900632441044,9.831750066950917,10.81987505313009,4CM11_19_R_#17.avi,False,960
True,True,True,victory,upscale1920,True,0.3636670298874378,1927,480,0.17106791383790856,21,640,False,9.009541012346745,0.14925929062120422,victory,True,True,0.7482500514015555,9.49312502052635,10.534792090766132,4CM11_19_R_#17.avi,False,640
True,True,True,victory,upscale1920,True,0.3599999472498894,1928,480,1.333510588246008,21,640,False,8.676583995111287,1.4450679911898925,victory,True,True,0.6743749836459756,9.161083959043026,10.124749969691038,4CM11_19_R_#17.avi,False,640
True,True,True,victory,upscale1920,True,0.6907919887453318,1928,720,0.13021210624224475,21,960,False,9.061791002750397,0.1843214439028882,victory,True,True,0.2843328984454274,9.866457898169756,10.64354192931205,4CM11_19_R_#17.avi,False,960
True,True,True,victory,upscale1920,True,1.0930000571534038,1928,960,1.258448599367598,21,1280,False,10.343709029257298,1.3492499934780604,victory,True,True,1.991625060327351,11.57150010112673,14.264542027376592,4CM11_19_R_#17.avi,False,1280
True,True,True,victory,upscale1920,True,1.6234159702435136,1928,1440,0.0,21,1920,False,10.776582988910377,0.0,victory,True,True,0.12274994514882565,12.527249986305833,13.183124945499003,4CM11_19_R_#17.avi,False,1920
True,True,True,victory,upscale1920,True,1.7720420146360993,1929,1440,0.0,21,1920,False,10.453041992150247,0.0,victory,True,True,0.11804199311882257,12.351625016890466,12.956000049598515,4CM11_19_R_#17.avi,False,1920
True,True,True,victory,upscale1920,True,1.0129170259460807,1929,960,0.13776306118216985,21,1280,False,9.383124997839332,0.12479527322324699,victory,True,True,2.121458062902093,10.542874922975898,13.146000099368393,4CM11_19_R_#17.avi,False,1280
True,True,True,victory,upscale1920,True,0.5896249786019325,1929,720,0.12000297296788999,21,960,False,8.948124945163727,0.09289840544593883,victory,True,True,0.3889170475304127,9.652165928855538,10.484875063411891,4CM11_19_R_#17.avi,False,960
True,True,True,victory,upscale1920,True,0.33962505403906107,1929,480,0.14843296791324762,21,640,False,9.946833946742117,0.22971387014602462,victory,True,True,0.8434999035671353,10.406959103420377,11.548708891496062,4CM11_19_R_#17.avi,False,640
True,True,True,victory,upscale1920,True,0.3713330952450633,1930,480,0.16468294940869938,21,640,False,9.69316705595702,0.2745719482828277,victory,True,True,0.6098330486565828,10.197125026024878,11.159833054989576,4CM11_19_R_#17.avi,False,640
True,True,True,victory,upscale1920,True,0.725999940186739,1930,720,0.11159613060444558,21,960,False,8.868584060110152,0.10816156866629736,victory,True,True,0.3034580731764436,9.711665916256607,10.386291076429188,4CM11_19_R_#17.avi,False,960
True,True,True,victory,upscale1920,True,1.0439170291647315,1930,960,0.14621928698733958,21,1280,False,9.413916966877878,0.16994716608337415,victory,True,True,2.049374976195395,10.593125014565885,13.106833910569549,4CM11_19_R_#17.avi,False,1280
True,True,True,victory,upscale1920,True,1.6746660694479942,1930,1440,0.0,21,1920,False,10.157917044125497,0.0,victory,True,True,0.23629202041774988,11.964208097197115,12.744292034767568,4CM11_19_R_#17.avi,False,1920
True,False,False,no_hand,native640,False,0.3674159524962306,1891,480,,,640,True,8.952250005677342,,no_hand,True,True,0.09237497579306364,9.443665971048176,9.952667052857578,4CM11_19_R_#17.avi,True,640
True,False,False,no_hand,native640,False,0.23699994198977947,1891,360,,,480,True,9.208332980051637,,no_hand,True,True,0.611750059761107,9.568959008902311,10.31720801256597,4CM11_19_R_#17.avi,True,480
True,False,False,no_hand,native640,False,0.13687496539205313,1891,240,,,320,True,8.55437503196299,,no_hand,True,True,0.0416669063270092,8.809457998722792,9.033999987877905,4CM11_19_R_#17.avi,True,320
True,False,False,no_hand,native640,False,0.11991697829216719,1892,240,,,320,True,9.409249993041158,,no_hand,True,True,0.03445788752287626,9.653124958276749,9.790540905669332,4CM11_19_R_#17.avi,True,320
True,False,False,no_hand,native640,False,0.21612504497170448,1892,360,,,480,True,8.712249924428761,,no_hand,True,True,0.5980420392006636,9.030541055835783,9.721042006276548,4CM11_19_R_#17.avi,True,480
True,False,False,no_hand,native640,False,0.2988750347867608,1892,480,,,640,True,8.841042057611048,,no_hand,True,True,0.0011670636013150215,9.259167010895908,9.384334087371826,4CM11_19_R_#17.avi,True,640
True,True,True,uncertain,native640,False,0.3321249969303608,1893,480,0.0,18,640,True,8.953209035098553,0.0,uncertain,True,True,0.555209000594914,9.394582943059504,10.236875037662685,4CM11_19_R_#17.avi,True,640
True,True,True,uncertain,native640,False,0.16704096924513578,1893,360,5.141827924502862,17,480,True,8.69849999435246,4.822083694347294,uncertain,True,True,0.6215409375727177,8.978875004686415,9.872082970105112,4CM11_19_R_#17.avi,True,480
True,True,True,uncertain,native640,False,0.08312496356666088,1893,240,8.099581255584553,17,320,True,8.569041965529323,12.291573529684193,uncertain,True,True,0.02475001383572817,8.768499945290387,9.049083106219769,4CM11_19_R_#17.avi,True,320
True,True,True,uncertain,native640,False,0.11312507558614016,1894,240,8.230929051945221,16,320,True,8.56862508226186,10.725893163347354,uncertain,True,True,0.019832979887723923,8.796083042398095,9.61162499152124,4CM11_19_R_#17.avi,True,320
True,True,True,uncertain,native640,False,0.19458297174423933,1894,360,5.326821180482374,16,480,True,8.725833031348884,3.5654041459983787,uncertain,True,True,0.6037920247763395,9.039124939590693,9.915500064380467,4CM11_19_R_#17.avi,True,480
True,True,True,uncertain,native640,False,0.2701670164242387,1894,480,0.0,17,640,True,9.634333080612123,0.0,uncertain,True,True,0.0012080417945981026,10.055792052298784,10.502832941710949,4CM11_19_R_#17.avi,True,640
True,True,True,point,native640,True,0.3774160286411643,1895,480,0.0,21,640,True,9.921749937348068,0.0,point,True,True,0.04191696643829346,10.447541018947959,10.915832943283021,4CM11_19_R_#17.avi,True,640
True,True,True,point,native640,True,0.27312489692121744,1895,360,2.468157588742174,21,480,True,9.166167001239955,0.5832653925856713,point,True,True,0.6154580041766167,9.581540944054723,10.588582954369485,4CM11_19_R_#17.avi,True,480
True,True,True,point,native640,True,0.12254191096872091,1895,240,3.6636790110083925,21,320,True,8.978250087238848,1.8793641616028487,point,True,True,0.03350002225488424,9.24199994187802,9.66300000436604,4CM11_19_R_#17.avi,True,320
True,True,True,point,native640,True,0.15612493734806776,1896,240,3.763949411806032,21,320,True,9.011500049382448,0.7115360564734751,victory,False,True,0.025416957214474678,9.310832945629954,9.698875015601516,4CM11_19_R_#17.avi,False,320
True,True,True,point,native640,True,0.31629204750061035,1896,360,3.725504106972144,21,480,True,9.163832990452647,2.3649056621231552,point,True,True,0.6072920514270663,9.630082990042865,10.65254199784249,4CM11_19_R_#17.avi,False,480
True,True,True,point,native640,True,0.30979199800640345,1896,480,0.0,21,640,True,9.217999991960824,0.0,point,True,True,0.0015419209375977516,9.667541948147118,10.063374997116625,4CM11_19_R_#17.avi,False,640
True,True,True,victory,native640,True,0.21187507081776857,1897,480,0.0,21,640,True,9.230458061210811,0.0,victory,True,True,0.002040993422269821,9.572084061801434,9.908374981023371,4CM11_19_R_#17.avi,False,640
True,True,True,victory,native640,True,0.18120906315743923,1897,360,0.5017050157571654,21,480,True,8.812541025690734,0.24645767865799906,victory,True,True,0.5999590503051877,9.124916978180408,10.074959020130336,4CM11_19_R_#17.avi,False,480
True,True,True,victory,native640,True,0.15024992171674967,1897,240,1.4089800028299706,21,320,True,9.797582984901965,2.2150825285400266,victory,True,True,0.02891593612730503,10.08412498049438,10.47404098790139,4CM11_19_R_#17.avi,False,320
True,True,True,victory,native640,True,0.21579198073595762,1898,240,1.954087149533968,21,320,True,8.75370902940631,2.091002349591016,victory,True,True,0.021666986867785454,9.097957983613014,9.672875050455332,4CM11_19_R_#17.avi,False,320
True,True,True,victory,native640,True,0.2622079337015748,1898,360,0.8209843496676112,21,480,True,9.10300004761666,0.7260055028469833,victory,True,True,0.7699999259784818,9.492957964539528,10.609707911498845,4CM11_19_R_#17.avi,False,480
True,True,True,victory,native640,True,0.34370901994407177,1898,480,0.0,21,640,True,8.952375035732985,0.0,victory,True,True,0.001249951310455799,9.420417016372085,9.786083013750613,4CM11_19_R_#17.avi,False,640
True,True,True,victory,native640,True,0.292791984975338,1899,480,0.0,21,640,True,9.515167097561061,0.0,victory,True,True,0.0019579892978072166,9.919875068590045,10.203666985034943,4CM11_19_R_#17.avi,False,640
True,True,True,victory,native640,True,0.20791590213775635,1899,360,0.5295812017356815,21,480,True,8.71366704814136,0.15055938026267732,victory,True,True,0.6435839459300041,9.030040935613215,9.993541985750198,4CM11_19_R_#17.avi,False,480
True,True,True,victory,native640,True,0.13670895714312792,1899,240,0.8131225978407274,21,320,True,8.867374970577657,0.4706949183496605,victory,True,True,0.035208999179303646,9.128291974775493,9.469375014305115,4CM11_19_R_#17.avi,False,320
True,True,True,victory,native640,True,0.11658400762826204,1900,240,0.9970286828856393,20,320,True,9.072499931789935,0.43842505528706005,victory,True,True,0.024791923351585865,9.324499987997115,9.632916888222098,4CM11_19_R_#17.avi,False,320
True,True,True,victory,native640,True,0.18879200797528028,1900,360,0.4967460620305046,21,480,True,8.65033408626914,0.33133750730498707,victory,True,True,0.5836250493302941,8.967084111645818,9.895500028505921,4CM11_19_R_#17.avi,False,480
True,True,True,victory,native640,True,0.3361670533195138,1900,480,0.0,21,640,True,8.830541977658868,0.0,victory,True,True,0.6049160147085786,9.277791948989034,10.163708007894456,4CM11_19_R_#17.avi,False,640
True,True,True,victory,native640,True,0.3678329521790147,1901,480,0.0,21,640,True,8.994125062599778,0.0,victory,True,True,0.0019159633666276932,9.468541946262121,9.726832970045507,4CM11_19_R_#17.avi,False,640
True,True,True,victory,native640,True,0.15154201537370682,1901,360,0.42149289843469356,21,480,True,8.732040994800627,0.5934132206059133,victory,True,True,0.5998749984428287,8.988625020720065,9.872917085886002,4CM11_19_R_#17.avi,False,480
True,True,True,victory,native640,True,0.10579207446426153,1901,240,1.5636697558576316,21,320,True,9.211708907969296,0.7641923392240253,victory,True,True,0.03683299291878939,9.425166994333267,9.704875061288476,4CM11_19_R_#17.avi,False,320
True,True,True,victory,native640,True,0.08304102811962366,1902,240,0.8364411492766083,21,320,True,8.666415931656957,1.2147445006726285,victory,True,True,0.018832972273230553,8.8596660643816,9.123082971200347,4CM11_19_R_#17.avi,False,320
True,True,True,victory,native640,True,0.18683401867747307,1902,360,0.8697626618790236,21,480,True,8.587375050410628,0.9163608541715673,victory,True,True,0.6031249649822712,8.888292009942234,9.770332952030003,4CM11_19_R_#17.avi,False,480
True,True,True,victory,native640,True,0.3571669803932309,1902,480,0.0,21,640,True,8.835249929688871,0.0,victory,True,True,0.0012080417945981026,9.322124999016523,9.696250082924962,4CM11_19_R_#17.avi,False,640
True,True,True,victory,native640,True,0.27370802126824856,1903,480,0.0,21,640,True,9.549292037263513,0.0,victory,True,True,0.0025420449674129486,9.954332956112921,10.320125031284988,4CM11_19_R_#17.avi,False,640
True,True,True,victory,native640,True,0.20308303646743298,1903,360,0.49842033404318103,21,480,True,9.072290966287255,0.32204089357493687,victory,True,True,0.6104171043261886,9.393082931637764,10.61316707637161,4CM11_19_R_#17.avi,False,480
True,True,True,victory,native640,True,0.09445904288440943,1903,240,0.8335455933812644,21,320,True,9.420333080925047,0.6554784227671047,victory,True,True,0.04808406811207533,9.631750057451427,9.950792067684233,4CM11_19_R_#17.avi,False,320
True,True,True,victory,native640,True,0.10579102672636509,1904,240,0.8244786030284226,21,320,True,8.403416955843568,0.5713787862350831,victory,True,True,0.033541000448167324,8.633750025182962,8.952958043664694,4CM11_19_R_#17.avi,False,320
True,True,True,victory,native640,True,0.2039169194176793,1904,360,0.4839824971264196,21,480,True,8.91595904249698,0.35726076548844543,victory,True,True,0.5887920269742608,9.243874927051365,10.128334048204124,4CM11_19_R_#17.avi,False,480
True,True,True,victory,native640,True,0.3005419857800007,1904,480,0.0,21,640,True,8.737417054362595,0.0,victory,True,True,0.030542025342583656,9.152416954748333,9.482749970629811,4CM11_19_R_#17.avi,False,640
True,True,True,victory,native640,True,0.27958303689956665,1905,480,0.0,21,640,True,8.972457959316671,0.0,victory,True,True,0.001500011421740055,9.370874962769449,9.693583007901907,4CM11_19_R_#17.avi,False,640
True,True,True,victory,native640,True,0.17187499906867743,1905,360,0.36232976948476725,21,480,True,9.132124949246645,0.29870386752760913,victory,True,True,0.5844170227646828,9.416792076081038,10.293041937984526,4CM11_19_R_#17.avi,False,480
True,True,True,victory,native640,True,0.1260419376194477,1905,240,0.7504931877197097,21,320,True,8.471625042147934,0.5248722220943396,victory,True,True,0.03720808308571577,8.708957931958139,9.013792034238577,4CM11_19_R_#17.avi,False,320
True,True,True,victory,native640,True,0.11916703078895807,1906,240,0.8585055606539346,21,320,True,8.83050006814301,0.721618549256897,victory,True,True,0.019832979887723923,9.08333295956254,9.410250000655651,4CM11_19_R_#17.avi,False,320
True,True,True,victory,native640,True,0.19391602836549282,1906,360,0.466713526974703,21,480,True,8.876124978996813,0.2207644904698824,victory,True,True,0.6437919801101089,9.2011250089854,10.177709045819938,4CM11_19_R_#17.avi,False,480
True,True,True,victory,native640,True,0.24991703685373068,1906,480,0.0,21,640,True,8.90224997419864,0.0,victory,True,True,0.001459033228456974,9.26391698885709,9.546958957798779,4CM11_19_R_#17.avi,False,640
True,True,True,victory,native640,True,0.2986670006066561,1907,480,0.0,21,640,True,8.963291998952627,0.0,victory,True,True,0.001291045919060707,9.379000053741038,10.283750016242266,4CM11_19_R_#17.avi,False,640
True,True,True,victory,native640,True,0.17091596964746714,1907,360,0.4776943749797467,21,480,True,9.203666937537491,0.4248507043322467,victory,True,True,0.5858330987393856,9.491750039160252,10.352874989621341,4CM11_19_R_#17.avi,False,480
True,True,True,victory,native640,True,0.09541702456772327,1907,240,0.7949803826312489,21,320,True,8.572207996621728,0.4874751926548978,victory,True,True,0.04795799031853676,8.789499988779426,9.134292020462453,4CM11_19_R_#17.avi,False,320
True,True,True,victory,native640,True,0.11037499643862247,1908,240,0.8988263194417608,21,320,True,8.69066605810076,0.3056151875981111,victory,True,True,0.049791065976023674,8.968707988969982,9.386582998558879,4CM11_19_R_#17.avi,False,320
True,True,True,victory,native640,True,0.2205829368904233,1908,360,0.4581993018924916,21,480,True,8.69120901916176,0.29115114041038365,victory,True,True,0.6592089775949717,9.030291927047074,10.009374935179949,4CM11_19_R_#17.avi,False,480
True,True,True,victory,native640,True,0.3250830341130495,1908,480,0.0,21,640,True,8.747583022341132,0.0,victory,True,True,0.03162503708153963,9.193375008180737,9.553375071845949,4CM11_19_R_#17.avi,False,640
True,True,True,victory,native640,True,0.33670803532004356,1909,480,0.0,21,640,True,8.801916963420808,0.0,victory,True,True,0.23387500550597906,9.261082974262536,10.153042036108673,4CM11_19_R_#17.avi,False,640
True,True,True,victory,native640,True,0.19158306531608105,1909,360,0.4004375413931066,21,480,True,8.887625066563487,0.251871696084043,victory,True,True,0.5932500353083014,9.208000032231212,10.414666961878538,4CM11_19_R_#17.avi,False,480
True,True,True,victory,native640,True,0.10516704060137272,1909,240,0.5471375312567824,21,320,True,9.866832988336682,0.8363817779899843,victory,True,True,0.029749935492873192,10.10454201605171,10.736834025010467,4CM11_19_R_#17.avi,False,320
True,True,True,victory,native640,True,0.12704101391136646,1910,240,0.49101375893313887,21,320,True,8.842124952934682,0.6697441610573878,victory,True,True,0.021292013116180897,9.097333066165447,9.781500091776252,4CM11_19_R_#17.avi,False,320
True,True,True,victory,native640,True,0.19320892170071602,1910,360,0.3944896951548606,21,480,True,9.06241696793586,0.11103389904161083,victory,True,True,0.5986670730635524,9.37345891725272,10.268000070936978,4CM11_19_R_#17.avi,False,480
True,True,True,victory,native640,True,0.3773750504478812,1910,480,0.0,21,640,True,8.899500011466444,0.0,victory,True,True,0.001416075974702835,9.403833071701229,9.752875077538192,4CM11_19_R_#17.avi,False,640
True,True,True,victory,native640,True,0.38304191548377275,1911,480,0.0,21,640,True,9.147875010967255,0.0,victory,True,True,0.001250067725777626,9.64637496508658,9.943666984327137,4CM11_19_R_#17.avi,False,640
True,True,True,victory,native640,True,0.24912494700402021,1911,360,0.523493955664432,21,480,True,8.803125005215406,0.2267047018021228,victory,True,True,0.5829170113429427,9.167416952550411,10.066709015518427,4CM11_19_R_#17.avi,False,480
True,True,True,victory,native640,True,0.11487491428852081,1911,240,0.7409043869338254,21,320,True,8.776457980275154,0.9174817515832502,victory,True,True,0.32812508288770914,9.007374988868833,9.614665992558002,4CM11_19_R_#17.avi,False,320
True,True,True,victory,native640,True,0.11358293704688549,1912,240,0.6673461471131915,21,320,True,8.643166976980865,0.7007486659684526,victory,True,True,0.02154102548956871,8.875833009369671,9.17608302552253,4CM11_19_R_#17.avi,False,320
True,True,True,victory,native640,True,0.21170906256884336,1912,360,0.34400181386162404,21,480,True,8.592250058427453,0.13817240585541835,victory,True,True,0.5825000116601586,8.922334061935544,9.781625005416572,4CM11_19_R_#17.avi,False,480
True,True,True,victory,native640,True,0.2865829737856984,1912,480,0.0,21,640,True,9.469957905821502,0.0,victory,True,True,0.2728330437093973,9.868040913715959,10.515292058698833,4CM11_19_R_#17.avi,False,640
True,True,True,victory,native640,True,0.31283299904316664,1913,480,0.0,21,640,True,9.185542003251612,0.0,victory,True,True,0.0020420411601662636,9.611958055756986,9.95270803105086,4CM11_19_R_#17.avi,False,640
True,True,True,victory,native640,True,0.16962492372840643,1913,360,0.961747435644421,21,480,True,8.814541972242296,1.2139007889271518,victory,True,True,0.5985000170767307,9.098166949115694,10.274666012264788,4CM11_19_R_#17.avi,False,480
True,True,True,victory,native640,True,0.1318339491263032,1913,240,1.0621609036641209,21,320,True,9.031833033077419,1.323442671147827,victory,True,True,0.038499943912029266,9.280833997763693,9.62079199962318,4CM11_19_R_#17.avi,False,320
True,True,True,victory,native640,True,0.1412919955328107,1914,240,1.0062324428189693,21,320,True,8.974500000476837,1.223990817763916,victory,True,True,0.03470899537205696,9.257583995349705,9.564999956637621,4CM11_19_R_#17.avi,False,320
True,True,True,victory,native640,True,0.18779200036078691,1914,360,1.6033433051182417,21,480,True,8.849666104651988,2.2880185852070234,victory,True,True,0.6669589783996344,9.162208996713161,10.385917034000158,4CM11_19_R_#17.avi,False,480
True,True,True,victory,native640,True,0.2802090020850301,1914,480,0.0,21,640,True,9.435832966119051,0.0,victory,True,True,0.0012079253792762756,9.844042011536658,10.223499964922667,4CM11_19_R_#17.avi,False,640
True,True,True,victory,native640,True,0.23091700859367847,1915,480,0.0,21,640,True,8.854917017742991,0.0,victory,True,True,0.0015830155462026596,9.20787500217557,9.56241600215435,4CM11_19_R_#17.avi,False,640
True,True,True,victory,native640,True,0.15595799777656794,1915,360,0.9225243433558906,21,480,True,9.193750098347664,0.7725982776765629,victory,True,True,0.5946250166743994,9.465374983847141,10.390957933850586,4CM11_19_R_#17.avi,False,480
True,True,True,victory,native640,True,0.14279200695455074,1915,240,0.39709634104092306,21,320,True,8.85004096198827,0.15316129828867722,victory,True,True,0.28404092881828547,9.100832976400852,9.65474999975413,4CM11_19_R_#17.avi,False,320
True,True,True,victory,native640,True,0.12241699732840061,1916,240,0.36439124230012043,21,320,True,8.803291944786906,0.025059296629077268,victory,True,True,0.01933402381837368,9.04816691763699,9.374708984978497,4CM11_19_R_#17.avi,False,320
True,True,True,victory,native640,True,0.194291933439672,1916,360,0.26213500516358645,21,480,True,8.616875042207539,0.03475231605882523,victory,True,True,0.6062500178813934,8.942791959270835,9.893375099636614,4CM11_19_R_#17.avi,False,480
True,True,True,victory,native640,True,0.3047919599339366,1916,480,0.0,21,640,True,8.799457922577858,0.0,victory,True,True,0.0015830155462026596,9.214667021296918,9.508625022135675,4CM11_19_R_#17.avi,False,640
True,True,True,victory,native640,True,0.2798748901113868,1917,480,0.0,21,640,True,9.133666986599565,0.0,victory,True,True,0.001625041477382183,9.517624974250793,9.774000034667552,4CM11_19_R_#17.avi,False,640
True,True,True,victory,native640,True,0.2026669681072235,1917,360,1.384525905806178,21,480,True,9.241833002306521,1.2556772314159383,victory,True,True,0.5948340985924006,9.589249966666102,10.563500109128654,4CM11_19_R_#17.avi,False,480
True,True,True,victory,native640,True,0.16024999786168337,1917,240,0.43411718555995327,21,320,True,9.844332933425903,0.3272066669454114,victory,True,True,0.028499984182417393,10.119957965798676,10.445290943607688,4CM11_19_R_#17.avi,False,320
True,True,True,victory,native640,True,0.11929194442927837,1918,240,1.1763064775803944,21,320,True,8.611624944023788,1.047091616649442,victory,True,True,0.03033294342458248,8.834833977743983,9.118165937252343,4CM11_19_R_#17.avi,False,320
True,True,True,victory,native640,True,0.1504160463809967,1918,360,0.19142192272355177,21,480,True,8.760624914430082,0.21142058058614238,victory,True,True,0.5938750691711903,9.022125042974949,10.220208088867366,4CM11_19_R_#17.avi,False,480
True,True,True,victory,native640,True,0.29441702645272017,1918,480,0.0,21,640,True,8.755541988648474,0.0,victory,True,True,0.001209089532494545,9.156042011454701,9.696542052552104,4CM11_19_R_#17.avi,False,640
True,True,True,victory,native640,True,0.27300009969621897,1919,480,0.0,21,640,True,8.965209010057151,0.0,victory,True,True,0.5224579945206642,9.36941709369421,10.257167043164372,4CM11_19_R_#17.avi,False,640
True,True,True,victory,native640,True,0.22466701921075583,1919,360,0.22316200544512035,21,480,True,8.861541049554944,0.07767178207389912,victory,True,True,0.6026249611750245,9.215874946676195,10.09016705211252,4CM11_19_R_#17.avi,False,480
True,True,True,victory,native640,True,0.12483296450227499,1919,240,0.7040395378320513,21,320,True,8.930459036491811,0.5658644569858841,victory,True,True,0.03654195461422205,9.163790964521468,9.471499943174422,4CM11_19_R_#17.avi,False,320
True,True,True,victory,native640,True,0.12212502770125866,1920,240,0.7537974921387159,21,320,True,8.915291982702911,0.723068017899387,victory,True,True,0.06750004831701517,9.157832944765687,9.53012506943196,4CM11_19_R_#17.avi,False,320
True,True,True,victory,native640,True,0.24416705127805471,1920,360,0.27079379294843464,21,480,True,9.56187502015382,0.29448424454401534,victory,True,True,0.6061249878257513,9.934957954101264,10.897583910264075,4CM11_19_R_#17.avi,False,480
True,True,True,victory,native640,True,0.3024580655619502,1920,480,0.0,21,640,True,9.152416954748333,0.0,victory,True,True,0.001708976924419403,9.588540997356176,9.946875041350722,4CM11_19_R_#17.avi,False,640
True,True,True,victory,native640,True,0.34970801789313555,1921,480,0.0,21,640,True,9.818791993893683,0.0,victory,True,True,0.0022919848561286926,10.294875013642013,10.943167028017342,4CM11_19_R_#17.avi,False,640
True,True,True,victory,native640,True,0.2099579432979226,1921,360,0.26132977181718287,21,480,True,9.117041947320104,0.14679997069120979,victory,True,True,0.6163750076666474,9.470999939367175,10.458000004291534,4CM11_19_R_#17.avi,False,480
True,True,True,victory,native640,True,0.1412919955328107,1921,240,0.5609053942888915,21,320,True,8.89383303001523,0.47094085970819216,victory,True,True,0.040166894905269146,9.197542094625533,9.932582965120673,4CM11_19_R_#17.avi,False,320
True,True,True,victory,native640,True,0.2102500293403864,1922,240,0.563779884512081,21,320,True,8.834417094476521,0.5077117155231704,victory,True,True,0.04341697786003351,9.17012500576675,9.526583948172629,4CM11_19_R_#17.avi,False,320
True,True,True,victory,native640,True,0.19675004296004772,1922,360,1.6386797396136277,21,480,True,8.913166937418282,1.2359491843580572,victory,True,True,0.6022920133545995,9.258333942852914,10.578999994322658,4CM11_19_R_#17.avi,False,480
True,True,True,victory,native640,True,0.39908394683152437,1922,480,0.0,21,640,True,9.409041958861053,0.0,victory,True,True,0.001500011421740055,9.942000033333898,10.26224996894598,4CM11_19_R_#17.avi,False,640
True,True,True,victory,native640,True,0.3269159933552146,1923,480,0.0,21,640,True,9.516082936897874,0.0,victory,True,True,0.001625041477382183,9.980250033549964,10.36262500565499,4CM11_19_R_#17.avi,False,640
True,True,True,victory,native640,True,0.2750840503722429,1923,360,0.17860282176089437,21,480,True,9.29174991324544,0.08437463621771944,victory,True,True,0.6110409740358591,9.685917058959603,10.59495797380805,4CM11_19_R_#17.avi,False,480
True,True,True,victory,native640,True,0.11195801198482513,1923,240,0.596202414516261,21,320,True,8.970375056378543,0.46722023723739664,victory,True,True,0.6680829683318734,9.223666973412037,10.219207964837551,4CM11_19_R_#17.avi,False,320
True,True,True,victory,native640,True,0.15645893290638924,1924,240,0.5646152864149121,21,320,True,9.539542021229863,0.4502264333601151,victory,True,True,0.038958038203418255,9.838708909228444,10.220041032880545,4CM11_19_R_#17.avi,False,320
True,True,True,victory,native640,True,0.23699994198977947,1924,360,0.5100735933527663,21,480,True,9.115791996009648,0.44883108947328954,victory,True,True,0.6257089553400874,9.483041940256953,10.425167041830719,4CM11_19_R_#17.avi,False,480
True,True,True,victory,native640,True,0.3345420118421316,1924,480,0.0,21,640,True,9.688999969512224,0.0,victory,True,True,0.3742090193554759,10.158749995753169,10.965584078803658,4CM11_19_R_#17.avi,False,640
True,True,True,victory,native640,True,0.3393329679965973,1925,480,0.0,21,640,True,8.792540989816189,0.0,victory,True,True,0.0017080456018447876,9.247791022062302,9.527583024464548,4CM11_19_R_#17.avi,False,640
True,True,True,victory,native640,True,0.21162501070648432,1925,360,0.36205713368818715,21,480,True,8.743832935579121,0.2557153083473185,victory,True,True,0.6030830554664135,9.071500040590763,9.95737500488758,4CM11_19_R_#17.avi,False,480
True,True,True,victory,native640,True,0.09179196786135435,1925,240,1.0717059196485832,21,320,True,8.86370800435543,0.598465715952982,victory,True,True,0.0278339721262455,9.082500007934868,9.406999917700887,4CM11_19_R_#17.avi,False,320
True,True,True,victory,native640,True,0.12816698290407658,1926,240,0.4983934220434621,21,320,True,8.864416973665357,0.3519015336486032,victory,True,True,0.020416919142007828,9.121250011958182,9.442250011488795,4CM11_19_R_#17.avi,False,320
True,True,True,victory,native640,True,0.20604208111763,1926,360,0.33836610883320245,21,480,True,8.980500046163797,0.22802318443741357,victory,True,True,0.6014580139890313,9.311209083534777,10.202875011600554,4CM11_19_R_#17.avi,False,480
True,True,True,victory,native640,True,0.29804196674376726,1926,480,0.0,21,640,True,8.668707916513085,0.0,victory,True,True,0.0012079253792762756,9.096166933886707,9.420083020813763,4CM11_19_R_#17.avi,False,640
True,True,True,victory,native640,True,0.34737493842840195,1927,480,0.0,21,640,True,8.94591596443206,0.0,victory,True,True,0.0018330756574869156,9.411915903910995,9.720582980662584,4CM11_19_R_#17.avi,False,640
True,True,True,victory,native640,True,0.19170797895640135,1927,360,0.18494826360976144,21,480,True,8.704749983735383,0.09175457163546365,victory,True,True,0.6062079919502139,9.014790994115174,9.939166018739343,4CM11_19_R_#17.avi,False,480
True,True,True,victory,native640,True,0.08712499402463436,1927,240,0.4590203625867023,21,320,True,8.87808296829462,0.33940158846206286,victory,True,True,0.025374931283295155,9.065125021152198,9.33233299292624,4CM11_19_R_#17.avi,False,320
True,True,True,victory,native640,True,0.08599995635449886,1928,240,0.4802637201764921,21,320,True,8.54070798959583,0.3058690065402678,victory,True,True,0.017291982658207417,8.743041893467307,9.035082999616861,4CM11_19_R_#17.avi,False,320
True,True,True,victory,native640,True,0.19095907919108868,1928,360,0.1829344455385728,21,480,True,8.736874908208847,0.13006563737070148,victory,True,True,0.59104198589921,9.046209044754505,9.930583997629583,4CM11_19_R_#17.avi,False,480
True,True,True,victory,native640,True,0.32062502577900887,1928,480,0.0,21,640,True,8.878499967977405,0.0,victory,True,True,0.0010830117389559746,9.319874923676252,9.71866596955806,4CM11_19_R_#17.avi,False,640
True,True,True,victory,native640,True,0.28979103080928326,1929,480,0.0,21,640,True,9.592459071427584,0.0,victory,True,True,0.5677080480381846,10.00020804349333,10.872957995161414,4CM11_19_R_#17.avi,False,640
True,True,True,victory,native640,True,0.21479208953678608,1929,360,0.3819007756673176,21,480,True,8.935041958466172,0.26822996980384384,victory,True,True,0.618249992839992,9.262084029614925,10.145874926820397,4CM11_19_R_#17.avi,False,480
True,True,True,victory,native640,True,0.08691707625985146,1929,240,0.5961295818827794,21,320,True,8.657125057652593,0.3885170233529235,victory,True,True,0.02462498378008604,8.852042024955153,9.137999964877963,4CM11_19_R_#17.avi,False,320
True,True,True,victory,native640,True,0.11045904830098152,1930,240,0.507450821449319,21,320,True,9.170957957394421,0.1017105976107051,victory,True,True,0.03424996975809336,9.404375101439655,10.349082993343472,4CM11_19_R_#17.avi,False,320
True,True,True,victory,native640,True,0.2248329110443592,1930,360,0.3018551393633461,21,480,True,8.97608301602304,0.13302953689020805,victory,True,True,0.6939580198377371,9.314832976087928,10.272542014718056,4CM11_19_R_#17.avi,False,480
True,True,True,victory,native640,True,0.3309160238131881,1930,480,0.0,21,640,True,8.861541980877519,0.0,victory,True,True,0.001249951310455799,9.33625001925975,9.969042032025754,4CM11_19_R_#17.avi,False,640
True,False,False,no_hand,upscale1920,False,1.625165925361216,1891,1440,,,1920,True,10.715292068198323,,no_hand,True,True,0.0025830231606960297,12.475249939598143,12.887625023722649,4CM11_19_R_#17.avi,True,1920
True,False,False,no_hand,upscale1920,False,1.0752920061349869,1891,960,,,1280,True,9.548000060021877,,no_hand,True,True,2.0111659541726112,10.744125000201166,13.085125014185905,4CM11_19_R_#17.avi,True,1280
True,False,False,no_hand,upscale1920,False,0.6735420320183039,1891,720,,,960,True,9.080749936401844,,no_hand,True,True,0.3572499845176935,9.86600003670901,10.435790987685323,4CM11_19_R_#17.avi,True,960
True,False,False,no_hand,upscale1920,False,0.3302089171484113,1891,480,,,640,True,9.819000028073788,,no_hand,True,True,1.0055839084088802,10.268958983942866,11.417291942052543,4CM11_19_R_#17.avi,True,640
True,False,False,no_hand,upscale1920,False,0.29608304612338543,1892,480,,,640,True,8.915250073187053,,no_hand,True,True,0.8542499272152781,9.325542021542788,10.299124987795949,4CM11_19_R_#17.avi,True,640
True,False,False,no_hand,upscale1920,False,0.642542028799653,1892,720,,,960,True,9.173084050416946,,no_hand,True,True,0.3305410500615835,9.934250032529235,10.516165988519788,4CM11_19_R_#17.avi,True,960
True,False,False,no_hand,upscale1920,False,0.9919580770656466,1892,960,,,1280,True,9.514042059890926,,no_hand,True,True,2.082708990201354,10.619583074003458,13.00625002477318,4CM11_19_R_#17.avi,True,1280
True,False,False,no_hand,upscale1920,False,1.552124973386526,1892,1440,,,1920,True,10.787958046421409,,no_hand,True,True,0.046625034883618355,12.459833989851177,12.977417092770338,4CM11_19_R_#17.avi,True,1920
True,True,True,uncertain,upscale1920,False,1.851417007856071,1893,1440,0.0,21,1920,True,10.691167088225484,0.0,uncertain,True,True,0.1366250216960907,12.659249943681061,13.315125019289553,4CM11_19_R_#17.avi,True,1920
True,True,True,uncertain,upscale1920,False,1.025749952532351,1893,960,8.446905501710638,20,1280,True,9.361416916362941,3.2812247852313847,uncertain,True,True,1.975958002731204,10.502542019821703,12.875125044956803,4CM11_19_R_#17.avi,True,1280
True,True,True,uncertain,upscale1920,False,0.6098330486565828,1893,720,8.239802771902786,21,960,True,9.669292019680142,7.678160536403943,uncertain,True,True,0.382291036657989,10.397042031399906,11.127416044473648,4CM11_19_R_#17.avi,True,960
True,True,True,uncertain,upscale1920,False,0.34250004682689905,1893,480,10.074951039654705,19,640,True,8.967707981355488,2.7672575028453794,uncertain,True,True,0.8868749719113111,9.472291101701558,10.730625013820827,4CM11_19_R_#17.avi,True,640
True,True,True,uncertain,upscale1920,False,0.3311249893158674,1894,480,3.357144041935599,17,640,True,9.167624986730516,1.0536212310405386,uncertain,True,True,0.7557909702882171,9.608875028789043,10.617749998345971,4CM11_19_R_#17.avi,True,640
True,True,True,uncertain,upscale1920,False,0.6334580248221755,1894,720,1.4700005807749124,17,960,True,9.022332960739732,0.5166214536743169,uncertain,True,True,0.30766602139919996,9.76391602307558,10.375458048656583,4CM11_19_R_#17.avi,True,960
False,False,True,uncertain,upscale1920,False,0.9794170036911964,1894,960,,,1280,True,9.581666090525687,,no_hand,False,True,1.9158750073984265,10.673042037524283,12.867457931861281,4CM11_19_R_#17.avi,True,1280
True,True,True,uncertain,upscale1920,False,1.469917013309896,1894,1440,0.0,19,1920,True,11.10433298163116,0.0,uncertain,True,True,0.07466599345207214,12.705834000371397,13.327833032235503,4CM11_19_R_#17.avi,True,1920
True,True,True,point,upscale1920,True,1.5957080759108067,1895,1440,0.0,21,1920,True,10.615249979309738,0.0,point,True,True,0.11666701175272465,12.337792082689703,12.975666904821992,4CM11_19_R_#17.avi,True,1920
True,True,True,point,upscale1920,True,1.1169579811394215,1895,960,1.2129655924973861,21,1280,True,9.487042087130249,0.7026545094239386,point,True,True,1.9953749142587185,10.771207977086306,13.37258389685303,4CM11_19_R_#17.avi,True,1280
True,True,True,point,upscale1920,True,0.7239999249577522,1895,720,0.980748520330926,21,960,True,9.423624956980348,0.6473249511461139,point,True,True,0.48641697503626347,10.267374920658767,11.131291976198554,4CM11_19_R_#17.avi,True,960
True,True,True,point,upscale1920,True,0.3435419639572501,1895,480,3.1239048428026397,21,640,True,9.041541954502463,0.5722435302199939,point,True,True,0.8478329982608557,9.539250051602721,10.774833033792675,4CM11_19_R_#17.avi,True,640
True,True,True,point,upscale1920,True,0.33120799344033003,1896,480,3.3954221903792337,21,640,True,9.561584098264575,2.8430786883683092,point,True,True,0.7749580545350909,10.018207947723567,11.097125010564923,4CM11_19_R_#17.avi,False,640
True,True,True,point,upscale1920,True,0.6068750517442822,1896,720,3.2997506653118345,21,960,True,8.892958983778954,1.9278738655441812,point,True,True,0.2501249546185136,9.624458034522831,10.231042047962546,4CM11_19_R_#17.avi,False,960
True,True,True,point,upscale1920,True,1.1476250365376472,1896,960,2.5145108022315643,21,1280,True,9.38883307389915,2.604967754830382,point,True,True,2.006000024266541,10.660542058758438,13.123666984029114,4CM11_19_R_#17.avi,False,1280
True,True,True,point,upscale1920,True,1.7679160227999091,1896,1440,0.0,21,1920,True,10.693582938984036,0.0,point,True,True,0.028374954126775265,12.587583041749895,13.167082914151251,4CM11_19_R_#17.avi,False,1920
True,True,True,victory,upscale1920,True,1.86925008893013,1897,1440,0.0,21,1920,True,11.046500061638653,0.0,victory,True,True,0.19991700537502766,13.069292064756155,13.901125057600439,4CM11_19_R_#17.avi,False,1920
True,True,True,victory,upscale1920,True,1.2315419735386968,1897,960,1.2925592737797524,21,1280,True,9.680167073383927,0.8130746953376828,victory,True,True,1.9958749180659652,11.030207970179617,13.539290986955166,4CM11_19_R_#17.avi,False,1280
True,True,True,victory,upscale1920,True,0.6859170971438289,1897,720,1.9402976222124564,21,960,True,9.191124932840466,1.2587488724729554,victory,True,True,0.3689998993650079,9.989500045776367,10.697832913137972,4CM11_19_R_#17.avi,False,960
True,True,True,victory,upscale1920,True,0.3133330028504133,1897,480,0.5359105218582007,21,640,True,8.908707997761667,0.413970729762441,victory,True,True,0.838667037896812,9.328874992206693,10.456457966938615,4CM11_19_R_#17.avi,False,640
True,True,True,victory,upscale1920,True,0.2972499933093786,1898,480,0.758410068586854,21,640,True,8.89924995135516,1.3475328951673768,victory,True,True,0.6833340739831328,9.304207982495427,10.25033404584974,4CM11_19_R_#17.avi,False,640
True,True,True,victory,upscale1920,True,0.583333894610405,1898,720,1.9663557703142052,21,960,True,9.219791973009706,1.4443163627438418,victory,True,True,0.27479196432977915,9.906666935421526,10.628000018186867,4CM11_19_R_#17.avi,False,960
True,True,True,victory,upscale1920,True,1.1993329972028732,1898,960,0.21817318812441058,21,1280,True,9.896959061734378,0.27201594349416736,victory,True,True,1.8034579697996378,11.205999995581806,13.56474997010082,4CM11_19_R_#17.avi,False,1280
True,True,True,victory,upscale1920,True,1.5928330831229687,1898,1440,0.0,21,1920,True,10.270582977682352,0.0,victory,True,True,0.12012501247227192,11.972917011007667,12.581916991621256,4CM11_19_R_#17.avi,False,1920
True,True,True,victory,upscale1920,True,1.6947919502854347,1899,1440,0.0,21,1920,True,10.34295791760087,0.0,victory,True,True,0.14054204802960157,12.17612496111542,12.825625017285347,4CM11_19_R_#17.avi,False,1920
True,True,True,victory,upscale1920,True,1.0190829634666443,1899,960,0.1590651928724419,21,1280,True,9.32416704017669,0.11785397773724841,victory,True,True,1.9624170381575823,10.498582967557013,12.903291964903474,4CM11_19_R_#17.avi,False,1280
True,True,True,victory,upscale1920,True,0.6118339952081442,1899,720,0.5831392036167488,21,960,True,9.377207956276834,0.3251046152335474,victory,True,True,0.33429195173084736,10.108834016136825,10.948124923743308,4CM11_19_R_#17.avi,False,960
True,True,True,victory,upscale1920,True,0.26929203886538744,1899,480,0.5228217080637517,21,640,True,9.079334093257785,0.4317857967647144,victory,True,True,0.9450840298086405,9.460084023885429,10.692792013287544,4CM11_19_R_#17.avi,False,640
True,True,True,victory,upscale1920,True,0.27795799542218447,1900,480,0.30409986167338704,21,640,True,8.753540925681591,0.1198262234409742,victory,True,True,0.8239579619839787,9.176000021398067,10.343458037823439,4CM11_19_R_#17.avi,False,640
True,True,True,victory,upscale1920,True,0.7119580404832959,1900,720,0.18785957878646403,21,960,True,8.946625050157309,0.25406237834605694,victory,True,True,0.40537503082305193,9.787667077034712,10.65220800228417,4CM11_19_R_#17.avi,False,960
True,True,True,victory,upscale1920,True,1.0810830863192677,1900,960,0.118408449543198,21,1280,True,9.632583009079099,0.08646477342322251,victory,True,True,2.818834036588669,10.920750093646348,14.328749966807663,4CM11_19_R_#17.avi,False,1280
True,True,True,victory,upscale1920,True,1.7854589968919754,1900,1440,0.0,21,1920,True,10.320083005353808,0.0,victory,True,True,0.10254106018692255,12.227125000208616,12.82812503632158,4CM11_19_R_#17.avi,False,1920
True,True,True,victory,upscale1920,True,1.6678330721333623,1901,1440,0.0,21,1920,True,10.18504099920392,0.0,victory,True,True,0.11920800898224115,11.974250082857907,12.646916904486716,4CM11_19_R_#17.avi,False,1920
True,True,True,victory,upscale1920,True,0.9474579710513353,1901,960,1.7259733730160243,21,1280,True,9.215291938744485,1.2480146639462972,victory,True,True,1.7052500043064356,10.28991595376283,12.485708924941719,4CM11_19_R_#17.avi,False,1280
True,True,True,victory,upscale1920,True,0.6715829949826002,1901,720,0.16993761503456045,21,960,True,9.033208014443517,0.09853476015300551,victory,True,True,0.37829193752259016,9.823041968047619,10.58841694612056,4CM11_19_R_#17.avi,False,960
True,True,True,victory,upscale1920,True,0.3201669314876199,1901,480,0.2888700270156373,21,640,True,8.562125032767653,0.21843714422761176,victory,True,True,0.8858750807121396,8.980416925624013,10.103416047059,4CM11_19_R_#17.avi,False,640
True,True,True,victory,upscale1920,True,0.2887919545173645,1902,480,0.35159279042171016,21,640,True,8.628832991234958,0.3272215785959523,victory,True,True,0.5866249557584524,9.030207991600037,9.935291949659586,4CM11_19_R_#17.avi,False,640
True,True,True,victory,upscale1920,True,0.6711670430377126,1902,720,0.33348189742127865,21,960,True,8.915290934965014,0.3997894988560749,victory,True,True,0.3517080331221223,9.764500078745186,10.65066596493125,4CM11_19_R_#17.avi,False,960
True,True,True,victory,upscale1920,True,1.0577499633654952,1902,960,0.161022453665723,21,1280,True,9.275957942008972,0.20462699373748422,victory,True,True,1.8823749851435423,10.44695801101625,12.770542060025036,4CM11_19_R_#17.avi,False,1280
True,True,True,victory,upscale1920,True,1.6562079545110464,1902,1440,0.0,21,1920,True,9.816624922677875,0.0,victory,True,True,0.06941694300621748,11.591749964281917,12.176249991171062,4CM11_19_R_#17.avi,False,1920
True,True,True,victory,upscale1920,True,1.530459034256637,1903,1440,0.0,21,1920,True,9.191708057187498,0.0,victory,True,True,0.07454201113432646,10.84958401042968,11.417250032536685,4CM11_19_R_#17.avi,False,1920
True,True,True,victory,upscale1920,True,1.0457920143380761,1903,960,0.3527249091444561,21,1280,True,8.117916993796825,0.4239639854886243,victory,True,True,1.978082931600511,9.268374997191131,11.778415995649993,4CM11_19_R_#17.avi,False,1280
True,True,True,victory,upscale1920,True,0.6632080767303705,1903,720,0.3055075313374008,21,960,True,7.492750068195164,0.24842793246899797,victory,True,True,0.39720803033560514,8.265833021141589,9.013707982376218,4CM11_19_R_#17.avi,False,960
True,True,True,victory,upscale1920,True,0.3513749688863754,1903,480,0.41229890929581403,21,640,True,7.5755000580102205,0.2861835675834906,victory,True,True,0.8984169689938426,8.031166973523796,9.194209007546306,4CM11_19_R_#17.avi,False,640
True,True,True,victory,upscale1920,True,0.2570840297266841,1904,480,0.397024031021114,21,640,True,7.208666997030377,0.331672354952877,victory,True,True,0.7607080042362213,7.579209050163627,8.626166032627225,4CM11_19_R_#17.avi,False,640
True,True,True,victory,upscale1920,True,0.5930830957368016,1904,720,0.2744391692701578,21,960,True,7.555749965831637,0.30292760542689606,victory,True,True,0.23083307314664125,8.266542106866837,8.863125112839043,4CM11_19_R_#17.avi,False,960
True,True,True,victory,upscale1920,True,1.0957500198855996,1904,960,0.3150752831256258,21,1280,True,8.123249979689717,0.40645574527627276,victory,True,True,2.6723749469965696,9.34058299753815,12.54062494263053,4CM11_19_R_#17.avi,False,1280
True,True,True,victory,upscale1920,True,1.7708750674501061,1904,1440,0.0,21,1920,True,9.070417028851807,0.0,victory,True,True,0.09324995335191488,10.973416967317462,11.627333937212825,4CM11_19_R_#17.avi,False,1920
True,True,True,victory,upscale1920,True,1.6666660085320473,1905,1440,0.0,21,1920,True,9.229834075085819,0.0,victory,True,True,0.13458298053592443,11.031291098333895,11.790374992415309,4CM11_19_R_#17.avi,False,1920
True,True,True,victory,upscale1920,True,1.1196249397471547,1905,960,0.3069217920284756,21,1280,True,7.924458011984825,0.28886409100800237,victory,True,True,2.022917033173144,9.17645893059671,11.65375008713454,4CM11_19_R_#17.avi,False,1280
True,True,True,victory,upscale1920,True,0.714167021214962,1905,720,0.1989035523966548,21,960,True,7.846207940019667,0.16172735681304948,victory,True,True,0.5924999713897705,8.668791968375444,9.768999996595085,4CM11_19_R_#17.avi,False,960
True,True,True,victory,upscale1920,True,0.34608307760208845,1905,480,0.273026255629646,21,640,True,7.557291071861982,0.12351140451951174,victory,True,True,0.8515419904142618,8.003833005204797,9.125457960180938,4CM11_19_R_#17.avi,False,640
True,True,True,victory,upscale1920,True,0.3292500041425228,1906,480,0.41701298014280735,21,640,True,7.672417093999684,0.396856988797015,victory,True,True,0.7584170671179891,8.15362494904548,9.281667065806687,4CM11_19_R_#17.avi,False,640
True,True,True,victory,upscale1920,True,0.7184160640463233,1906,720,0.16914045113409037,21,960,True,7.589000044390559,0.012286656680194106,victory,True,True,0.3922919277101755,8.428500033915043,9.197457926347852,4CM11_19_R_#17.avi,False,960
True,True,True,victory,upscale1920,True,1.1972079519182444,1906,960,0.20745505623677016,21,1280,True,7.735208957456052,0.3123843834366118,victory,True,True,2.245499985292554,9.050457971170545,11.744415969587862,4CM11_19_R_#17.avi,False,1280
True,True,True,victory,upscale1920,True,1.7114169895648956,1906,1440,0.0,21,1920,True,8.812625077553093,0.0,victory,True,True,0.18312502652406693,10.64341701567173,11.354416026733816,4CM11_19_R_#17.avi,False,1920
True,True,True,victory,upscale1920,True,1.6789999790489674,1907,1440,0.0,21,1920,True,9.223082917742431,0.0,victory,True,True,0.19945797976106405,11.035333969630301,11.761875008232892,4CM11_19_R_#17.avi,False,1920
True,True,True,victory,upscale1920,True,1.004332909360528,1907,960,1.4640333494679978,21,1280,True,8.135540992952883,1.2406719584026629,victory,True,True,1.7953339265659451,9.25849995110184,11.551624978892505,4CM11_19_R_#17.avi,False,1280
True,True,True,victory,upscale1920,True,0.6672920426353812,1907,720,0.134482251956692,21,960,True,7.757999934256077,0.11114266307706229,victory,True,True,0.3702499670907855,8.53758305311203,9.280666941776872,4CM11_19_R_#17.avi,False,960
True,True,True,victory,upscale1920,True,0.24087494239211082,1907,480,1.4599623442126521,21,640,True,7.2949170134961605,1.2250546642632816,victory,True,True,1.018584007397294,7.652041967958212,9.0005419915542,4CM11_19_R_#17.avi,False,640
True,True,True,victory,upscale1920,True,0.36637496668845415,1908,480,0.4529761369459926,21,640,True,6.60033302847296,0.16695710177509443,victory,True,True,0.7929170969873667,7.128458004444838,8.283875067718327,4CM11_19_R_#17.avi,False,640
True,True,True,victory,upscale1920,True,0.6872079102322459,1908,720,1.415530172457022,21,960,True,7.083415985107422,1.129544253379551,victory,True,True,0.34600007347762585,7.881374913267791,8.580291061662138,4CM11_19_R_#17.avi,False,960
True,True,True,victory,upscale1920,True,1.111250021494925,1908,960,0.17590619943775787,21,1280,True,7.182541070505977,0.0749820571233657,victory,True,True,2.129458007402718,8.395584067329764,10.963333072140813,4CM11_19_R_#17.avi,False,1280
True,True,True,victory,upscale1920,True,1.505749998614192,1908,1440,0.0,21,1920,True,8.627166971564293,0.0,victory,True,True,0.040958053432404995,10.248167091049254,10.765250073745847,4CM11_19_R_#17.avi,False,1920
True,True,True,victory,upscale1920,True,1.6366669442504644,1909,1440,0.0,21,1920,True,8.396915975026786,0.0,victory,True,True,0.17804198432713747,10.156166972592473,10.855459026060998,4CM11_19_R_#17.avi,False,1920
True,True,True,victory,upscale1920,True,1.135125057771802,1909,960,0.23827742052892803,21,1280,True,7.082667085342109,0.10225609815635868,victory,True,True,2.0401249639689922,8.332957979291677,10.770792025141418,4CM11_19_R_#17.avi,False,1280
True,True,True,victory,upscale1920,True,0.708041014149785,1909,720,0.26876307699302887,21,960,True,7.323874975554645,0.2466467869189956,victory,True,True,0.36687497049570084,8.135249954648316,9.07770893536508,4CM11_19_R_#17.avi,False,960
True,True,True,victory,upscale1920,True,0.34849997609853745,1909,480,0.4279372165273217,21,640,True,6.358957965858281,0.25004602231488315,victory,True,True,0.8795830653980374,6.820249953307211,7.9790831077843904,4CM11_19_R_#17.avi,False,640
True,True,True,victory,upscale1920,True,0.32691704109311104,1910,480,0.4408990965518767,21,640,True,6.758166942745447,0.2830736634094324,victory,True,True,0.7696669781580567,7.192083052359521,8.215875015594065,4CM11_19_R_#17.avi,False,640
True,True,True,victory,upscale1920,True,0.7301670266315341,1910,720,0.41418199849695825,21,960,True,6.918417057022452,0.40595779604698673,victory,True,True,0.2223330084234476,7.756875013001263,8.294540923088789,4CM11_19_R_#17.avi,False,960
True,True,True,victory,upscale1920,True,1.1274589924141765,1910,960,0.35982867441785144,21,1280,True,7.325625047087669,0.3480163683371799,victory,True,True,1.9672499038279057,8.559209061786532,11.031041969545186,4CM11_19_R_#17.avi,False,1280
True,True,True,victory,upscale1920,True,1.6103750094771385,1910,1440,0.0,21,1920,True,8.0618339125067,0.0,victory,True,True,0.11083297431468964,9.79570799972862,10.408333037048578,4CM11_19_R_#17.avi,False,1920
True,True,True,victory,upscale1920,True,1.6721669817343354,1911,1440,0.0,21,1920,True,8.62320908345282,0.0,victory,True,True,0.1271250657737255,10.408999980427325,11.047416017390788,4CM11_19_R_#17.avi,False,1920
True,True,True,victory,upscale1920,True,1.1396660702303052,1911,960,1.6343593135253947,21,1280,True,7.324832957237959,1.7599993826289615,victory,True,True,1.9829999655485153,8.577916072681546,10.98137500230223,4CM11_19_R_#17.avi,False,1280
True,True,True,victory,upscale1920,True,0.6941249594092369,1911,720,1.5136279833073993,21,960,True,6.876750034280121,1.6468764240500957,victory,True,True,0.5878329975530505,7.676541921682656,8.609707932919264,4CM11_19_R_#17.avi,False,960
True,True,True,victory,upscale1920,True,0.35012501757591963,1911,480,0.3561360321639396,21,640,True,6.943041109479964,0.32375052522652714,victory,True,True,0.890791998244822,7.400500006042421,8.550917031243443,4CM11_19_R_#17.avi,False,640
True,True,True,victory,upscale1920,True,0.2287080278620124,1912,480,0.33383538421008796,21,640,True,6.679082987830043,0.25778307047424975,victory,True,True,0.7542920066043735,7.03729095403105,8.08574992697686,4CM11_19_R_#17.avi,False,640
True,True,True,victory,upscale1920,True,0.645332969725132,1912,720,1.420462526991816,21,960,True,7.343792007304728,0.6807987879034659,victory,True,True,0.28545898385345936,8.09174997266382,8.78691696561873,4CM11_19_R_#17.avi,False,960
True,True,True,victory,upscale1920,True,1.0702080326154828,1912,960,0.35831352209615547,21,1280,True,7.242041057907045,0.3217219784822672,victory,True,True,2.0247920183464885,8.414082927629352,10.82750002387911,4CM11_19_R_#17.avi,False,1280
True,True,True,victory,upscale1920,True,1.5530840028077364,1912,1440,0.0,21,1920,True,8.221875061281025,0.0,victory,True,True,0.0601249048486352,9.893917012959719,10.453540948219597,4CM11_19_R_#17.avi,False,1920
True,True,True,victory,upscale1920,True,1.5439160633832216,1913,1440,0.0,21,1920,True,7.839375059120357,0.0,victory,True,True,0.11245801579207182,9.503958048298955,10.11416595429182,4CM11_19_R_#17.avi,False,1920
True,True,True,victory,upscale1920,True,1.06712500564754,1913,960,0.1458248609046564,21,1280,True,7.174916914664209,0.16276766095331613,victory,True,True,1.8711669836193323,8.349000010639429,10.624833055771887,4CM11_19_R_#17.avi,False,1280
True,True,True,victory,upscale1920,True,0.5942080169916153,1913,720,0.15073261791900933,21,960,True,6.746458006091416,0.13570116560070658,victory,True,True,0.4889590200036764,7.444874965585768,8.361083921045065,4CM11_19_R_#17.avi,False,960
True,True,True,victory,upscale1920,True,0.3149169497191906,1913,480,0.3406015666027593,21,640,True,6.954750046133995,0.06483025044188163,victory,True,True,0.6941249594092369,7.376624969765544,8.300040964968503,4CM11_19_R_#17.avi,False,640
True,True,True,victory,upscale1920,True,0.32712507527321577,1914,480,0.6764544835754636,21,640,True,6.704750005155802,0.7585793189629494,victory,True,True,0.7397499866783619,7.138040964491665,8.146708947606385,4CM11_19_R_#17.avi,False,640
True,True,True,victory,upscale1920,True,0.7342079188674688,1914,720,0.743113367562424,21,960,True,6.392749957740307,0.47835923190329777,victory,True,True,0.3848340129479766,7.231542025692761,7.93645903468132,4CM11_19_R_#17.avi,False,960
True,True,True,victory,upscale1920,True,1.0903339134529233,1914,960,0.16453309075004188,21,1280,True,6.486042053438723,0.07010155732042062,victory,True,True,1.9852080149576068,7.682333933189511,10.05608297418803,4CM11_19_R_#17.avi,False,1280
True,True,True,victory,upscale1920,True,1.6774999676272273,1914,1440,0.0,21,1920,True,7.490332936868072,0.0,victory,True,True,0.0475830165669322,9.29924997035414,9.896165924146771,4CM11_19_R_#17.avi,False,1920
True,True,True,victory,upscale1920,True,1.4830830041319132,1915,1440,0.0,21,1920,True,7.736208033747971,0.0,victory,True,True,0.10483397636562586,9.33087500743568,9.889459004625678,4CM11_19_R_#17.avi,False,1920
True,True,True,victory,upscale1920,True,1.0758329881355166,1915,960,0.1044580351066691,21,1280,True,6.437000003643334,0.06010113651983793,victory,True,True,2.0440840162336826,7.624999969266355,10.053750011138618,4CM11_19_R_#17.avi,False,1280
True,True,True,victory,upscale1920,True,0.6811670027673244,1915,720,0.122566538828186,21,960,True,6.193915964104235,0.13916325147432398,victory,True,True,0.5160829750820994,6.99137500487268,8.087791036814451,4CM11_19_R_#17.avi,False,960
True,True,True,victory,upscale1920,True,0.2947079483419657,1915,480,1.0023416310650148,21,640,True,6.526209064759314,1.0125144938004416,victory,True,True,0.8185829501599073,6.915624951943755,7.945040939375758,4CM11_19_R_#17.avi,False,640
True,True,True,victory,upscale1920,True,0.34733302891254425,1916,480,0.21718369290277306,21,640,True,6.324000074528158,0.055374716290380606,victory,True,True,0.7478330517187715,6.7765830317512155,7.768833078444004,4CM11_19_R_#17.avi,False,640
True,True,True,victory,upscale1920,True,0.6613750010728836,1916,720,0.21423108625501122,21,960,True,6.187584018334746,0.06877463576095241,victory,True,True,0.27279090136289597,6.94841705262661,7.509249961003661,4CM11_19_R_#17.avi,False,960
True,True,True,victory,upscale1920,True,1.0278329718858004,1916,960,0.18689598474920105,21,1280,True,6.725583923980594,0.18343260965986494,victory,True,True,1.9526670221239328,7.8798329923301935,10.362416971474886,4CM11_19_R_#17.avi,False,1280
True,True,True,victory,upscale1920,True,1.6125839902088046,1916,1440,0.0,21,1920,True,7.249749964103103,0.0,victory,True,True,0.07399998139590025,8.982958970591426,9.560749982483685,4CM11_19_R_#17.avi,False,1920
True,True,True,victory,upscale1920,True,1.6221250407397747,1917,1440,0.0,21,1920,True,7.4942909413948655,0.0,victory,True,True,0.10487495455890894,9.26087494008243,9.927915991283953,4CM11_19_R_#17.avi,False,1920
True,True,True,victory,upscale1920,True,1.1002500541508198,1917,960,0.2839940208897954,21,1280,True,6.80199998896569,0.21066332270901555,victory,True,True,1.996958046220243,8.017917047254741,10.658749961294234,4CM11_19_R_#17.avi,False,1280
True,True,True,victory,upscale1920,True,0.6036249687895179,1917,720,0.25651463282177955,21,960,True,6.076542078517377,0.22832627662015678,victory,True,True,0.40900008752942085,6.790957995690405,7.685959106311202,4CM11_19_R_#17.avi,False,960
True,True,True,victory,upscale1920,True,0.3483749460428953,1917,480,1.2712153874143086,21,640,True,6.255957996472716,1.0527852220908693,victory,True,True,0.8681670296937227,6.7091669188812375,7.8240419970825315,4CM11_19_R_#17.avi,False,640
True,True,True,victory,upscale1920,True,0.27950003277510405,1918,480,1.3450215695909875,21,640,True,5.604665959253907,1.1702250510628283,victory,True,True,0.7030840497463942,5.992208025418222,6.9404999958351254,4CM11_19_R_#17.avi,False,640
True,True,True,victory,upscale1920,True,0.5612499080598354,1918,720,0.28656830205943895,21,960,True,6.314250058494508,0.36692518391510653,victory,True,True,0.3012910019606352,6.9824999663978815,7.6373330084607005,4CM11_19_R_#17.avi,False,960
True,True,True,victory,upscale1920,True,1.141624990850687,1918,960,0.30191860375407586,21,1280,True,6.2767090275883675,0.30222456937562175,victory,True,True,2.0204168977215886,7.535542012192309,10.047541931271553,4CM11_19_R_#17.avi,False,1280
True,True,True,victory,upscale1920,True,1.734166988171637,1918,1440,0.0,21,1920,True,7.579541997984052,0.0,victory,True,True,0.11979101691395044,9.431874961592257,10.07575006224215,4CM11_19_R_#17.avi,False,1920
True,True,True,victory,upscale1920,True,1.5421659918501973,1919,1440,0.0,21,1920,True,7.327041937969625,0.0,victory,True,True,0.09729107841849327,8.987208013422787,9.568082983605564,4CM11_19_R_#17.avi,False,1920
True,True,True,victory,upscale1920,True,0.9673329768702388,1919,960,0.30213414987612514,21,1280,True,6.774624926038086,0.3079798455324937,victory,True,True,2.225707983598113,7.852040929719806,10.489000007510185,4CM11_19_R_#17.avi,False,1280
True,True,True,victory,upscale1920,True,0.6281250389292836,1919,720,0.09184334056818375,21,960,True,6.911624921485782,0.091708154682208,victory,True,True,0.35195902455598116,7.645250065252185,8.357084007002413,4CM11_19_R_#17.avi,False,960
True,True,True,victory,upscale1920,True,0.33962505403906107,1919,480,0.3408352238273859,21,640,True,6.14745810162276,0.357977258655428,victory,True,True,0.7917080074548721,6.584917078725994,7.6824999414384365,4CM11_19_R_#17.avi,False,640
True,True,True,victory,upscale1920,True,0.27000007685273886,1920,480,0.3221173742520175,21,640,True,5.630917032249272,0.27034375532633226,victory,True,True,0.5885829450562596,6.005999981425703,6.844374933280051,4CM11_19_R_#17.avi,False,640
True,True,True,victory,upscale1920,True,0.628374982625246,1920,720,0.10831251118156929,21,960,True,7.007790962234139,0.12462700036976469,victory,True,True,0.3390420461073518,7.736333063803613,8.381417021155357,4CM11_19_R_#17.avi,False,960
True,True,True,victory,upscale1920,True,0.967416912317276,1920,960,0.1150126763188517,21,1280,True,6.65029208175838,0.07656982135070284,victory,True,True,2.0944159477949142,7.741499925032258,10.322832968086004,4CM11_19_R_#17.avi,False,1280
True,True,True,victory,upscale1920,True,1.6142500098794699,1920,1440,0.0,21,1920,True,7.728249998763204,0.0,victory,True,True,0.049332971684634686,9.479167056269944,10.055665974505246,4CM11_19_R_#17.avi,False,1920
True,True,True,victory,upscale1920,True,1.6487910179421306,1921,1440,0.0,21,1920,True,7.5593749061226845,0.0,victory,True,True,0.09620795026421547,9.362832992337644,10.050707962363958,4CM11_19_R_#17.avi,False,1920
True,True,True,victory,upscale1920,True,1.0694579686969519,1921,960,0.2652766231833624,21,1280,True,7.029875065200031,0.2656418298969791,victory,True,True,1.9915830343961716,8.212583023123443,10.624416987411678,4CM11_19_R_#17.avi,False,1280
True,True,True,victory,upscale1920,True,0.5846249405294657,1921,720,0.3116956682354243,21,960,True,5.780459032393992,0.2825166681409057,victory,True,True,0.4927079426124692,6.469917017966509,7.318750023841858,4CM11_19_R_#17.avi,False,960
True,True,True,victory,upscale1920,True,0.31712499912828207,1921,480,0.4500044071779531,21,640,True,6.115959025919437,0.48875455008366664,victory,True,True,0.7942499360069633,6.547583034262061,7.5992499478161335,4CM11_19_R_#17.avi,False,640
True,True,True,victory,upscale1920,True,0.25062495842576027,1922,480,1.0055046627973852,21,640,True,5.66016708035022,0.6398283181349848,victory,True,True,0.7003330392763019,6.01562496740371,6.957957986742258,4CM11_19_R_#17.avi,False,640
True,True,True,victory,upscale1920,True,0.6147079402580857,1922,720,1.1598658509870807,21,960,True,6.037791958078742,0.8669075992412415,victory,True,True,0.2282080240547657,6.761582917533815,7.356915972195566,4CM11_19_R_#17.avi,False,960
True,True,True,victory,upscale1920,True,1.0709590278565884,1922,960,1.2776182489687893,21,1280,True,6.346957990899682,0.9164973683243446,victory,True,True,2.1736660273745656,7.541125058196485,10.156875010579824,4CM11_19_R_#17.avi,False,1280
True,True,True,victory,upscale1920,True,1.6330420039594173,1922,1440,0.0,21,1920,True,7.827791036106646,0.0,victory,True,True,0.04137493669986725,9.567999979481101,10.077124927192926,4CM11_19_R_#17.avi,False,1920
True,True,True,victory,upscale1920,True,1.7137499526143074,1923,1440,0.0,21,1920,True,7.46854196768254,0.0,victory,True,True,0.10845903307199478,9.2975830193609,9.902667021378875,4CM11_19_R_#17.avi,False,1920
True,True,True,victory,upscale1920,True,0.9504159679636359,1923,960,1.5507708386334955,21,1280,True,6.604291964322329,1.4934144103750806,victory,True,True,1.6072089783847332,7.6835829531773925,9.7957500256598,4CM11_19_R_#17.avi,False,1280
True,True,True,victory,upscale1920,True,0.6535000866279006,1923,720,1.5177994112485724,21,960,True,5.853458074852824,1.5781684705376295,victory,True,True,0.36012509372085333,6.6047090804204345,7.320958073250949,4CM11_19_R_#17.avi,False,960
True,True,True,victory,upscale1920,True,0.30979199800640345,1923,480,1.1522499348345383,21,640,True,6.188750034198165,0.9058069753779503,victory,True,True,0.7919999770820141,6.604125024750829,7.6998749282211065,4CM11_19_R_#17.avi,False,640
True,True,True,victory,upscale1920,True,0.3444170579314232,1924,480,0.6757616940259178,21,640,True,6.028000032529235,0.3332724522348539,victory,True,True,0.6496250862255692,6.5004590433090925,7.446791976690292,4CM11_19_R_#17.avi,False,640
True,True,True,victory,upscale1920,True,0.6365419831126928,1924,720,0.12248619033187155,21,960,True,6.019292050041258,0.06335942585887379,victory,True,True,0.2900839317589998,6.7914590472355485,7.507000002078712,4CM11_19_R_#17.avi,False,960
True,True,True,victory,upscale1920,True,1.031624968163669,1924,960,0.054947366887473446,21,1280,True,6.16037508007139,0.027642246359521692,victory,True,True,2.1150000393390656,7.29550002142787,9.844333049841225,4CM11_19_R_#17.avi,False,1280
True,True,True,victory,upscale1920,True,1.7087090527638793,1924,1440,0.0,21,1920,True,7.1309159975498915,0.0,victory,True,True,0.10599999222904444,8.954084012657404,9.605541010387242,4CM11_19_R_#17.avi,False,1920
True,True,True,victory,upscale1920,True,1.7010000301524997,1925,1440,0.0,21,1920,True,7.609958993270993,0.0,victory,True,True,0.12324994895607233,9.419500012882054,10.018707951530814,4CM11_19_R_#17.avi,False,1920
True,True,True,victory,upscale1920,True,1.0679160477593541,1925,960,0.36402802307414084,21,1280,True,6.490166066214442,0.21676335091186202,victory,True,True,1.6918339533731341,7.671416038647294,9.858208941295743,4CM11_19_R_#17.avi,False,1280
True,True,True,victory,upscale1920,True,0.6682920502498746,1925,720,0.10120410887310043,21,960,True,6.354624987579882,0.05688030945965778,victory,True,True,0.37650007288903,7.12487509008497,7.8147080494090915,4CM11_19_R_#17.avi,False,960
True,True,True,victory,upscale1920,True,0.3189169801771641,1925,480,0.2563264510373773,21,640,True,6.030624965205789,0.31186741910785015,victory,True,True,0.7382920011878014,6.455958005972207,7.475416990928352,4CM11_19_R_#17.avi,False,640
True,True,True,victory,upscale1920,True,0.3134590806439519,1926,480,0.26478531623266294,21,640,True,5.940707982517779,0.34509861428482946,victory,True,True,0.7096669869497418,6.380167091265321,7.370125036686659,4CM11_19_R_#17.avi,False,640
True,True,True,victory,upscale1920,True,0.7512919837608933,1926,720,0.07629757558280616,21,960,True,6.162708974443376,0.023717916678050573,victory,True,True,0.3428329946473241,7.056958973407745,7.769708056002855,4CM11_19_R_#17.avi,False,960
True,True,True,victory,upscale1920,True,1.090208999812603,1926,960,1.0302884522373563,21,1280,True,6.538541056215763,0.39040446400644213,victory,True,True,1.9972081063315272,7.732958998531103,10.206875042058527,4CM11_19_R_#17.avi,False,1280
True,True,True,victory,upscale1920,True,1.7043750267475843,1926,1440,0.0,21,1920,True,7.652250002138317,0.0,victory,True,True,0.060875085182487965,9.464959031902254,9.971083025448024,4CM11_19_R_#17.avi,False,1920
True,True,True,victory,upscale1920,True,1.5465000178664923,1927,1440,0.0,21,1920,True,7.55887501873076,0.0,victory,True,True,0.0950000248849392,9.2160829808563,9.735582978464663,4CM11_19_R_#17.avi,False,1920
True,True,True,victory,upscale1920,True,1.028291997499764,1927,960,0.2015188534139775,21,1280,True,6.597375031560659,0.1686543131944315,victory,True,True,2.146541024558246,7.756750099360943,10.366749949753284,4CM11_19_R_#17.avi,False,1280
True,True,True,victory,upscale1920,True,0.7058749906718731,1927,720,0.2374785224859932,21,960,True,6.450874963775277,0.19051025159164992,victory,True,True,0.3565839724615216,7.260625017806888,7.946583908051252,4CM11_19_R_#17.avi,False,960
True,True,True,victory,upscale1920,True,0.3024580655619502,1927,480,0.16473000319755612,21,640,True,5.895582959055901,0.19733233559646007,victory,True,True,0.6242499221116304,6.302500027231872,7.324332953430712,4CM11_19_R_#17.avi,False,640
True,True,True,victory,upscale1920,True,0.34070899710059166,1928,480,0.1694495539654232,21,640,True,6.023959023877978,0.25084615029900065,victory,True,True,0.831749988719821,6.473459070548415,7.558666984550655,4CM11_19_R_#17.avi,False,640
True,True,True,victory,upscale1920,True,0.7166250143200159,1928,720,0.24737398872190244,21,960,True,6.58445805311203,0.2287015652032286,victory,True,True,0.40845805779099464,7.415333064273,8.369249990209937,4CM11_19_R_#17.avi,False,960
True,True,True,victory,upscale1920,True,1.1026670690625906,1928,960,0.19298504509156614,21,1280,True,6.6494999919086695,0.16781072773400757,victory,True,True,1.9861659966409206,7.860667072236538,10.229666018858552,4CM11_19_R_#17.avi,False,1280
True,True,True,victory,upscale1920,True,1.5921250451356173,1928,1440,0.0,21,1920,True,7.274791947565973,0.0,victory,True,True,0.06491702515631914,9.003916988149285,9.601583005860448,4CM11_19_R_#17.avi,False,1920
True,True,True,victory,upscale1920,True,1.7507919110357761,1929,1440,0.0,21,1920,True,8.209874969907105,0.0,victory,True,True,0.14408305287361145,10.09845791850239,10.77012496534735,4CM11_19_R_#17.avi,False,1920
True,True,True,victory,upscale1920,True,1.0853749699890614,1929,960,0.12762978492003577,21,1280,True,6.791124935261905,0.10947540518662148,victory,True,True,1.99141597840935,7.9934169771149755,10.420957929454744,4CM11_19_R_#17.avi,False,1280
True,True,True,victory,upscale1920,True,0.6194580346345901,1929,720,0.20557716922933744,21,960,True,6.380541017279029,0.20634896399940675,victory,True,True,0.4291669465601444,7.11066706571728,8.034999947994947,4CM11_19_R_#17.avi,False,960
True,True,True,victory,upscale1920,True,0.3014160320162773,1929,480,0.312427396109988,21,640,True,6.195250083692372,0.20245415743121306,victory,True,True,0.7817079313099384,6.614666082896292,7.708083023317158,4CM11_19_R_#17.avi,False,640
True,True,True,victory,upscale1920,True,0.32729096710681915,1930,480,0.2639925666455798,21,640,True,6.427124957554042,0.1687560082499184,victory,True,True,0.8116669487208128,6.878625019453466,7.992957951501012,4CM11_19_R_#17.avi,False,640
True,True,True,victory,upscale1920,True,0.6728749722242355,1930,720,0.24348965981046944,21,960,True,6.469625048339367,0.1951404799811444,victory,True,True,0.2930000191554427,7.270290981978178,8.034207974560559,4CM11_19_R_#17.avi,False,960
True,True,True,victory,upscale1920,True,1.1591670336201787,1930,960,0.1539561965678712,21,1280,True,6.752125103957951,0.14344542527334597,victory,True,True,2.2288340842351317,8.043917012400925,10.847958968952298,4CM11_19_R_#17.avi,False,1280
True,True,True,victory,upscale1920,True,1.6807080246508121,1930,1440,0.0,21,1920,True,7.2445840341970325,0.0,victory,True,True,0.04604097921401262,9.04862501192838,9.60091594606638,4CM11_19_R_#17.avi,False,1920
